:020000040030CA
:10000000D01CC8B75A0C200082C0041C0130001656
:100010000171800022FEFE0B200082C082C0760C9F
:10002000200081C1CA0C200001C0DA0B0000C340CF
:10003000F0003004208097B9DE0EEF0120A0E078B8
:10004000E07F05802F901090E07F29284000E07825
:10005000EAC24C700020810FD0FF000093BA4F0A13
:100060006400ED776C200D03412A8E014A200020A8
:100070003B0D851F370001E03308112000852B0858
:10008000810F44524648319512952928510022D9B2
:10009000BA0B6F00A1400C2100A02C71A1401E7171
:1000A000FD7030400847DD65E4F1E140CAC6E07804
:1000B000E07F0680E07F0380E07F0E90E07F048891
:1000C000E07F0588E07F0688E07F0C70E2C2A480B4
:0E00D00023807A0B6F00028039250010C2C613
:10040000C340F0003004208092B9E07F20A0E07863
:10041000E4C20846F2092000204010E8C341F00081
:10042000300400810ADDB2B8001900001208200073
:10043000C1408D25BF1FC574C4C6E078E2C208451F
:10044000008014770BF26E0CCFFF13081F02820C92
:10045000EFFF008503E8001DC11FC2C6E6C2820887
:1004600020000847AD70C34030000000210DB512D8
:1004700014770EF2DE0BCFFF0846E140A209200000
:10048000C1413E082000C140A571F2F1C6C6E07826
:10049000E4C22845620820000846C1403E09200009
:1004A000A141C14086082000A141C140C2082000EE
:1004B000A141C140F6082000A141C4C6E2C20845DE
:1004C00004710AE8020CEFFFA1400F08950296257F
:1004D000101003F0AD77A140C2C6E0784A248072C4
:1004E000A82000010418D10FE07EE0781470E07CB1
:1004F0000078E078E2C22845208100160370F00001
:100500003004004290E90C7310B8047BB0B8190BAA
:1005100001000082147705F40482147704F22A0B98
:10052000CFFF00A5C2C6E078E2C2284520819FE93E
:10053000038014771BF2120BCFFF00A5C343F0001A
:10054000300400834C7310BA50220104447811081F
:1005500060003D7900834478130841000083B0B8FF
:10056000B1B800A3008392B800A3C2C6E2C2284576
:10057000208103E9C2C6208034773C7004F40480F3
:100580001477FAF3C20ACFFF00A5C340F00030048D
:100590002080B0B9B1B920A0208091B920A02080DE
:1005A00092B920A0C2C6E078E2C22845208195E930
:1005B0000180147711F2920ACFFF00A5C340F0002A
:1005C00030042080B0B9B1B920A0208090B920A01B
:1005D000208092B920A0C2C6E2C228452081001620
:1005E0000270F00030048EE92C7310B9247AB1B98E
:1005F000110A41000180147704F24E0ACFFF00A5D2
:10060000C2C6E0788B200C8008F200168070F000E3
:100610000804E07F78200000E07F0C71E4C22845E8
:10062000247108460BE9A20AEFFFA1400F08B502AA
:10063000A140960ACFFF157EA0A6C4C6494E490226
:080640000000000000000000B2
:10200000464844520028030028203000EC3D0200DE
:1020100093154933FFFFFFFF000000000000282058
:1020200030007BFC0E850000DB44800028F9510560
:0220300040046A
:10240000D003100028AF300028AF300028AF3000D4
:1024100028AF300028AF300028AF300028AF3000A0
:1024200028AF300028AF300028AF300028AF300090
:1024300028AF300028AF300028AF300028AF300080
:10244000487C30000C7D300028AF3000382B100065
:10245000EC2B10002C83300028AF3000508230006D
:10246000F8833000508230005082300050823000BB
:102470005082300028AF3000C08430008C8A300099
:102480008C8A30008C8A30008C8A3000BC89300005
:102490005486300098853000242D1000002D100047
:1024A000FC2D1000D82D1000D07D3000688B30003E
:1024B000248C300028AF3000B07E3000D087300050
:1024C000747B30004481300060803000B82C1000F4
:1024D00028AF300028AF300028AF300028AF3000E0
:1024E0000C253000E8253000E0883000E08830001E
:1024F000E0883000E0883000E0883000E08830007C
:1025000028AF300028AF3000E078E07E6F273F0032
:10251000001E4170F000840AE1C0E1C1061600719E
:102520008000CC162F380000001681708000CC1679
:1025300091090300021681708000CC168509030002
:10254000011E02708000CC16E2C2FC1C88B7E1C4F8
:10255000FC1CC8B2FC1C88B2FC1C48B2FC1C08B2B3
:10256000FC1CC8B1FC1C88B1FC1C48B1FC1C08B1A7
:10257000E1C3E1C2FC1C88BEFC1CC8BEAA255610E3
:10258000E1C5AA25D610E1C56A25C010E1C56A25B6
:102590008010E1C5FC1C08BFDB473000CC256A2059
:1025A00080020420800F18001E408DB8E1C0C34097
:1025B000300094D0E1C06F243F004A260070E078DC
:1025C000C1C1C1C06F243F004A260070001E817047
:1025D000F000800A18D82F263F002020800F3000FE
:1025E000DA254A260070E0786F273F00001E8170D0
:1025F000F000840AA2C0C1C50A244073C1C56B257E
:102600008010C1C56B25C010C1C5AB25D610C1C592
:10261000AB25561004143B3404143A34C1C2C1C370
:102620000414043404140534041406340414073464
:10263000041408340414093404140A3404140B3444
:10264000C1C404141E34C2C2C1C1C1C06F243F0042
:102650004A2600704A240002150020006F220A005A
:102660006F220A002F2282004A24C0012F240090EA
:10267000C0226500412C03168C23C38F6200210009
:102680005320C1858E23828D97B9440021000C70A0
:10269000CE2324002E0024004E230C08B8E3CA21C8
:1026A0002900CC23EC87CA204900CA212900200038
:1026B00029000128C000002900031500200001297D
:1026C000C1009073220029000029C100512200801E
:1026D000E07D4E2000803279E07FC0216600D1226B
:1026E0002280C022620040413B78E07F1C780C7061
:1026F000E07F2C70E2C2CE09200008450430408300
:1027000045F70130800F803F0000C2C6E2C2260AB2
:102710002000084504770B08B500A140C2C60C7024
:102720000435009053F65225CD17420A2000A140EF
:10273000023502103FD918B90432408084F697B9A7
:10274000013040005220C007C2C6220A2000A1402A
:10275000023502103FD918B904324080C007EBFFA0
:1027600097B901304000C2C6E1C541800844C3406A
:10277000F07F000004220D0010750C7015F400A30A
:1027800041843FBA001C800041845322FE8404F43B
:1027900000841AE88021FE0EC3403200423309094A
:1027A000D4000474C2C45022FE87FEF52084FCE9E4
:1027B000001B41002184C340320040333FB9001C5C
:1027C0004000C2C48021FE0EC34032004A33D90902
:1027D000D4800474C2C4E078E1C541800844C34099
:1027E000F07F000004220D0010750C7015F400A39A
:1027F00041843FBA001C800041845322FE8404F4CB
:1028000000841AE88021FE0EC340320042330909D9
:10281000D4000474C2C45022FE87FEF52084FCE973
:10282000001B41002184C340320040333FB9001CEB
:102830004000C2C48021FE0EC34032004A33D90991
:10284000D4800474C2C4E0780180AD200505E07F27
:102850008020B0000180AD200505E07F8020B00021
:102860000041AD20C30D004280223E00150AD5056F
:1028700080207E02012E007000800000E07F24781E
:10288000E07FB820C10FE0782043AD230505684400
:10289000604280243010150C351D8022B000130AD0
:1028A000B3054023020308F0E07F78224000422372
:1028B00002050041012E807000800000E07F247836
:1028C0000041AD21C30D20428022BE00190A7200D2
:1028D00098E2E020CD0796DA6C77314A002B410070
:1028E000E07F2478E07F0C70E1C52844AD24051515
:1028F00081428022B00008451B0A72000C701B0A3E
:10290000B5056C778A22D004827A002B8200447944
:10291000C2C42C70C2C4170A750D8A22D00C6C7701
:10292000827A587B04234003C2C4A140C2C4E07829
:10293000E2C208455020FE8708F24A082000A14064
:1029400014700C7104F2C2C60C75C2C64208200095
:10295000A14014700C72F9F54E082000A1407820B7
:1029600000000473C2C6E078E2C25A0FEFFF0845C8
:1029700004304083C5F60130800F80BF0000C2C61E
:10298000BFB83820800F807F0000E07EFFDA17BAE2
:102990005320810544787921010038208000E07FB0
:1029A0002478E078E4C208455020FE87CD7016F206
:1029B000D6B80425811F807F00007920020078218D
:1029C00000004B780AF4BE0FEFFFA14086E8C20F6B
:1029D000EFFFA14078200E00C140C4C6E6C0110A36
:1029E00032002F2B810040234B0003F06D70002834
:1029F000CC024E230018757001290000002AC8027D
:102A0000C524091041280314052CC2100029CD0249
:102A1000CB430000FFFFB07E30BD1E32C00040231C
:102A20004910104C130BA410402801041E320F0251
:102A3000B9610F09C5037860ED08648244771A22F2
:102A4000000210BC9D65114D0529C0001E30CC0050
:102A500002210103130B241040290C041E300D0227
:102A6000DC640F0C45137961ED09648204770A2256
:102A700000704A2300701B2A4002C6C4084488EB39
:102A80000D09A50020405907EFFF8141C900200032
:102A90008140E078E8C228443470484500428141D2
:102AA00046F60C700E22028003200183110B3300C6
:102AB00068460C700E250D900320CE80412BCF0769
:102AC000412CD0178BEE1709650320404041A142ED
:102AD000C3FF0720FEA30EF4C8C64040A1427A08F7
:102AE0002000C1430720FEA3F8F30525BE93F6F3AB
:102AF0004C700E20808003224180C8C65322428140
:102B0000E07C4E22038816000C000128CC0000292E
:102B1000810000288000E07F85794E230300002893
:102B2000C100E07F0278E07853224281E07C4E22AF
:102B3000038816000C000029CC000129810001281F
:102B40008000E07F85784E2303000129C000E07FEC
:102B50002279E078310020008C70E0780721C400F1
:102B60002F2640F0AC70120026002F2404010E2006
:102B700040810325410074700C0003000E22428145
:102B80000325C300052385801601010068434844DE
:102B9000004220430A25C0824D701A000400C02262
:102BA0002118CA2501832F2F4101C0226310C022A2
:102BB000C311EC700A25C080C0272108140004004E
:102BC000CA2581802F284101C0276300C027030048
:102BD0000E278782CA272400E471E0454C2700882D
:102BE0002C70120024000C70404160426C7042272F
:102BF00007880A2440712A0001004E270A887C00B9
:102C00000100002980020129C101002A8502A0716A
:102C1000012AC201002B8502012BC301A0724C22A4
:102C2000009862000900A820C00500200080012152
:102C30004180012282800123C300022202830323F8
:102C4000C3820E000600002202830123C382C0203B
:102C500066009470AC70220001000E000A000E2283
:102C600042810325C3002F2400810E0003000E20A3
:102C7000408103254100E07E2040404160426C706D
:102C8000CFF1A82080030020008001214180012293
:102C900082809172C2220603C5206600DBF14C706F
:102CA000096A6C702F210200E7F1E078707104F47A
:102CB000507009F27B7B3B7925784578E07F0520D1
:102CC000C080CB44E0FF00007B7B707485F704F785
:102CD000547003F41070E07E5321FE8444F41470A9
:102CE00042F42F0000005323FE843EF454703CF461
:102CF00029000000E1C0E1C140406041C1C3C1C240
:102D0000CB44F07F000006247E90D007E1FF06242C
:102D1000FE90D607E1FF28440724FE902600040019
:102D200003F45070E07C50700321CC001070072435
:102D3000C01045204080E020C3070C712F20038085
:102D4000E07E7B7B3B792578457810700520C0803C
:102D5000E07C45244C1095700A0003000C712F2074
:102D60000380E07E0C712F200300E07F1471E07877
:102D70003B79CB44E0FF00009171E020CD070A00D1
:102D800025001470E07D7B7B9173E020CD070A0065
:102D900025005470E07EE07F1070E0788D710A218C
:102DA0000080D424041313002000CE202400E078F7
:102DB0000A2100808D71E120C107402C8C172F2A39
:102DC0000180C2228400C0226300002883004E22BA
:102DD000C207402A0205857A402B4005422BC102DA
:102DE000E07F5961CB44E0FF000014244410142418
:102DF000C510B5BC0C240083E00006000C25008340
:102E0000D8000600412C4405412D4505002505014B
:102E100082258F0F8C25DF8EC00026000721CC80F5
:102E20004025470094B9D4B994BBCF27E402402B86
:102E3000C302412A4505402AC282052343011D20C1
:102E400084001C208C009470CF27E2071D20C40052
:102E50001C20C50000240C91412500001D21840088
:102E60001C21850000240C91012040811D21C400FB
:102E70001C21C500412601700000000000200081D7
:102E80000121410119093F0500240C934227470005
:102E9000012000800121410000240C93402F0405F3
:102EA000412FC70708000500E07F8071C524C1914C
:102EB00044204500C52562000020408141210100D9
:102EC00015095E050024840F100000002F214280A8
:102ED0002F200400E07F80712F25C08041260470E0
:102EE00000000000CC2221803C0321002F214090D3
:102EF000C7246500CC20218010030100412946959C
:102F0000D3B9CF2122055C002200004034700E00AE
:102F100001001D0020002F2A411014704A22C01702
:102F20000C0004002F2A011040220A1842228A12A3
:102F300002268602C47102268BF2000020000128BE
:102F4000CB021400090042220B180028C102150010
:102F500020000C700028800200298A0205238112BB
:102F6000412D47855323C804CF2022155A00220043
:102F7000404215700C0001001B0020002F2A011296
:102F800054704A22C0170E0004002F2A81104022DC
:102F90000A1842228A1202278702E47102268BF263
:102FA00000002000012ACB021200090042220B1867
:102FB000002AC802130020004C70002A8202002858
:102FC0008A12052388128C26DF8FEA0101008C27E4
:102FD000DF8F140221000026C6011D208A001C205C
:102FE0008B008226CF0F1D2187001C218C0000231F
:102FF000CB91412402101D2007021C200C0200234B
:10300000CB91012202031D2107021C210C02002288
:10301000C2814124091040290113412A0305657921
:10302000402A0703402A0003412B03156578402BF3
:103030000C135570C524A210D47020000C0004217C
:10304000BE8F2000000014000100C4712F214280B7
:103050002F2004802F240413D47062000C0095707C
:1030600036000A000424BE9FFF7FFFFF0C00020011
:1030700044207E8022000100402040804121010048
:103080000421BE8F200000000E000100C4712F211A
:1030900042802F2004008C26DF8FFE000A00D470AF
:1030A0001A000C000621810F10000000402E0205BE
:1030B00045792F2203014579E07E8C26FF82EA00C4
:1030C0000B0002268A710000000042224A90840010
:1030D0000B00880001004C2200982A000B004222BD
:1030E0000A1805240C906D7710000200002B8B123B
:1030F0008723FF1F0421CC02012980025D002000EC
:103100002C7095706D771E0002004C220098C2232F
:10311000CA120A000A00002B8B128723FF1F04200B
:10312000CC0202268BF2000020000029CB02140002
:10313000090040220B180129C002150020002C7044
:1031400001288002012981020520C0020D00000033
:103150002F2000802F214B004420BE80180001004A
:1031600044204A0105223E930C000100402080804B
:10317000412101002F2142802F2004002F21428075
:103180002F200400022686010421BE8F10000000BB
:10319000C026620088F18A26DF0FC34110000000BC
:1031A0000507EFFF0C70022686012C70F906EFFF71
:1031B0000C70D37110000000CC2021802F2103015E
:1031C000C521820FF87F0000C07878F58C27DF8F4B
:1031D000140001002F2103010521810FF07F000061
:1031E0000C706CF10C20809F10000000CC2221801C
:1031F0002F210301C521820FF87F0000C521810F17
:10320000F07F00000C705AF10C25808FE0FF000069
:10321000220006000C702C709470C521820F008073
:1032200000004CF1C72465000C21809FE0FF0000E6
:10323000B2F7C341F87F00000C7040F10721810F05
:10324000008000000D0000000723830F00800000B5
:10325000002144000023C5000C244081CC20818043
:1032600010000600084440408142284460418143E8
:103270008A24DF1F402C4C15142444101424C5103C
:10328000402C8C100C240083CC250583C60106003D
:1032900041290405412B05050224460153268602D7
:1032A0000721C7004029C10241284C0585794028E3
:1032B000C002402BC302412A4C05857B402AC20232
:1032C0009FBB4E260C881C002D00012A85018C26F0
:1032D0000180012B8501CA252600170020008D7072
:1032E000D470002B0C03C5250203012B8C01412F48
:1032F000C787620022009FB90025058001244C90F9
:1033000010002600C22466002F2404932F254401B8
:10331000412DC082402C41152578412CC112402CF2
:103320000405E120C60780714C260088CA23850069
:10333000CA2225001323830105238380D3256182BC
:10334000D1202180CA2762000020C081E07F412176
:1033500001000E25058003210C83520023000C7010
:10336000412DC082402C41152578412CC1124224A8
:103370004400402C0405E120C60780714C260088DB
:10338000CA238500CA2225001323830105238380D5
:10339000CA27220004270780D3256182CA2762003A
:1033A0000020C081E07F41210100CC252180E12067
:1033B000C1072C702F2801039FE014002500047121
:1033C0002F284181CA202408C02063084E2001888C
:1033D00018002D00002C0C10C0E0002D0C00CA2499
:1033E000261017002000AC701470012D4100C52478
:1033F0004210002D0500532481020E204080042439
:10340000840F0000000812002200C02061002F2459
:1034100002932F2544014C07E6FFC52406004E20E9
:1034200040004E2001881A002D00012D0500C0E04B
:10343000012C0510CA252600150020008D7014707F
:10344000002C4110C5254200012C0C101507EFFF80
:1034500084712F2240904126047000000000520227
:1034600001002F23C090412605700000000060027B
:1034700001000C238092CC220180CC21C180084223
:1034800014000E00404041422842604141438842BE
:10349000A04441452F264000412E4685D3B9CF2177
:1034A00022055C002200004034700E0001001D0067
:1034B00020002F2A411014704A22C0170C0004006B
:1034C0002F2A011040220A1842228A12022686025E
:1034D000C47102268BF2000020000128CB021400E8
:1034E000090042220B180028C102150020000C70B0
:1034F0000028800200298A02052381122F27C0009C
:10350000412F47855323C804CF2022155A0022009B
:10351000404215700C0001001B0020002F2A0112F0
:1035200054704A22C0170E0004002F2A8110402236
:103530000A1842228A1202278702E47102268BF2BD
:1035400000002000012ACB021200090042220B18C1
:10355000002AC802130020004C70002A82020028B2
:103560008A12052388128C26DF8F380301008C27EE
:10357000DF8F7E0321000226CB014C23809D022198
:1035800049121801090042238A9088000100220094
:1035900009002F2280802F200B1240224A907400B5
:1035A00001002F2280806D0020002F200B124C2262
:1035B00000986D7026002B0042220A180A21809084
:1035C0001000020002268B72000020000028C912A1
:1035D000012882123D0020000D7002268B7200002F
:1035E0002000002AC90202268BF2000020000028D9
:1035F000CB121400090040220B180128C21215003A
:1036000020000D70012A8202012888120522C202C0
:103610002F2000802F214B002F2000802F214B00D6
:103620000C2440819E0102000020808001210102C3
:103630000421BE8F8000000012000100C4712F2100
:1036400042802F200480C52165104420BE802E00BA
:1036500021003570CB206181220001004020808054
:10366000C02165000421BE8F800000000E00010013
:103670002F2142802F200400C4712F2142802F204F
:1036800004002F2142802F200400D47048000C0039
:103690008C26DF8F14010A000621810F1000000024
:1036A000402E020545792F2203014579E07E1470F2
:1036B000B205C2FFD373008000007C710C000200D1
:1036C00054707C71CA2141004040E07E5470A605D0
:1036D000C2FFE07E02268A710000000042224A906A
:1036E00082000B00860001004C22009828000B008D
:1036F00042220A18052109906D7712000200002B62
:103700008B128723FF1F0421C902012980025F0059
:1037100020002C7035706D771C0002004C22009840
:10372000C223CA1208000A00002B8B128723FF1F36
:103730000420C90202268BF2000020000029CB02DF
:103740001200090040220B180129C00213002000BA
:103750002C7001288002012981020520C0020F007F
:1037600000002F2000802F214B004420BE801A0033
:10377000010044204A0105227E920E0001004020F3
:103780008080412101002F2142802F2004002F2121
:1037900042802F200400022686010421BE8F1000E3
:1037A0000000C02662007AF18A26DF0FC3411000B4
:1037B00000000C7072F1022686012C70DD06EFFF0E
:1037C0000C7002208080032101020421BE8F400082
:1037D00000001E0002002F2000802F214B004226F7
:1037E00046000421BE8F4000000044000100442038
:1037F000BE803C00210044207E8014000200357011
:103800002C00020044203E812400010040208080E2
:10381000412101000421BE8F80000000C02662000B
:103820000C0001002F2142802F2004002F21428014
:103830002F2004002F2142802F200400D37110007C
:1038400000004A06CAFF34700C0001002F2A410014
:103850001900000014700A000C002F2A0100C02279
:103860002908ABF3CA22EB076ABA02268BF00000E4
:1038700020000128CB021400090042220B08002876
:10388000C102150020000C70002981000521C10231
:1038900000288000022686803C06CCFFFD05CFFF75
:1038A000D37110000000CC2021802F210301027869
:1038B0000E0001000521810FF87F0000E07E8C27BB
:1038C000DF8F220002000C20809F10000000CC221D
:1038D00021800C0001002F214301EEF10C244081D6
:1038E000EAF50521810FF07F00000C70E07E604159
:1038F0004040E07E2F2340804A24C002140026006E
:103900006F220A006F220A002F2282004A248002BE
:103910002F244090C0226500412C43158C23DF8F5B
:1039200048002100532101858E23D0841A002400F1
:1039300094B99FE30129C000CA20290051220080C8
:10394000E07FCE2021004E23030090734E230C080D
:10395000012800030029C1002578CA208900D1224E
:103960002C80E07FCE202100CC2021804040D1203F
:103970002280E07FC0206200084440408142284409
:1039800060418143CB44E0FF00001424461014241E
:10399000CA10B5BC0C260083CC220593DE0026009D
:1039A00095BC0426060304220A13022686822F26CB
:1039B00084010026860FE03F000000260A83CC2603
:1039C00003838C0104000721CA80CF26E407062167
:1039D0000403867B4F24040594BB00450C24C0805F
:1039E000CC258180140006000226860F10000000FE
:1039F00000254581012404014A2480752C70A820EB
:103A0000C0040C24C080CC258180120005000F2149
:103A1000010F022585800324C4000025458101246F
:103A20000401052440814A2400780C70E820A20497
:103A30000C24C080CC258180100005000F20000FD1
:103A4000022585800324C40000254581012404014A
:103A50002F200300412981802F200480C071E120A4
:103A6000C60744204C0005240C1105244C91E07C31
:103A700040204080E07F4121010002220A93CC22B5
:103A80002180420002002F2640F028422F2104030B
:103A9000CC202180CF21E104022606030C260083DE
:103AA00004228A1F0F00FFFFCC222190CC2021800E
:103AB000CF21ED040423830F008000006779E07FAD
:103AC0000C700C220093CC222180CA208D00E120B2
:103AD000CD07CA21CD0002260683CC20218012000A
:103AE00002000423830F00800000E07F67790C262A
:103AF0000083CC220593580005000C260083CC20BF
:103B00002180E120CD070C220093CC222180CA2005
:103B10008D00E120CD07CA21CD000C220093CC22DC
:103B20002180CC260183CC202180E120C107CF2138
:103B3000E1040C260083C34200800000447BC421C2
:103B4000820F008000000C70E07F67792F25C08015
:103B50004126047000000000CC222180C002210018
:103B60002F214090C7246500CC202180DC02010079
:103B700041294695D3B9CF2122055C00220000409F
:103B800034700E0001001D0020002F2A4110147017
:103B90004A22C0170C0004002F2A011040220A18E4
:103BA00042228A1202268602C47102268BF200008B
:103BB00020000128CB021400090042220B18002823
:103BC000C102150020000C700028800200298A0222
:103BD00005238112412D47855323C804CF20221588
:103BE0005A002200404215700C0001001B0020000A
:103BF0002F2A011254704A22C0170E0004002F2AE7
:103C0000811040220A1842228A1202278702E47198
:103C100002268BF200002000012ACB0212000900CC
:103C200042220B18002AC802130020004C70002A00
:103C3000820200288A12052388128C26DF8F340224
:103C400001008C27DF8F580221000226C601802642
:103C5000CF0F4A24C07D6D704D70A82080052F22A3
:103C600080922F23CB121171CC208180C522661047
:103C70000C00050002208080032101022F2000801B
:103C80002F214B0005210900614141400421BE8FD5
:103C900040000000C22661000C0002002F200080BE
:103CA0002F214B00D47068000C004420BE803200ED
:103CB000010044204A010521BE9226000100402057
:103CC0008080412101000421BE8F80000000C026B9
:103CD00062000E0001002F2142802F2004002F21BE
:103CE00042802F2004002F2142802F2004008C26A8
:103CF000DF8F10010A000621810F10000000402E06
:103D0000020545792F2203014579E07E2F2142806B
:103D10002F200480C52165102F2142802F20048090
:103D2000C52165108C26FF82E8000B0002268A71EF
:103D30000000000042224A9082000B008600010031
:103D40004C22009828000B0042220A1805210990F5
:103D50006D7712000200002B8B128723FF1F0421B6
:103D6000C902012980025F0020002C7035706D7738
:103D70001C0002004C220098C223CA1208000A004C
:103D8000002B8B128723FF1F0420C90202268BF20F
:103D9000000020000029CB021200090040220B186D
:103DA0000129C002130020002C7001288002012983
:103DB00081020520C0020F0000002F2000802F216B
:103DC0004B004420BE801A00010044204A01052215
:103DD0007E920E00010040208080412101002F21B1
:103DE00042802F2004002F2142802F200400022631
:103DF00086010421BE8F10000000C02662007DF104
:103E00008A26DF0FC34110000000EF06EFFF0C70A1
:103E1000022686012C70E306EFFF0C70C7246500B4
:103E2000CC2021805E0001000C21809FE0FF00007B
:103E3000C341F07F00004E000D009470C521820F39
:103E4000008000000C70E07E0C25808FE0FF0000F9
:103E500032000D002C700E000500CC2221802600BF
:103E600002009470C521820F008000000C70E07E7B
:103E7000D371100000000E0002008C27DF8F1000AD
:103E80000200C341F87F00000C70E07E2F21030187
:103E90000521810FF07F00000C70E07E0C20809FD8
:103EA00010000000CC222180CA202100CA2121005C
:103EB00006000200E07EE7F1C1C4FC1CC8B1FC1C96
:103EC00088B1FC1C48B1FC1C08B1E1C3E1C2E1C1EE
:103ED000E1C0E1C4E07F01C0E2C220808C21048007
:103EE00004F21909B1004C71A180AA0D6EFE08E020
:103EF000B1704C73CA2221004040C2C6EEC2D34208
:103F000032008851CD70D3408000982217DF4A21BB
:103F1000C021CB458000B812402213210018032095
:103F2000BA0FEFFF0813002486E8CD71B8670018B8
:103F30008223C0A88D21BF2DE5718FEECD7007DFE4
:103F40009A0FEFFF0812002484E8D8651718430081
:103F50008D273F1EC5711D8D07E84025021FDC4DD2
:103F6000EE0820000C761C8D07E84025021ED84D77
:103F7000DE0820000C751B8D07E84025021DCC4D86
:103F8000CE0820000C741A8D07E84025021CC84D8D
:103F9000BE0820000C730A080000CEC6C340800093
:103FA000B81220802309D000270950002709B0004B
:103FB0003470E07D2280270990002709700034705A
:103FC000E07D37880EF0348807E93D880AF03A88AA
:103FD00008F03B8806F03C8804F0398802F0388805
:103FE000E07F36A8C340F00000102080B0B9C37154
:103FF0000100000020A01D046EFE32D8C3418000E5
:10400000CD12C340F0000410001943002080AAB96B
:1040100080211000E07F20A0C3418000C012608199
:10402000C341800098224089C34132008851110B5E
:104030005000130B91005579248106F055792281A7
:1040400002F0414908E1E07F14210000C3438000F1
:104050009822608B02BB167B3023800F3200885180
:10406000628060A10380E07F00A2E078E2C2CB45DD
:104070008000B8124085C343E53E790DCB446D44C2
:1040800000801F0AD0004F0A50002D0AB0008D702A
:1040900099EA42851BEA3B0A7100FBDB1AF0548D5A
:1040A0005470CA24821FE1440000CA23820F713E6B
:1040B0001CC711F0C343713E1CC7CB44E144000050
:1040C00009F07FDB17BB0C7005F0FDDB02F0F9DBBC
:1040D00016BB418504EA87DA17BA04F011DA1ABA76
:1040E00048308000003382000030800FD93E9A991A
:1040F0000730820005E9C340833A6F1204F0C340E1
:104100007A44000000308000060E2FFF01340010BA
:10411000483040021078C2C6C342F0000810208226
:104120000F09FF00004320820909BF000C710C70C9
:104130002182C8B920B3F812018083B9E07FF81A50
:104140004080E078E2C22F277F006F233F00CB45FD
:104150008000D016008D047100AD2F267F0008D896
:10416000C3410000FFFF3E0A60044C75C34280005B
:1041700010162082638100414040C3420000FFFFCF
:10418000407B2F277F006F233F00008D04E8008DC8
:10419000047700AD001E4170F000800A2F267F00DA
:1041A000C2C6E078F1C0D60C8EFF8B200C8005F2E1
:1041B0006E0C8EFF08E8C34080001415F60A000458
:1041C0003E0DCFFFD1C0E07EC341800078174C7117
:1041D00000A108E8C340F0006C0940A0E07F43A0C4
:1041E000C340F000700940A043A06F233F00E07E71
:1041F000E6C2C3438000B812A1838283C083438395
:104200000CBD136C8483C1BE04258F1F00000010F9
:1042100010BA348B44200D06D867758B08BC042275
:10422000820F07000000B86084240C1058600BB99E
:1042300098600ABB38601B63001EC070F000041059
:10424000A60DCFFFC6C6E078C3418000C012C343AD
:10425000F000041000A1408303B844200106462268
:10426000000625783905EFFF00A3E078C341800000
:10427000BC12C343F000041000A140830CB804201A
:10428000810F00000010502200032578E07F00A37A
:10429000C3418000C812C342F000041000A108B856
:1042A000208284200C008421F30F0579E07F20A276
:1042B000C3418000B812C343F000041000A1532092
:1042C000420020836C2140004578D504EFFF00A315
:1042D00000160170F00008100C7253217E80E07F00
:1042E000CA206100C34080007817008014700C71F0
:1042F00007F2C341F0006C0900A103A108F0C3411B
:10430000F000700900A103A16F233F00C340F0003B
:104310000010208080B9E07F20A0E078F1C0C34287
:104320008000B812968A20EC20820CE92509B000A2
:1043300034732C700FF4348A7921010024720BF04D
:10434000DA0CCFFF00901F20800F000010270CF028
:104350002C7102B96C2141003A6228821E310100A1
:104360000C8238600A0DEFFF79240110D1C0E07E85
:10437000E8C2CB46800014FB188E0E70001E02743B
:104380008000992234E804160014C341F000044C64
:10439000CB45F0000C3400A104160014ED7001A10F
:1043A0000416001408190000011680141CE800858A
:1043B0000DD91020C00300A5FC1500901020C003EB
:1043C000FC1D0090F41500901020C003F41D009017
:1043D000F81500900F20C003F81D0090260F2EFF47
:1043E0002F200704E571C50F34930671C8C6E07825
:1043F0008107CFFFE6C25F21010930218D0F8000C8
:104400006017AE0AA001084714E82C744C707E09AE
:104410002000A14008450EE8560D6001D68D00171A
:1044200005110043A84D8C71C140960A6001A1425C
:10443000C6C6E078F1C040432844CA0CE0060843F1
:104440000AE84A24C0074924C2170C7080451209A3
:10445000E0066141D1C0E07EF81CC8B7A60CE006BA
:10446000004618E8C3418000E42A60810C70C34212
:104470008000D01A00AA061C0230071C0230466BCE
:104480004024C131402484310C719E0CE006AC7193
:1044900008141F34E07EE0785F2000093220800F8E
:1044A00080006817E07EE0784A24C0700A20800F00
:1044B00080004418A8200002208804E9218886E9A9
:1044C0005520C00CE07F0C70E07F0C713110810032
:1044D0003470E07D2F180300E07F30180500E0788D
:1044E000EAC25A0960013041CB45800014181040DF
:1044F0004A26C01040250F1CCC17801409E8068DF1
:104500000F082104A1402A0C2001224186E88D26B3
:10451000BF1D5525CD1CAD70A140CAC6E8C22847B5
:104520001040CB45800044184A26C0101415801452
:104530000AE804951108210408DAE1417E0B6F00B6
:10454000A14008E88D263F1D55258D1B0C70C8C65F
:1045500057258018C8C6E078E07F5420800DE078A9
:10456000881083008020420260A9E07F00A2E078EA
:10457000C34080008D1AE07E5F2000093020800F4C
:1045800080006017E07EE07800432F1080002B78D9
:104590000C70E07C190910021D09900025093001FA
:1045A0003471E07D4E1381006C4B0AF02E138100B4
:1045B0003E4B06F06A1381005423000AE07F20AAD4
:1045C000E07F076BF1C00844C3438000781A0DE810
:1045D000BA08200081405524C11C00423109E50081
:1045E0000C7086EA14F0C341800014184021010CBD
:1045F000008904E801898AE85521C009F508E480AA
:104600005521C10C0C7004F04221000CD1C0E07E99
:10461000E07F32108000E078E07F33108000E078A7
:10462000E07F84100000E078E07EE078E6C24A2473
:10463000C070C34380001418284708450A26C010DC
:10464000A820C0013016801010E85526CE1CC340AB
:104650008000A415C080C3428000781A5526C11C72
:104660000909A10020A060A02C70CCDA1E0B6F00FD
:10467000C140C140E141301E4310C60A2001A6AE30
:10468000321E0510C140C6C64A24C0700A21800FE0
:1046900080004418A8200003408908EA418906EAFE
:1046A0004221020C0D0A00005521C10CE07F0C7064
:1046B000E07F0C713478E07F6C18840004E8E07FC0
:1046C00088184200C34080009C185620C20C20AAC3
:1046D000CC184200E07F20A81470E07C5470E07C8D
:1046E00088184200208AE07F891842000041147037
:1046F000E07CC34080008D1ADD016F0010DAE078A5
:10470000E4C228463E892109300208452F0990005D
:104710003F093001076D250951001F8E4E1D021003
:104720006C4D12F01F8E246E10DA2E1D0210AA0995
:104730006F003E4D841D0110C4C61F8E6A1D0210FD
:104740005425001A246E92096F001ADAC4C6246E2A
:1047500086096F0017DA1A8EAC4E06ADE209200109
:10476000A140C4C6E07F32184200E078E07F8418A0
:104770004000E0782F184200E07F31184300E078D5
:10478000E2C208458E0960010474FE0D0000008D30
:10479000460960012C71C2C6E2C3A2C10845058862
:1047A0001DE881C07E0A60052C7401C00928810FB4
:1047B0000F004042008D4129020241290304011CDF
:1047C000823060C141C180C22C73C2086001021CEA
:1047D000C230CA0D200001C0C2C7238D960D200033
:1047E0000ED8C2C7F1C00AE94289C34080007C17D5
:1047F000130A140841800AF015081E01860D0000F6
:1048000006F0110A14044080607A2040D1C0E07E96
:104810000F0A70002040FCEAAA0BC006F8F1B60BA4
:10482000C006F6F1001E02708000A01AFD05CFFF41
:10483000EAC3A3C1004102886908B00AC091CD084B
:10484000300ACF7DE308D10909899A0CEFFF0AE10C
:10485000D90830000845360EEFFFA140CD083000E2
:104860004024C13081C2FE0CEFFFA14001C20314FD
:104870008130CF7F5A086000E140E20CEFFFA14099
:104880000041D60F2000E14003148030B108F10050
:104890002C71C3420000FFFFC60A6001E14050F0E6
:1048A000048965083E00CF7FF20BEFFFE140ACE8E2
:1048B000CA0CEFFFE140104026E8CA084000104152
:1048C00013E8AD704A260010AF797A0F2000E1405E
:1048D000004206E8D079E20DEFFF0240C571D078C2
:1048E000E9086484A5714024C1324C71120860004B
:1048F000E14002086000E1404024C2320041DE0D88
:10490000EFFF0240E1401DF0F60E2000A1406E0CCA
:10491000EFFFA140084609E876086000A140004189
:104920004E0EEFFFC140CAC7CF7D2C702A0F20006A
:10493000A1402C714C709A0F2000A140CF78560EE8
:104940008006CAC7C34031001C1FCD070000E078B5
:10495000F1C022880F0990040F095105DA0D800675
:1049600003F0160E8006D1C0E07EE078F1C0960F0D
:10497000A006084412E8C3408000E42AC341800036
:10498000D01A408000898C70AC71147A6092439286
:104990000C70060FA0068141D1C0E07E2C70C34090
:1049A0008000D01AC34300FF0300C34280007C177D
:1049B0002AA824B021A026A025A060A0001A800F5C
:1049C0003100D422E07F30A8EAC3A3C1084702889F
:1049D000CD701B08B0080E70C8E009F220975F2167
:1049E00001090021900F800060173908D30D422083
:1049F00000082F089502CB458000C41AC3418000EF
:104A0000F02A252000000BF00BF01CF009F009F053
:104A100007F007F01BF042F059F0C9A5C8A5CAC7B6
:104A2000C508F00DC0E083F2C8E00CF2DBE0F9F558
:104A300010108020147195F4720FA0060240CAC7AE
:104A4000C3408000E41A20803CF020814097041885
:104A50008220008163970618C42018E808976291A5
:104A60001B08C4006391170B0400649109970F0899
:104A7000C10025910A97150840004F780F1882232E
:104A8000EE0BA0060D188223298504E96079E14028
:104A90000E0D2001008FCAC7160B20000640FE0B2A
:104AA000A00602400C1080201018822304188223D4
:104AB000DCAD07E8CFAD0C188223CBADC0A52985AE
:104AC0005F093080E1404079CAC7208100815308E6
:104AD0001080038F4B081083B50831000240BE0BD5
:104AE0008006CAC7CB458000DC1A048D33081080CD
:104AF000038F7F0810009508510100858D08100074
:104B0000FA0E80068508300000A52C747E0AEFFF9F
:104B10004C70790830001041BA092001041080203F
:104B20004097120C20012241CAC700160070800075
:104B3000A81500883108700011D9147071F52697F6
:104B4000839764974597041080208B4523B580C1D7
:104B500080B561B542B5060D200142C6CAC710181E
:104B60008320CAC7CE0C200104108020CAC7CB47BF
:104B70008000DB1A008F011701100018402006E8A2
:104B8000620BA0060240C0AFC4ADCAC72C890F108B
:104B9000802030708A06C6FFD60AA0060410802046
:104BA000CAC7E078EAC2209008460AE909695A2093
:104BB000000900208D0F8000841703F0AD70028E75
:104BC0004220C00949085506CB478000CE1A25204F
:104BD00000001AF01DF01CF01FF01AF034F018F06D
:104BE00016F039F043F05EF012F012F010F010F011
:104BF0000EF00EF00CF00CF094F09EF008F008F0BF
:104C000006F0A4F0C1403A0FA006A141CAC6CA0AE4
:104C1000A006A141CAC60A8D7AE80085081D431086
:104C200004E8560BEFFF2E8D058F0F087100001F53
:104C300003100C1D431000856AE8248DBA0FAFFFE6
:104C4000C140CAC6098D64E8048E62E8081D45109B
:104C5000CAC60A8D5CE800855AE85E8E2E8D4579BD
:104C60002EADA20AEFFFC141CAC6008596E807969D
:104C7000C57610408AE8C3413200383E08DA3E0C5F
:104C80002F00C140DF08100002409608EFFFC1412D
:104C900000A504E8121F03104A0AA006A140CAC6D4
:104CA000008F8DE8048E17081E00088DAD081000D7
:104CB00072082001048DA5081000CB478000E82A67
:104CC0002087448E00894478442040800AAD11F248
:104CD00000858FE80A082001048D1040F60FE000DF
:104CE000048D00414A09EFFF0240208700A5048D92
:104CF0000211910001119000E60FE0000E1D03105B
:104D00002087668E878E1471048D40892389CF2079
:104D1000612004230304D60C200104210423CAC605
:104D2000347076F3038E147072F50085147070F38E
:104D30002C7109F0038E14706AF50085147068F305
:104D40002C70260ACFFFCAC6038E147060F5660960
:104D50000001760A4005CAC6048D620B20012C753D
:104D6000CAC6128F350810800D1F4310CAC6E078DE
:104D7000C3418000EC1A40815470E07C2C70007AB2
:104D8000E07EE078C3418000EC1A4081004154701D
:104D9000E07C10D8007AE078C3418000EC1A4081B2
:104DA00000415470E07C0FD8007AE078E2C20845F8
:104DB00019E86208EFFFA14015E86208EFFFA14083
:104DC00091E82C744C70C60FAFFFA14000410BE876
:104DD000168910E1960920014C712C708A09EFFFA9
:104DE000A140C2C6C3418000441BE07F00A1E0781F
:104DF0005F2000033420800F8000E81AE07EE07816
:104E0000F1C020401AE90210C300C3428000F41A26
:104E10000D0B3200E0E387F72E820EF050828DEA10
:104E20000CF0C0E383F72F8206F00B0B14082D82E1
:104E300002F02C824281407AD1C0E07EF1C0C343AF
:104E40003200D83DC3418000241BC3423200E83DFC
:104E500063A162A141A140A124190200C341310014
:104E60003C25C3423100F424F60FE0010C74C34129
:104E700031000424860EE0000C70D1C0E07EE078A2
:104E8000E2C20D097007AD701509D1060BE0F20EF4
:104E9000A006107814701C75C025E212A140C2C68D
:104EA0008A237F0D9BE16042C07A9DE1CA22C10046
:104EB000AD04E0055860E078E2C2001601708000A1
:104EC000AC15A291C3418000401B360E200100A109
:104ED00064B8150863030C7084D94C706C72E60DCD
:104EE000A0068C70C2C6E078E2C28E0EE0050845CE
:104EF000C3408000201C20804C700BE910150C1161
:104F0000204328910B0C441020836042FAE9AE0D37
:104F1000E005A141B209E0060C718E0EC005C2C6C3
:104F2000EEC3A4C1CB458000201CED700A204023B5
:104F3000A08516ED49952895016A2F7B0F78F50815
:104F4000C080C185304A0F7840204B00A60EE00695
:104F5000C1401F678D233F1F10E6ECF1F07DA1409B
:104F6000A209E005B14295083000104300100F205F
:104F70000C7043C042C041C0770F301040C06A453A
:104F800004170E101017101129972F2008045F091D
:104F90002400C1405E0EC006104126E841280022D0
:104FA000001D021401AD0E8E1B083F0020860189F2
:104FB00020894C7408B8386002AD28B803ADA574D8
:104FC00007F0026D12092F0010DA12E512DA190942
:104FD0008020028621864090FE082F00A140028694
:104FE00000901D6510E60671D0F1E087CAEF80C021
:104FF0006241CA0920004242CEC7E078E2C21526CB
:105000000D708000381C008505E85609C005001D9C
:105010000110C2C6E4C228450A0DE0000846C3419B
:1050200080004C1C5F2582112081596124893070D9
:105030000C7086F7C1400E082000A141C4C6E0787C
:10504000F02600708000381C04E8E07FF420400067
:10505000E07F0C70EAC2CB478000381C15270E1089
:10506000A0861041304089ED1C8F9A08E0051B781E
:10507000084500A617E8310830201C8F13E8CD70D2
:1050800000100121021D54100210032507EBCF79F7
:105090004C708E0DA00622401C8FC571CF79E5099A
:1050A0000480CAC61B7A2C70E2082F00A140CAC631
:1050B000C34380004C1C08ABC3408000341C41A398
:1050C0000018800F31004026E07F20A3E1C5C343D4
:1050D0008000561C084414230D0009EA036B9478E1
:1050E000FE184280008A00ADC2C4001D0510C2C473
:1050F000142600708000571CE07F00885471E12066
:10510000CD072043142601708000561CC907EEFF0E
:105110006040E078C3418000601CE07F00A1E0783F
:10512000C3428000571C05E8147A20AA0DF04A24D7
:105130000071026AA8204002608820427472CA226C
:10514000610002189200E07EE6C2684417EA1B7E06
:10515000CB478000581C2A6EFA61608A208CC2B945
:1051600003EB13DD0CE982876579AD7020AA08ECAA
:10517000216F62B9607CC96102F00DDDA140C6C635
:10518000C3408000541CE07F0088E07804B83020E1
:10519000800F80005C1CE07E604440434C704A25D8
:1051A0004007C901E006CC70604440434C704A257A
:1051B000C006B901E006CC71C3438000481B608B78
:1051C0008C70A106E0044A250009E078001683707F
:1051D0008000481B4A240071C3428000501B0C70A1
:1051E000A82000025A20010B0471596100B168A97E
:1051F000C3408000281C0018800F3200143EE07E5F
:10520000E1C54A240071C3408000201C6C700C185A
:10521000800F310088240818800F3200E83D61A01B
:1052200060A00C700A24801F8000F41AA8200004DB
:10523000A1685A20020B5A200003C34180005C1B66
:105240005961986000A1A14075A9B4A934E4001C7B
:10525000801F3200043EC2C4E8C3A1C150402845AB
:10526000160BE005084680C19A0FA006C14008470A
:1052700011E80697210864030DDE018702415A0EEA
:10528000EEFFA1420E8F1108FE00CD700287A0B084
:1052900002F00ADE120BC005C140C8C77468C340E3
:1052A0008000601C786044A8E07F20A004B8C37030
:1052B00080005C1CE07F20A0E4C20846049010E05F
:1052C0005A08E0051078084513E810DAA1400A0EE4
:1052D000EEFFC141284D01A54496FE0DEEFF21864B
:1052E000C3408000342000888E08E005A141C4C678
:1052F000E4C20845029010E8820AAFFF008D08461C
:105300000AE89A09AFFF008D06E84395288DAA0B9D
:10531000AFFFC1400608E0050AD808460DE80ADAE2
:10532000C140B60DEEFFA141C3408000342000888B
:105330004608E005C141C4C6E6C20E0FE0000847BA
:10534000DA0FA005084608450DE8A140E1418A0DA5
:10535000EEFFC142C3408000342000881A08E005F7
:10536000A141C6C6F1C020800B0990008AE90488DB
:1053700004F0248886E905880E080000560A00001B
:10538000D1C0E07E4A24C0700042C340800050205B
:10539000A820800120885071E07C0472E07F0C70AE
:1053A000E8C3AA0E6003A7C1CB4780004020DA0EF5
:1053B0002003E140CB468000D62042268D1FAE0858
:1053C0006002A1400C7240DAF20E20034226811CDA
:1053D0000C710EDAE60E2003C1410C7607DADE0E00
:1053E0002003276EC341000003098A204400261DC4
:1053F000C516241DC3100E1DC31042C5061C433024
:1054000040C731B5F60EA005041C0430EA0EA00515
:1054100043C044C04A0A600280C0D20E800585C1E4
:105420000C709A0E20034C76BA08A00285C0C341C6
:105430003200744A7E0DA00507D8B20E80056E09B1
:10544000C005560DC0040A0CC0046A0CC0043A0D15
:10545000C004C34030000875860F8005B208000103
:10546000460B200145D80C74320B20012C71C3402F
:105470003000F46D6A0F800508457A09E0000C7071
:10548000E20F80006A0E8000DA08C000EE0CC00057
:105490000E0DC0007A0AC0008609E000A140CB458D
:1054A00030003853560BE000A1400C734E08E0006A
:1054B000A141C3403000748E260F8005D209C0017F
:1054C0005E09C001DA09C001C3403000004E120F6E
:1054D00080056E09CFFFC3408000AC150018800F17
:1054E00032006C4A1E0DCFFFE60CCFFFC3403000E8
:1054F000B852CA09CFFFC34030003048EA08CFFF96
:10550000C3413200904AC3423000F052A60BEFFF75
:105510000C72C3403000ECF4C60E80052208000572
:10552000C3408000B0150018800F3200384B4A0A83
:105530000005660A0005C3403000E447A20E80055E
:10554000E60A8FFF5A0C8FFFFE0B8FFFC3408000CF
:10555000F02AC3438000EC2AC3428000E42AC341FE
:105560008000E82A0018800F32005C4AC3403000F7
:105570007056001B800F3200594A001A800F32000B
:10558000484A0019800F3200544A560E8005C34124
:105590008000342000A9C34030003C73C341300078
:1055A000D073320A0005060A0005360A0005C3401A
:1055B0003200084BC341300064531A0DC0000A0D7D
:1055C000C000020EE0000C700A08C000C8C7E078F6
:1055D000E6C20845008824E81A08CFFF1708B5037B
:1055E000CD751208EFFF008D63B810793474CA26A8
:1055F0000E10D07F1BD98E08EFFFE140084611E85E
:10560000C3418000A41EC140CE0AEEFFE142008DDE
:105610008A218800E142960BEFFFC143C6C6C34012
:105620003200F333E60D800DC6C6E078F1C00C728F
:10563000C3423200304A020E6FFF18D90C73C342C6
:105640003200104BF20D6FFF13D90C702C70EA0D65
:105650006FFF4C700C712C70DE0D6FFF4C70120BD5
:10566000AFFF0C70D1C0E07EF1056FFF0C72E078E7
:10567000E2C2284539E9028D2A681309F50542205E
:105680000008D20AAFFFA14009F0E7E007F73E0BA0
:10569000AFFFA140120DAFFFA140228D4D09F209CD
:1056A0004221C0096308F5038C21028825200000EF
:1056B0000FF02DF019F022F020F017F015F037F070
:1056C00013F013F011F011F00FF035F037F04095B2
:1056D0004A24C0700A20800F80005020A82040017A
:1056E000208831E90472C2C6170990041309100515
:1056F000F70911882E08CFFF0A0AC000C2C6EA0BBC
:10570000E000A140C2C60EF2EFF17E0CEFFF008D6B
:1057100003E800180300C34032009833EE0C800DFC
:105720000E0FCFFF460FCFFFC2C67208AFFFA140DA
:10573000C2C6EA0AE000046DC2C64A08AFFFA14033
:10574000C2C641D940A88E0EEFFF21A8C2C6E0789C
:10575000E2C269200080AA2043010F78230891004B
:10576000C341800028F9C340800028E9AB214909E2
:10577000AB2009096A2080028EB8292000806A20A7
:1057800080028DB829200080A20C80016A21400887
:10579000CB45800008110C7020A56B204008DE0E60
:1057A000CEFE8B200C8006F2760ECEFE770810001F
:1057B000CA0ECEFE2B083F000C726A0B0EFFC343CD
:1057C000F000383800832C7340290106502102066E
:1057D00024780F0880004A2600700083FAF1FA0F3F
:1057E000C0020A0CC002C340800040102C704C72F2
:1057F0008A2305009A0AAF028C7156080000820ABB
:1058000000006A2240080085C3418000F4FD586012
:1058100000A100812C70C3700000B09ADA0EC002A3
:10582000C2C67A08000000168070F0003B38C1B88C
:10583000F108D1804A0A00006A2040084085C3412F
:105840008000F8FD20815860EAF1E078F1C03E095F
:1058500020000C70C3408000FCFA920C60050080B0
:105860002F277F006F233F00C342F0000504008A0A
:10587000A0B800AA2F267F002F277F006F233F00AC
:10588000008AA1B800AA2F267F006F273F006F2350
:105890003F00D1C0E07EE078E6C2F20820000C7242
:1058A0002F277F006F233F00C342F0000504008ACA
:1058B000A0B800AA2F267F002F277F006F233F006C
:1058C000008AA1B800AA2F267F00CB46F0005C0416
:1058D00020860086FD090180CB458000F8FD20A5CB
:1058E0000016007080009010FFDF06E8048004E8D6
:1058F00040780847130F35130C71F878CBB8001EA9
:105900000070F000C40800160070F0003C38C3417D
:10591000F00040080042AD22010C5320C302AD202C
:1059200001069019900060A1460BA00148191800CB
:105930000A22800F800030202F273F006F233F0076
:1059400020820F091000C4B82F213F00F6F12F2646
:105950003F002F263F006F273F006F233F008BE75C
:1059600018002D000C71F8785320C002001E007042
:10597000F000C8086F233F0020860086FD090180E3
:105980000085104900A5C6C6E6C20845CB47800081
:10599000B8FA11DE0417001404E8A04802E84078C1
:1059A0008C26BF1EC6C6E078E4C2CB4580003020FE
:1059B000C085D57019F2C34080003C200080CB78B0
:1059C0000AF200168070F0003B38C1B80908D10017
:1059D0002E0B40032F277F006F233F000085C678E2
:1059E00000A52F267F00C4C6E07EE078E2C2C34156
:1059F00080003820408108450B7A05F40181AB789E
:105A00001EF22F27BF006F233F00C34180003020CC
:105A10000081A57800A12F26BF0000160070F000BD
:105A200038382C7318B92478110861000C73001EE3
:105A30008170F000A80904F0EA080EFFC34080005E
:105A4000F42A208003E96079A140C2C6C3408000E7
:105A500030200080E07F78200000E078F1C02E0F39
:105A6000EFFF0C71C3408000382040800180C341AB
:105A7000800004114578D1C0E07F00A1E2C2001689
:105A80008070F0003B3844200003370831030C726B
:105A9000620A0EFFCB45F0001E040C702A0AAEFF0E
:105AA000001DC3106E09AEFD4A204001FA098EFFA9
:105AB0000B0811004A260070FAF1001DC313C34001
:105AC000F0003404208080B920A0C2C679200C00E8
:105AD000C34380003820804B5470C520420003F43B
:105AE0002678957BE07F00A3001EC170F000780A45
:105AF0006F233F00E07EE078C3413100FC45C342A4
:105B000031001045410520070C73E078F1C007D83B
:105B1000C34131003C46320D20074C7008D8C341C8
:105B20003100FC46220D20074C70D1C0E07EE078A9
:105B3000C3413100BC46C34231001445090520076A
:105B40000C75E078FAC2FC1CC8B6A3C11840908856
:105B5000009130476847584361082E032E710F416A
:105B600004170D200740121082300217032123A7CB
:105B700021A7A14100290C2302A7081F101084218E
:105B800001000424D5104BAF4AAF412980014027C2
:105B9000C2126341E143EA0B200758412B08700011
:105BA0004425141114737EF26E712D08B1004E70ED
:105BB0004E726E702E7010F0E90C51120417802096
:105BC000E108DE016FF02F2047054E7305243EA04B
:105BD0006E7068F4C187A087001196302D0C3020BC
:105BE0000E70EE45E6440E73C779A77805207E80D7
:105BF0000CF404178020792601204420000223B8E9
:105C000007213E8002F40E722F2547A50C7013F277
:105C10000525BE9306F42E0B400014700C720BF495
:105C200079260020A141C60A6000C1427820000008
:105C30000472A187C0873F08250400119630710CBB
:105C400030207926032004178220EE44E6454422C2
:105C50000202A778C77923BA05213E80477BC52376
:105C600062007278747005210120CA22A120E0B977
:105C700016F03D0D302005267E9307F4C60A40003D
:105C800014700C7218F479260020C1415E0A60007D
:105C9000A1421470CA22A22005213EA042400CF469
:105CA0002E702240A3C004141B34DAC6090B302026
:105CB00042400C72111081302E71782080000D1F2F
:105CC0004214E3097E800CAFEE4021870C100E30A9
:105CD00008100D301310903000118230608720447E
:105CE0000B1C823041C149083F0140C3EE422F21C5
:105CF0008280B207E6FF79200020277813081F0072
:105D0000F640FE41077DC77905257E90CBF39508C7
:105D100010A00426801F000000C05220BE83C2F5E0
:105D2000830A7E812E700D1F03101EF03D08102087
:105D30000426801F000000C05220BE8316F41F0BF3
:105D40003030A1404024C23280C38E0F2000C141B8
:105D50000414043000C30B148230A140720C2000E4
:105D6000C14146E82E719FF1792200006041DE0DAD
:105D7000200080428420830F29089080B8F1E078C9
:105D8000E2C2C20AC002CB453100003F0C71C343DE
:105D900031005440C3413100143FC34431008C40B2
:105DA000A60A6000A1420C72C34331006440C341A3
:105DB0003100143FC34431008C408E0A6000A14280
:105DC0000C732C70C34331007440C34431009040C5
:105DD000760A6000A142C3413100783F820A600028
:105DE0000C71C3408000B41C2C70A20BAEFFB0DA63
:105DF000C2C6E078EAC21040AD70C3408000641DA6
:105E0000CB478000651DA0A8204050412846CA0C01
:105E10006005A0AF5F200123C3428000F82A19610A
:105E2000C2790F09642000A22845001F0214B0782F
:105E3000CAC6E078EAC21040AD70C34080006C1D55
:105E4000CB4780006D1DA0A82040504128468A0CF9
:105E50006005A0AF02419F210102C3428000FC2ADD
:105E60001961C2790D09642000A22845001F02149F
:105E7000B078CAC6EAC228461040AD70C340800060
:105E8000911DCB478000931DC3418000921DA0A8A7
:105E9000C1405041A0AF420C6005A0A916200104EA
:105EA000C279C3428000002B0D09642000A228455E
:105EB000001F0214B078CAC6FAC2FC1CC8B6A3C13F
:105EC000E08810410091C3BF284668455843C70881
:105ED000EE036E71002BD5238B250EA061F401110A
:105EE0008020F0ADC5B811AD00119020C60A600049
:105EF00040218020418623A502A521A5081D101060
:105F00006D208021842201000BAD0AAD412A800161
:105F10004025C2126341A14366082007504718413B
:105F20007F0870006E707B09F0304E70018604159A
:105F30001010001514102F08BE00001798204128DB
:105F4000C1007920003027781B083F004E7304867B
:105F50002586072000050721010405207E8003F423
:105F60004E720196782196300B2500A01EF2052472
:105F70003EA407F4CE0F000014700C7217F47920C1
:105F800000308241660F2000024278200000047237
:105F90000DF00D0F5112048E0708DF016E70624084
:105FA000A3C004141B34DAC60C7079219830402E3B
:105FB00050204908A504CE7221867F09BE004421E5
:105FC0000102658681850486408500178B2023B9F0
:105FD000877B077A792300100522FE802778C52069
:105FE000620014701278CA20A12005200006B308B0
:105FF0003E800A26002421F001960B2500A01DF208
:1060000001850015141000179520104205243EA0AC
:1060100004F4320F000091E8792500208241CE0E71
:1060200020004242147005200006CA20A2207308F6
:1060300071800A2600246E71782680200D1DC214FE
:106040005F0FB5910CAD2AD85708CE830811D22422
:106050006209600022401040284701862185001710
:106060008220608520440B1C823041C147083F01DB
:1060700040C341862F2182802607E6FF7A22002036
:10608000277817081F002286038607205020E7780C
:1060900005203EA085F3090A13A00427801F0000F5
:1060A00000C05220BE837CF5E5BA7AF32C702DAD8A
:1060B00077F13F0A13200427801F000000C0522000
:1060C000BE8317F41D0B303002404024C23280C31F
:1060D000060C2000E1410414043000C30B1482308C
:1060E0000240EE082000E14114705BF5C3F1792213
:1060F00000006041560A200080428420830F147201
:106100004EF3B9F1C3408000641DE07F0018030026
:10611000EAC20A2100216840120EE006084608453E
:1061200017E8402E0014457828A509A510DA01418A
:10613000A60F6EFFA1404A240074A140401D4310E9
:10614000A82080010110810499E9E07819F0C34387
:1061500080006C1DC34080006D1DA08B00886B0DFE
:1061600025100E70C3408000FC2A0080816D80AB3A
:106170002BE89F2501121D65D5F1401D0310402518
:106180000E1410DA2241520F6EFFC1404A240074EF
:106190000A208003411D4310A820800101108F04B4
:1061A00083EFE07803F0411D0310584D2C7018DA8E
:1061B000DA0F6EFF421D05100E7107EF220FE00689
:1061C000C1402DA50CA50240CAC6E078E6C20A254A
:1061D000000148402846084540406041A0424E0D1D
:1061E000E006604404E84110810004E90C70C6C672
:1061F0002F800E80C779A77805207E800C71F9F377
:10620000C3408000681DE08072EF4C70A140C14126
:106210002320C0030143ECF1E6C2CB4480006C1D97
:10622000808C0D7042243C901AF2CB458000FC2AF1
:10623000C0852D70A82000051C318C1F000048006F
:10624000DC6440148B10170B1110EB84AA840D71C1
:10625000277F077D0525FE9314F225711F08101076
:10626000CB448000681D808409EC041305000013F2
:106270000400608A232000034C710D700140C6C6E3
:1062800026148010C0B800AA3294088421A300A369
:10629000F6F1E078C34080006C1DE07F0018030039
:1062A000E4C28A0CE0066845084614700C7005F2DA
:1062B0004016811002E9C4C64216801004E82B86FD
:1062C0000A8609F01A0EE006C1402BA60AA6421E55
:1062D000431000A50C7121A5C4C6E078E2C24E0CA3
:1062E000E006684504E84310810020AD79200000F5
:1062F000C2C6E078C34080006D1DE07F0088E07872
:10630000E4C0C3438000701D4A244010A1830813D9
:106310000E04277D077E0526429305F2957485714C
:10632000B6F779220000C4C4F1C0020CC0060041D7
:1063300014700C7007F24411800044190300792096
:106340000000D1C0E07EE078F1C0E20BC0060EE8AC
:106350004D802C800521BE802C7309F441108000F3
:1063600078200000216803F02C70D1C0E07F20402D
:10637000F1C0BA0BC0060EE84B802A800521BE8012
:106380002C7309F44010800078200000216803F08D
:106390002C70D1C0E07F2040E2C2920BE00668453D
:1063A0002C700AE84D800C800520BE8004F22C7110
:1063B00000A541A52040C2C6E2C2720BE0066845B6
:1063C0002C700AE84B800A800520BE8004F22C71F4
:1063D00000A541A52040C2C6E6C2AD70C340800002
:1063E0006C1D00884B0D2510A140C3418000FC2A84
:1063F0009C300102C0811F664117801086E8E20CC4
:10640000E006284F2DA70CA74017801089E84217F7
:10641000801007E8CA0CE006E1402BA70AA7216D0F
:106420009C350112B866284544184300D8F1C6C609
:10643000E8C210B83040CD7005208F00C340800006
:106440006C1D0088530E2510C140C3418000FC2AFA
:106450009C300102A0811D6549852885E77A0721C6
:1064600000040520BE8017F44115801086E8720CE8
:10647000E006284D2DA50CA54015801089E8421591
:10648000801007E85A0CE006A1402BA50AA5441D80
:106490004310C571D4F1C8C6E6C2920AC0060847C7
:1064A00017E8CB4580006C1DC08D230EB410C14190
:1064B000C3408000FC2A9F210102008048DA196154
:1064C00080213E0E120C6EFFE140096E00AD79276F
:1064D0000010C6C6E8C28183284608452083008A8A
:1064E0004A0AE0068142084704E84117801012E892
:1064F000C3428000901D208AC3408000701D0E7032
:1065000036782471C1B9C1A0A0A020AA0240C8C693
:106510004F872E870E71C77AA7790521BE80F8F3C1
:10652000284FA1411E0C2007C14264E8AEA7CFA7A7
:10653000EEF1E078F4C2D34480006C1D50460014A4
:1065400082207042304008472E706E708309A5206B
:106550000A25C024C3408000FC2A1C318D2F000076
:106560004800C080DD6540158010A3E82B850A85B2
:10657000AE7107210104E77805207E8015F2A14065
:10658000E141C20B20070242001482201470CA2588
:10659000C1240BF222409C300102EAA52C1D0014FC
:1065A000D860421803000F0D31200A2340252671C0
:1065B000CEF19C310122227626168010C0B8001E32
:1065C000022032960886041A4020001A0020230D6B
:1065D0001120C3428000901D208AC3408000701D9E
:1065E00036782471C1B904180004E0A020AAA240A2
:1065F000D4C6E078C3418000681DE07F00A1E07848
:10660000F1C02A09E006684003E843180202D1C03D
:10661000E07F79200000E078E2C21209E0066845D8
:1066200005E8418520854DA02CA079200000C2C638
:10663000E6C3A5C1CB478000441D284608452CB7BA
:10664000AA09200007A70B80008827085101008FA6
:106650008FE880C0C3413200483C7E0A6EFF14DAE6
:106660001E0BA00280C0A140E209A002C141C6C722
:10667000F1C0C3413100E047C34231003448CA0988
:10668000E0060C70C34131009047C34231003448EA
:10669000B609E0060C71D1C0E07EE078E8C3A5C180
:1066A00028454A09200008462B80C3408000441D2D
:1066B0000010900080C0E089C3413200483C1A0AB3
:1066C0006EFF14DABA0AA00280C0150F111111086A
:1066D0003120C140EA0AA002A141C8C7C1404A0B0B
:1066E000A002A141C8C7E078E4C0C3438000921D66
:1066F000808B19EC79200300C3408000002BC08000
:1067000010BBAD710523830001860816021467785B
:10671000277A057A0D0D251378220000A571F6EA77
:10672000C4C40C70C4C4E078C3418000911DC34050
:106730008000921D00190300E07F00180300E0783C
:10674000C3408000911DE07F0088E078F1C0C34223
:106750008000941D00820BE83A88001A01005F2136
:1067600001065961238103E94079D1C0E07EE078D8
:10677000E4C2CB468000941D084581168010821E1D
:106780000310A0A688E8F60A800200168070800038
:10679000151E13E8001680708000141E3A8D210823
:1067A00040005F200006D86005806078811E0310DD
:1067B0008116801084E85209E0061A8D1A8D5F2038
:1067C0000006D860228004E96079A140C4C6E07860
:1067D000C3408000161EE07F0088E078C340800040
:1067E000042B0080E07F0090C3408000941DE07F78
:1067F0000080E078C3408000042B0080E07F0288A6
:10680000C3408000042B0080E07F03902278E07F6B
:1068100048200000F1C06E0A8002C3408000941D31
:106820002C706A096EFF84DAD1C0E07EC34180001B
:10683000042BE07F00A1E078C3418000981DE07F39
:1068400000A1E0785F200C06C34080009C1D98608A
:106850000C18000162A041A0E07F20A05F2000068C
:10686000C3708000AC1DE07F20A0E078C3408000B2
:10687000941D00801470E07CC3408000161EE07FF1
:1068800000184300E2C2C3418000151E208908455C
:1068900086E9EA0980027208E006A1405F25001639
:1068A000C3708000B01D2080247120A0C2C6E07893
:1068B000F1C05F200C06C3438000A81D9A632282AA
:1068C0004221418022A20FF46D1381000BE96C1369
:1068D000810013090100606460786D1B03009A0950
:1068E0008002D1C0E07EE078E2C2CB458000941DFA
:1068F000008509E81A885F200006B860068003E872
:1069000040780185821D43106078001D0110C2C6C9
:1069100044A820A8412A0C02412903064129020467
:1069200028B985A863A842A8E07F21A8F1C08E0FEE
:106930002EFF4C76D1C0E07F7820000099072EFF13
:106940004C76E078F41CC8B781C14C76081C053041
:106950006A0F2EFF041C01300C141F34E07F7820D6
:106960000000E0782D020005E6C2284608472F27E0
:106970007F036F233F00A609200508D800410CE8DB
:10698000001901000016807080003420C1A1EA09BE
:106990002005E2A92F267F03C6C6E078F1C0C340D8
:1069A0003000A0532E0A0005520A0005D1C0E07E37
:1069B000E4C0A188628840888588238808BDC4888F
:1069C00010BBA57A08BC40290006657A052601138C
:1069D0004578C4C4E6C0218865888288C388A688B3
:1069E000E7884088048808B908BB10BC10BD457909
:1069F000657818BE18BF257C057D05248013052504
:106A0000C113C6C4D1062EFF10DAE078C9062EFFE6
:106A100008DAE0784A240074A820000201118304F7
:106A20004088677A01189200E07EE07808440EE919
:106A3000011283048F7828BC6778F0260370320037
:106A40004C3E8D213F0E677CE07F9278E8C3A4C165
:106A5000CB458000341E4846284710402C7070DA21
:106A60002A0F2EFFA140C3410F004042C340310016
:106A7000CC4942C140C080C10C71C7B5E6B5001D0C
:106A80000214041C803F3100E44BFE0FA0020C1CDA
:106A900043303E0FC006C8C71474E020CD075F2006
:106AA0000C03C3408000501E986062A041A0E07FAC
:106AB00020A0E078EAC210400ED8704148465E0837
:106AC00020052847084513E8076D2241E5AD021D62
:106AD0000310C6AD6A0EEFFF041D0214C340800010
:106AE000EC1E008892082005A141CAC6F1C08A0A9E
:106AF0000005C34132005C46C3408000B4147E0BE5
:106B0000200720A0C3408000F41F00180100A60C3D
:106B100060000C70920A0005D1C0E07EECC210410A
:106B20001C4B0A22002168464847F20FE00430401F
:106B3000084517E81C4D4241C142C7ADE6AD051DF1
:106B40000214041D4214021D43108E0D2EFF02A5D7
:106B5000C3408000EC1E00881E082005A141CCC661
:106B6000E6C2CB478000CC1E484628450A0A2005CD
:106B7000147FC1B7320A2005A0B7C6C6E8C21040CC
:106B80000AD868464845960FE0042847004122E8A5
:106B900042203CA0041902040219830014F20C7074
:106BA00040214201A820000401178314031AD200D7
:106BB000F4250C1014210300047183B3011683140F
:106BC000FE1AD280C3408000EC1EAE0FE0040088A5
:106BD000C8C6E078E4C208450C76420FE0042846B7
:106BE000004116E842253C90A4A90219C3000AF20C
:106BF00040214001A8208001011682140118920052
:106C0000C3408000EC1E720FE0040088C4C6E07828
:106C1000E2C2660920055F200D0C34258D1F80001F
:106C2000E21E86090005A140C2C6E0784A24007130
:106C30000A21800F8000041FA8200002568905EA5F
:106C400046910D0A000030E1E07F0C70E07F108972
:106C50005F20000C3220800F8000EA1EE07EE0788A
:106C6000F1C016090005C3428000C014C341800072
:106C7000F81EC3408000E81F2C1A800F3200144712
:106C8000041A800F32006846001A800F32009C46BA
:106C90000019800F320074460018800F320004473C
:106CA00006090005D1C0E07E5F20000CC3708000A3
:106CB000DA1EE07E5F20000C3220800F8000E81E8C
:106CC000E07EE0785F20000CC3708000EE1EE07E66
:106CD0005F20000CC3708000D41EE07E5F20000C9B
:106CE0003220800F8000E71EE07EE0785F20000CFD
:106CF000C3708000F41EE07EE4C215260D70800093
:106D0000C41F7608200528469E082005C0A5C4C6D5
:106D10005F20000C3220800F8000ED1EE07EE078C6
:106D20005F20000C3220800F8000EB1EE07EE078B8
:106D3000E6C2C9685A260E1CC3408000121F48478D
:106D40002845360820051E66088E09E80096F5706D
:106D5000C520420302F4A67800B64E080005C6C658
:106D6000F1C016080005C3418000F01FC340800039
:106D7000001F0019800F320008470018800F3200F2
:106D80008C4626080005D1C0E07EE078E6C20846C1
:106D900028D88A0DE004284708451BE85F26001C18
:106DA00070D9C0B53220820F8000ED1E71D85470AA
:106DB000CA20410002AD046D0CDA1E0B2EFFE1412A
:106DC000C3408000EC1E0088AE0DE004A141C6C6A1
:106DD000F1C04A0DE0040C7400410AE8C340800091
:106DE000EC1E008838DA920DE00442A9D1C0E07EA2
:106DF000C1014000F1C0204010E9C3418000F01EF5
:106E000020898CE922883D796C2141003021810F55
:106E10008000B4144281407AD1C0E07EC34180003A
:106E2000EC1E00A9C3403100F855091903005D06A6
:106E3000200004190300E078C3418000F51E20897A
:106E40003470E07C0D08B0001473E07DE07F0C71BD
:106E5000E07F0C70F41CC8B7001602708000D01FD1
:106E6000834305B383D803B381C0607A24B30C1481
:106E70001F34E07EE2C3A2C1E20A200728450AE8E7
:106E800073D9021C423080C1360E2007041C4433E3
:106E9000C2C7E078C3418000F51E20893470E07CD1
:106EA00005E81471E07DE07F0C73E07F0C72E07800
:106EB000C3408000F51EE07F0088E078EEC20847FE
:106EC0002CD8A8460A230021704050414E0CE00403
:106ED000304208451AE831D802AD056D4241E4ADB3
:106EE0005E0AEFFFC0B51B4D1E0BEFFF22413B4D6D
:106EF000160BEFFF0241C3408000EC1E0088A14149
:106F0000760CE0042B1DC214CEC6E078F1C06A0EE8
:106F1000C004C3408000CC142418800F3200944871
:106F20000018800F3200A0487E0EC004D1C0E07E61
:106F3000E8C210401AD84846E20BE004284708454A
:106F400013E830D802AD046DE141BE0AEFFFC0B5D1
:106F50002C4DEE09EFFF0241C3408000EC1E00887B
:106F6000160CE004A141C8C6E8C208470CD8484640
:106F7000AA0BE0043040084510E835D802AD056D95
:106F80000241BE09EFFFE4ADC3408000EC1E008863
:106F9000A141E60BE004CBADC8C6E078E2C3E60948
:106FA0002007A4C1084525E82C15801022E881C0DF
:106FB0002C70DA092EFF0CDA0A8546955BD9CB4492
:106FC0008000D01F021C443041280106708D0B1C2C
:106FD000423020848B4543B562C04128020428B862
:106FE000091C023080C060B560790A1C8230C2C7BB
:106FF000060E20000695C2C7E2C38224023EC341AA
:107000008000D4144081C3413200FC47CB4580004E
:10701000E81E1D0A600000A5E60C0000C4E008F7A9
:10702000208561D812B840C0607980C0C2C7E078BE
:10703000E4C208460C76E60AE004284500410CE864
:10704000C3408000EC1E008823DAA4A9C0B12A0B3B
:10705000E00442A9C4C6E078E6C2084610D8BE0AD9
:10706000E0042847084511E822D802AD046D0CDA87
:10707000E14166082EFFC0B5C3408000EC1E0088C9
:10708000F60AE004A141C6C6E8C2104016D8484638
:107090008A0AE004284708450FE8F4AD001D0414EF
:1070A000021D031106EE046DC1412E082EFFE142C0
:1070B0002E0C2004A140C8C6E4C208460C745E0A27
:1070C000E004284507E8A3A8C0B0160C2004021865
:1070D000C300C4C6E6C2084616D8420AE0042847E0
:1070E00008450FE8C0B505EF021D831506F00CDA60
:1070F000C1400E0E2004A141E60B2004A140C6C6EB
:10710000C3408000EC1E00882C70BD07E00341DA0C
:107110008E886D884C880F8808BC10BB986018BAA0
:10712000786059600929800F0F004042E07EE078C6
:10713000C3408000842AE07EC34080001C20E07FA2
:107140000080E078C3408000202026888C21C38FF7
:10715000E07D45030000E078C340800026200088E1
:107160008C20C38FE07FCA202100E078C3408000DC
:107170001820E07F0080E078C34280001820C340E0
:107180003200383EC3418000C8140E1AC30F01A25A
:107190000019800F3200AC48E07F00A2C34080009D
:1071A000D4140018800F3200B848E07EEAC21040C4
:1071B00016D8704148476609E0042846084514E897
:1071C00029D8F5ADD4AD001D041402AD05EE046D53
:1071D0003608EFFF2241001680708000EC1E9A09ED
:1071E000E004A141CAC6E078EAC2104008D8884548
:1071F000704148462609E00428470FE8C2BD5321E4
:107200008120C5A8E4A80018040402188300A7A8D8
:10721000CE0A200426A8CAC60041C3408000842AA2
:10722000B506EEFE60DAE078E4C208460C76EE08B9
:10723000E004284507E8A4A8C0B0A60A2004021864
:107240004301C4C6228842210008E7E00C74E02014
:10725000CD07F42640703200EC46E07EE2C2228880
:107260000845C3408000C41F0909900A0D09110B8D
:10727000208004E96079A140C3408000E81E20809E
:107280006079A140C2C6E078E2C3A1C1FE0DE00171
:10729000031C03303609000208453E0A200340243F
:1072A000C0300314C13008E88AE1A14104F2AF788C
:1072B000492081012D78C2C7C34080009C15F5018B
:1072C0008002E078C340800020152104CFFEE078E2
:1072D00061800080C3428000341622A261A2E07F58
:1072E00000A2E078F41CC8B72288C343800034169B
:1072F0001D09100543099104808803884283218376
:10730000091C023362C0041C813015F0408B2888B0
:107310002709810023901509710000904283218381
:1073200062C0041C013007F04283218362C0041C48
:107330004130607A81C00C141F34E07EE2C3A1C1E9
:107340001909710588454024C130B60DEFFE4C7116
:1073500021850314803000A90C70C2C7E6C3A1C107
:10736000CB4580008821608D08462AEB021C8230C4
:1073700028BA60C128B9031C8230011C42300EEECD
:10738000218D960CEFFEC1401AE880C312D94C74CF
:107390000A0EEFFEC14014F04A264010218DCF7F27
:1073A000760CEFFEE14008E880C312D94C74EE0D74
:1073B000EFFEE140C571CF78E5085481C6C7E0789B
:1073C000C3418000882101A9E07F00194300E078D3
:1073D000084495E10C70E07D8140604180426D057C
:1073E000EFFEA043C3428000B02121A2E07F00A2B3
:1073F000E4C30B083F00A1C1C4C7CB458000A02156
:107400004024C130360FA004A140084676E803149A
:1074100080301908900023081101320B6007C14029
:107420003E0FA004C140EEF1F20D2007C1406AE812
:1074300024854079E6F1CD08518100160170800065
:10744000741560E96079C1405CE826854079DAF11D
:107450004A2400712C70C3408000D421841840005D
:1074600080184000A82000011C18D50FC3428000DE
:1074700060228A2044012AA203B249006007001A50
:10748000C506E0782D060001C3418000A821E07FF9
:1074900000A1E078C34080004C22E07EC340800021
:1074A0006222E07F0090E078E4C3A2C1720860012C
:1074B00080C00014BA3001148130021480300314EB
:1074C00082304A2300708F2904001B28BE0F010060
:1074D000000021C305148C3018BA06148D30002228
:1074E00080F007148E30412302F008BC7A6210BD90
:1074F0009A6218BEBA62D962C4C7E078C3408000FD
:107500006022E07F0090E078E906CFFFC341800071
:10751000A0211819800F31005C0B201902000419FA
:1075200001003107EFFF00190100E078F41CC8B733
:10753000061C4335A60B2001041C053062C0071C45
:10754000023081C0420F20072C760C141F34E07EDD
:10755000F41CC8B7061CC3359A0C2001041C053066
:1075600062C0071C023081C01E0F20072C760C144D
:107570001F34E07EBD040001E2C3A6C1FA0D200164
:10758000284561C0031C023040244031A1417A0CDF
:10759000AFFF021CC33680C0EE0E200716D9C2C74B
:1075A000D41CC8B7620E00010AE862C026D9071CC5
:1075B000023081C0D20E2007061C42302C141F342A
:1075C000E07EE078C50140011D024001EC1CC8B717
:1075D00007D812B841C040244032560F2001081C81
:1075E000033081C0A20E20070ED914141F34E07E90
:1075F000490600016D034001E9034001F01CC8B7D2
:107600008B4422B481C10E1C843164B443B40C1C7D
:107610004431260C60010A1C043110141F34E07E32
:10762000F41CC8B7061C8335760C6001041C0530B9
:1076300062C0071C023081C04E0E20072C760C144D
:107640001F34E07EB5044001F41CC8B7061C833625
:10765000460D6001041C053062C0071C023081C069
:10766000260E20072C760C141F34E07E6D05400199
:10767000D1020001A50540017D064001F81CC8B7F4
:107680005EDA041C05300A0F6001061C8230071CFC
:10769000023081C0F20D20072C7408141F34E07EE4
:1076A0004D074001AD074001E9074001C34080009C
:1076B00079220088E07F79200000E078E2C3A3C14E
:1076C00082C10845021CC331760E2001001C043023
:1076D000031C023061C080C00AD9AE0D2007061C11
:1076E0004433C2C769044001C3408000C121BD06C4
:1076F000200700184300E078C3418000AC21E07F00
:1077000000A1E078EAC208450188208D021590109A
:1077100008B83860638D107C81403A0C2007914195
:10772000084716E8CB468000542208BBC140520DE2
:10773000A0040020D02006E8148E04E8168F0CE880
:107740002C70C1400E0CA004A1420CF0120CA0043D
:10775000A140CAC62F210804E140360F2007A142EC
:107760002F2008043A0DEFFFA968042D0110188F8F
:10777000528E386004710F79DB09A48018AF178F1F
:10778000E9E8C3408000B42140802C712240607A37
:10779000171F4310CAC6E078C3428000662221AAA0
:1077A000E07F00AAC34180006022E07F00B1E07862
:1077B000C34080009422E07F00180100E2C3A2C110
:1077C0008A0F6001084527D9031C023061C0021CE2
:1077D000423080C008D9B20C2007061C4433C2C70F
:1077E000E2C240802C71001E4070F00040096F23FF
:1077F0003F001AEA828090E27D224304CA222D04CF
:1078000015BB402A010450244D156579130CFF1354
:10781000257D2180C340F0001424BE08CEFE8208DE
:107820002000A140C2C6E078E2C22F27BF006F232C
:107830003F00CB458000D016208D247120AD2F262F
:10784000BF000CE8C34032005039C20B800CC3406B
:10785000800080210018010008D8C3410000FFFF0C
:10786000420BA00207DAC342800010162082638117
:1078700000414040C3420000FFFF407B2F277F00B4
:107880006F233F00008D05E8008D047700AD001EDA
:107890004170F000800A2F267F00C2C6C342F0006C
:1078A000102420824421418003F4F01A0080E07FFC
:1078B0007821000000160070F00010244420000819
:1078C000E07F78200000E078E6C0C342F0000C249E
:1078D0000B08B500208282B902F0A2B95A20CE016D
:1078E000CB473200E03220A2DD67618D048D258D0B
:1078F000EE66828D10BB40280F044029000218BE9E
:10790000268D657E638D08BCE57805790526001314
:107910006578F81A0080FC1A4080C6C4C342F000A3
:107920000C24208203E881B902F0A1B9E07F20A2F3
:10793000C34380006E20008BC34280006D20808A8C
:1079400004710F79090C651000AB00AAC3428000D6
:107950006C20208AC34080007020608801690F7904
:107960000D09E40000AA0C70001A0300C341800056
:1079700074200F785F20000520813860E07F0018B8
:107980000100E078090020000C70E078EAC2CB46E4
:10799000800030FB358EB70930001041181690106A
:1079A00035093120F98EC341F000083400810F20E1
:1079B000000400A100810F20C00300A1F811008085
:1079C0000F200004F8190080F81100800F20C00378
:1079D000F8190080001600708000742006E8001678
:1079E0008D708000702007F0B48E960DAEFD5F257F
:1079F00000151470CA25211056082000A141CE0E92
:107A0000EFFF168E178E1A0FEFFF79200000C3428A
:107A1000F0000C2480820C71C341F0003434002843
:107A20000D04F87888BC80A2A0A100A107D9D608CF
:107A3000AEFD024008D9CE08AEFDE1400F0911208D
:107A4000C340800034156E0A4002CAC6E4C2AD715C
:107A5000CB46F0002809A0A6A3A66F233F00C3428F
:107A60008000742000A25F210205C34380007020C3
:107A700020AB1A0FAEFE2C700C70CB4480006F2030
:107A8000C34380006C20C34280006D20C34180004E
:107A90006E20FC1E409300AC00AB00AA00A9A2A679
:107AA000C4C6E078C34080006E20E07F0088E078A4
:107AB00008B88FB83900200098B8E078C34080003B
:107AC00030FB001E00708000E0FAE07EC106EFFF90
:107AD0000C71E078F1C0C34180006E20208984E9F8
:107AE000020DCFFF4E0ECFFFD1C0E07EE8C22F27A0
:107AF0003F046F233F0010DC2F263F03CB44800060
:107B00007020CB4580006E20808CA08DC96C2F0D1D
:107B10008313CB4480006C20808CCB478000742082
:107B2000E0875F240C15FC6402A4814021A4101C92
:107B3000001163A4A20FEFFF40A42F263F043F26AD
:107B40004013C8C6F1C0620FCFFF14700C7209F465
:107B500000160170F000102407091F000C71D1C03D
:107B6000E07EE078C6B808B8C37000010000810765
:107B7000CFFFE078A81C08B041C142C243C3101C2B
:107B80000031141C4031181C80311C1CC031201CD9
:107B90000032241C4032281C80322C1CC0324CC4C1
:107BA000341C8037381CC0373C1C803E401CC03E13
:107BB000441C003F6A20800052C06A20C00053C0AD
:107BC000AA20D60054C0AA20560055C00C71001E31
:107BD0000070F00088096F233F00C34080007817D1
:107BE000408005EA0C70607A2C7015C0AB205600FE
:107BF00014C0AB20D60013C06B20C00012C06B2095
:107C0000800011C040143B300A2400703C143A300C
:107C100038141F3034141E300CC42C140B302814AC
:107C20000A3024140930201408301C1407301814AA
:107C30000630141405301014043003C302C201C10D
:107C4000581400346F243F00A81C08B041C142C240
:107C500043C3101C0031141C4031181C80311C1C03
:107C6000C031201C0032241C4032281C80322C1CC5
:107C7000C0324CC4341C8037381CC0373C1C803E9A
:107C8000401CC03E441C003F6A20800052C06A2055
:107C9000C00053C0AA20D60054C0AA20560055C028
:107CA000001600708000782002E8407815C0AB20F4
:107CB000560014C0AB20D60013C06B20C00012C009
:107CC0006B20800011C040143B300A2400703C142B
:107CD0003A3038141F3034141E300CC42C140B30BE
:107CE00028140A3024140930201408301C140730DA
:107CF00018140630141405301014043003C302C2E3
:107D000001C1581400346F243F00E078A81C08B06B
:107D100041C142C243C3101C0031141C4031181C25
:107D200080311C1CC031201C0032241C4032281C15
:107D300080322C1CC0324CC4341C8037381CC037F5
:107D40003C1C803E401CC03E441C003F6A2080001A
:107D500052C06A20C00053C0AA20D60054C0AA2036
:107D6000560055C00016007080007C2002E8407864
:107D700015C0AB20560014C0AB20D60013C06B203A
:107D8000C00012C06B20800011C040143B300A2498
:107D900000703C143A3038141F3034141E300CC4B8
:107DA0002C140B3028140A30241409302014083005
:107DB0001C14073018140630141405301014043045
:107DC00003C302C201C1581400346F243F00E0789D
:107DD000E2C2FC1CC8BEFC1C88BEE1C4FC1CC8B2CC
:107DE000FC1C88B2FC1C48B2FC1C08B2FC1CC8B1CC
:107DF000FC1C88B1FC1C48B1FC1C08B1E1C3E1C209
:107E0000E1C1E1C0FC1C88B7AA255610E1C5AA252E
:107E1000D610E1C56A25C010E1C56A258010E1C50C
:107E2000FC1C08BFC343F000CC0840830C702C71CD
:107E30000F7D010A6E03047100294003CBB802A331
:107E40006F233F00AA0BCFFE001601708000802038
:107E500003E96079A140C1C50A244073C1C56B25FF
:107E60008010C1C56B25C010C1C5AB25D610C1C5DA
:107E7000AB25561004141E34C1C0C1C1C1C2C1C358
:107E800004140434041405340414063404140734AC
:107E9000041408340414093404140A3404140B348C
:107EA000C1C404143A3404143B34C2C26F243F00EA
:107EB000FAC2FC1CC8B6FC1CC8BEFC1C88BEE1C4CF
:107EC000FC1CC8B2FC1C88B2FC1C48B2FC1C08B2EA
:107ED000FC1CC8B1FC1C88B1FC1C48B1FC1C08B1DE
:107EE000E1C3E1C2E1C1E1C0FC1C88B7AA2556107C
:107EF000E1C5AA25D610E1C56A25C010E1C56A25ED
:107F00008010E1C5FC1C08BFA4C1CB4680006F20D7
:107F1000008ECB4780007420001712105F201005E0
:107F20009609EFFF00220D2440852285522019007A
:107F30007C224004504105204C866C704840CA2188
:107F4000212404219B8F000000808E7010F20022FB
:107F50000224C340F0002424041214000410170467
:107F60000010160004101500081013004424589047
:107F700013F2008EC34180007020408904710F7994
:107F80000B09A40000AE0C7060AE0F7820875F2054
:107F90000005386010F0818541290E044129020254
:107FA0004129030622712274A140CAAD49AD6BADCF
:107FB00028AD81A5022041142A08EFFF20A513084F
:107FC0001030C34080006E202088247720A8210B29
:107FD000303080C1824022420C1CC034081C403525
:107FE000041C8035F208AEFE001CC0351508303088
:107FF000002090241E4206EA0645607A4E21003099
:10800000A4C0C1C50A244073C1C56B258010C1C579
:108010006B25C010C1C5AB25D610C1C5AB25561008
:1080200004141E34C1C0C1C1C1C2C1C3041404348C
:1080300004140534041406340414073404140834F6
:108040000414093404140A3404140B34C1C4041491
:108050003A3404143B3404141B34DAC26F243F0056
:10806000A81C08B041C142C243C3101C0031141CFB
:108070004031181C80311C1CC031201C0032241CD3
:108080004032281C80322C1CC0324CC4341C803737
:10809000381CC0373C1C803E401CC03E441C003F86
:1080A0006A20800052C06A20C00053C0AA20D600B7
:1080B00054C0AA20560055C0C340F000A409208037
:1080C0004B21808108F2081881016F233F00DE08F0
:1080D000CFFE0BF0E3B909F2081801026F233F004D
:1080E000860EA0010C7115C0AB20560014C0AB2049
:1080F000D60013C06B20C00012C06B20800011C0DE
:1081000040143B300A2400703C143A3038141F30BD
:1081100034141E300CC42C140B3028140A302414D0
:108120000930201408301C140730181406301414B9
:1081300005301014043003C302C201C158140034C6
:108140006F243F00E6C2FC1CC8BEFC1C88BEE1C414
:10815000FC1CC8B2FC1C88B2FC1C48B2FC1C08B257
:10816000FC1CC8B1FC1C88B1FC1C48B1FC1C08B14B
:10817000E1C3E1C2E1C1E1C0FC1C88B7AA255610E9
:10818000E1C5AA25D610E1C56A25C010E1C56A255A
:108190008010E1C5FC1C08BFC340F000A40920808A
:1081A0004421418022A06F233F0026F2860E200446
:1081B0000C70CB458000E0FD0085CB46800010218F
:1081C000EE880016C0100D081200008E047700AE75
:1081D000B20E20040016C010070F9E1100857E0EFF
:1081E00020040016C010BE0C8001320D8001460E26
:1081F00020040C71C1C50A244073C1C56B258010D1
:10820000C1C56B25C010C1C5AB25D610C1C5AB25F6
:10821000561004141E34C1C0C1C1C1C2C1C304146C
:108220000434041405340414063404140734041408
:1082300008340414093404140A3404140B34C1C47B
:1082400004143A3404143B34C6C26F243F00E0786F
:10825000A81C08B041C142C243C3101C0031141C09
:108260004031181C80311C1CC031201C0032241CE1
:108270004032281C80322C1CC0324CC4341C803745
:10828000381CC0373C1C803E401CC03E441C003F94
:108290006A20800052C06A20C00053C0AA20D600C5
:1082A00054C0AA20560055C0AA20900275B82C715F
:1082B0000F7818792F79001E4070F00020086F2386
:1082C0003F00001601708000842003E9407915C04A
:1082D000AB20560014C0AB20D60013C06B20C000EA
:1082E00012C06B20800011C040143B300A24007083
:1082F0003C143A3038141F3034141E300CC42C1483
:108300000B3028140A3024140930201408301C14AF
:10831000073018140630141405301014043003C349
:1083200002C201C1581400346F243F00A81C08B0D9
:1083300041C142C243C3101C0031141C4031181CFF
:1083400080311C1CC031201C0032241C4032281CEF
:1083500080322C1CC0324CC4341C8037381CC037CF
:108360003C1C803E401CC03E441C003F6A208000F4
:1083700052C06A20C00053C0AA20D60054C0AA2010
:10838000560055C00C71001E0070F00020086F23CD
:108390003F00EA0E200C0C7015C0AB20560014C034
:1083A000AB20D60013C06B20C00012C06B20800031
:1083B00011C040143B300A2400703C143A30381489
:1083C0001F3034141E300CC42C140B3028140A3007
:1083D00024140930201408301C14073018140630F7
:1083E000141405301014043003C302C201C1581420
:1083F00000346F243F00E078A81C08B041C142C29D
:1084000043C3101C0031141C4031181C80311C1C4B
:10841000C031201C0032241C4032281C80322C1C0D
:10842000C0324CC4341C8037381CC0373C1C803EE2
:10843000401CC03E441C003F6A20800052C06A209D
:10844000C00053C0AA20D60054C0AA20560055C070
:10845000001E0172F00020086F233F001E0E200C4A
:108460000C7315C0AB20560014C0AB20D60013C04F
:108470006B20C00012C06B20800011C040143B3044
:108480000A2400703C143A3038141F3034141E3063
:108490000CC42C140B3028140A3024140930201476
:1084A00008301C140730181406301414053010144A
:1084B000043003C302C201C1581400346F243F00CA
:1084C000A81C08B041C142C243C3101C0031141C97
:1084D0004031181C80311C1CC031201C0032241C6F
:1084E0004032281C80322C1CC0324CC4341C8037D3
:1084F000381CC0373C1C803E401CC03E441C003F22
:108500006A20800052C06A20C00053C0AA20D60052
:1085100054C0AA20560055C08A200800001E0070D2
:10852000F00020086F233F00C20C8FFE0016007081
:108530008000882002E8407815C0AB20560014C0A7
:10854000AB20D60013C06B20C00012C06B2080008F
:1085500011C040143B300A2400703C143A303814E7
:108560001F3034141E300CC42C140B3028140A3065
:1085700024140930201408301C1407301814063055
:10858000141405301014043003C302C201C158147E
:1085900000346F243F00E078A81C08B041C142C2FB
:1085A00043C3101C0031141C4031181C80311C1CAA
:1085B000C031201C0032241C4032281C80322C1C6C
:1085C000C0324CC4341C8037381CC0373C1C803E41
:1085D000401CC03E441C003F6A20800052C06A20FC
:1085E000C00053C0AA20D60054C0AA205600EE0FE7
:1085F000600255C015C0AB20560014C0AB20D60099
:1086000013C06B20C00012C06B20800011C040144A
:108610003B300A2400703C143A3038141F303414B4
:108620001E300CC42C140B3028140A3024140930CA
:10863000201408301C1407301814063014140530A8
:108640001014043003C302C201C1581400346F2453
:108650003F00E078E2C2FC1CC8BEFC1C88BEE1C43E
:10866000FC1CC8B2FC1C88B2FC1C48B2FC1C08B242
:10867000FC1CC8B1FC1C88B1FC1C48B1FC1C08B136
:10868000E1C3E1C2E1C1E1C0FC1C88B7AA255610D4
:10869000E1C5AA25D610E1C56A25C010E1C56A2545
:1086A0008010E1C5FC1C08BF00160070F0006008D7
:1086B000CB4580003821E0B860002200E4B85DF2CC
:1086C000001E0174F00068086F233F002A0F80022B
:1086D00066950C74AB209A006F233F00AA209A0580
:1086E00000168170F0007C40AD200602127AD37033
:1086F0000000FF1F304BC020820007B52795418541
:10870000001D0110041D011085EA0285147035F268
:108710004285650020000C72001E4170F000680860
:108720006F233F003A0FA0020C7186950C74AB20AA
:108730009A006F233F00C341F0007C40AA209A05B5
:108740004089AD200602127BD3700000FF1F504C01
:10875000C020C20007B5D81100801F08DE01279590
:108760004185001D0110041D011085EA028505E800
:1087700042850C70407AC1C50A244073C1C56B257F
:108780008010C1C56B25C010C1C5AB25D610C1C5B1
:10879000AB25561004141E34C1C0C1C1C1C2C1C32F
:1087A0000414043404140534041406340414073483
:1087B000041408340414093404140A3404140B3463
:1087C000C1C404143A3404143B34C2C26F243F00C1
:1087D000A81C08B041C142C243C3101C0031141C84
:1087E0004031181C80311C1CC031201C0032241C5C
:1087F0004032281C80322C1CC0324CC4341C8037C0
:10880000381CC0373C1C803E401CC03E441C003F0E
:108810006A20800052C06A20C00053C0AA20D6003F
:1088200054C0AA20560055C0C341F0005C09008125
:10883000E0B829F2081941006F233F0000160170CB
:10884000F0000404C342F000141C2F09BF00008292
:10885000CB4480001C21C34380005C2B00A42182F8
:10886000408321A402EA407AC3408000142B008098
:1088700009E8407807F02182C3428000182B40822B
:10888000407A15C0AB20560014C0AB20D60013C0F0
:108890006B20C00012C06B20800011C040143B3020
:1088A0000A2400703C143A3038141F3034141E303F
:1088B0000CC42C140B3028140A3024140930201452
:1088C00008301C1407301814063014140530101426
:1088D000043003C302C201C1581400346F243F00A6
:1088E000A81C08B041C142C243C3101C0031141C73
:1088F0004031181C80311C1CC031201C0032241C4B
:108900004032281C80322C1CC0324CC4341C8037AE
:10891000381CC0373C1C803E401CC03E441C003FFD
:108920006A20800052C06A20C00053C0AA20D6002E
:1089300054C0AA20560055C0AA2090022C71422093
:10894000000E1879001E4070F000840A6F233F006B
:108950000016017080008C2002E9407915C0AB2020
:10896000560014C0AB20D60013C06B20C00012C04C
:108970006B20800011C040143B300A2400703C146E
:108980003A3038141F3034141E300CC42C140B3001
:1089900028140A3024140930201408301C1407301D
:1089A00018140630141405301014043003C302C226
:1089B00001C1581400346F243F00E078A81C08B0AF
:1089C00041C142C243C3101C0031141C4031181C69
:1089D00080311C1CC031201C0032241C4032281C59
:1089E00080322C1CC0324CC4341C8037381CC03739
:1089F0003C1C803E401CC03E441C003F6A2080005E
:108A000052C06A20C00053C0AA20D60054C0AA2079
:108A1000560055C0001E0174F00044086F233F004B
:108A2000001600708000902002E8407815C0AB204E
:108A3000560014C0AB20D60013C06B20C00012C07B
:108A40006B20800011C040143B300A2400703C149D
:108A50003A3038141F3034141E300CC42C140B3030
:108A600028140A3024140930201408301C1407304C
:108A700018140630141405301014043003C302C255
:108A800001C1581400346F243F00E078E2C2FC1C9E
:108A9000C8BEFC1C88BEE1C4FC1CC8B2FC1C88B269
:108AA000FC1C48B2FC1C08B2FC1CC8B1FC1C88B100
:108AB000FC1C48B1FC1C08B1E1C3E1C2E1C1E1C04A
:108AC000FC1C88B7AA255610E1C5AA25D610E1C519
:108AD0006A25C010E1C56A258010E1C5FC1C08BFED
:108AE000AA2190027FB90C712F7DB878C3B8001EFF
:108AF0000070F00044086F233F00F60E6FFE10B8C0
:108B0000001601708000942003E96079A140C1C57E
:108B10000A244073C1C56B258010C1C56B25C010E8
:108B2000C1C5AB25D610C1C5AB25561004141E34E3
:108B3000C1C0C1C1C1C2C1C304140434041405348A
:108B400004140634041407340414083404140934D7
:108B500004140A3404140B34C1C404143A34041445
:108B60003B34C2C26F243F00A81C08B041C142C2BE
:108B700043C3101C0031141C4031181C80311C1CD4
:108B8000C031201C0032241C4032281C80322C1C96
:108B9000C0324CC4341C8037381CC0373C1C803E6B
:108BA000401CC03E441C003F6A20800052C06A2026
:108BB000C00053C0AA20D60054C0AA20560055C0F9
:108BC000C60BA0030C7215C0AB20560014C0AB201E
:108BD000D60013C06B20C00012C06B20800011C0F3
:108BE00040143B300A2400703C143A3038141F30D3
:108BF00034141E300CC42C140B3028140A302414E6
:108C00000930201408301C140730181406301414CE
:108C100005301014043003C302C201C158140034DB
:108C20006F243F006F243F006F273F006F233F00FA
:108C30004A248074CB44F00008084C702C708143A7
:108C4000A82040050D09700499D84040001BC10FB1
:108C5000152400100C18C10F6F233F001818C10F06
:108C60006F233F0024E309E22471E07EC3408000CB
:108C700058FB0080BA108000C3B884B82F263F008C
:108C8000E07EE0784A24807CC34380004CFB0C707B
:108C9000A820C00226834020020409610471AB228F
:108CA000D002AB2188010ED9C340F000AC0920A04E
:108CB0006F233F00F0184080E4184080148BC3B845
:108CC00084B82F263F00E07EC340800058FB6080C0
:108CD0004A2440746D700C70A82000045A200109C9
:108CE000044B0021820FF00000081523010080A230
:108CF000318104710C1A40004A24807CA8200003B2
:108D0000881381004023001465716471AB20D00288
:108D1000AB218801E07EE078E1C5C340800058FBCC
:108D2000A0804A2440748D704A210000A82080034E
:108D30005A210009152542102471C370F000000863
:108D4000608060A2038011A24A24807C552581188E
:108D5000A8208002284CAB20D0028571AA2088016F
:108D6000011912002F273F006F233F00BA1D021088
:108D7000C2C4E078E2C244AB412A0C02447406ABA0
:108D800020AB41280D0228B942AB28BA6040A7ABFE
:108D900085AB21AB72096FFF43ABC2C6E8C2284660
:108DA0008E0EEFFE10403BE8CB458000C4221F65CD
:108DB0001ED9A1407A082004101F831414D83E0D38
:108DC000A006041D0414004329E8081B8304C341C2
:108DD0008000C02200890CDA09AB008914AF8C2016
:108DE000C38F0471CA20610000A90B1B03000A1B7A
:108DF0000302008E02410CAB018E0DAB028E0EAB56
:108E0000038E0FAB048E10AB058E11AB068E12AB2A
:108E1000078E13AB620FEFFF0C75C8C6C34180000D
:108E20009C22C34231004062C34031004462241995
:108E300043002019800F3100486245A144A143A19D
:108E40000819800F3100006301A100A1C340310067
:108E50004C62C3413100C0628D050FFF1474C340E2
:108E600080009C2204F443A0E07F20A044A0E07F87
:108E700021A0E078F1C009E902890F0851000091B2
:108E8000F60FEFFE2C71D1C0E07EE078C341800088
:108E9000CA220AA906A9E07F001943004C70C34109
:108EA0008000D922C3408000B82243A942A941A929
:108EB0000018800F31006463E07F40A9C341800047
:108EC0007C26208904791071E07DD5030000E078CC
:108ED000001600708000382BC34180001C2300194D
:108EE000800F3100F0B0048889E0E020C507C3405E
:108EF0008000C02920808EB9E07F20A0F02600707D
:108F0000800078231470E07C0078E078F1C092084B
:108F1000E007284410E8201082000020810F0000A4
:108F2000F80A0C70130A3E0180A9001E027380002B
:108F30007C2603F042D8D1C0E07EE078E8C2CB4581
:108F40008000102A408D304008470CD802EAC8C67D
:108F5000C38DE140B60DA00B7826011002AD1BE8D1
:108F6000C3408000F82440DAE1416E092EFE001D66
:108F70004310C3408000D82420DA5E092EFE02414F
:108F8000C3408000D4247E0BE003001883000C70E3
:108F9000C8C6D57012D8CA202100C8C6F1C0C341C6
:108FA0008000102A008914700CD80CF4C340800093
:108FB000D424001943004E0BE003001843000C704A
:108FC000D1C0E07E001601708000B42302E9007970
:108FD000C3400000FFFFE07EC3418000302B9F2094
:108FE0000E0120813860E07F0288E078C341800074
:108FF000302B9F200E012081196180210403E07F26
:109000000011C000C3418000302B9F200E01208141
:10901000196188110006E07F89110106E8C230401D
:10902000B60AE0030847C3418000382B2081CD7089
:1090300022118D00C3418000302B9F250E111D652C
:10904000F24D2508A42000A102208120FA0B600B1C
:10905000A1400AE81D658A220E01C3418000AA29A9
:10906000F64D40B1C140C8C60016017080002023F3
:1090700002E90079E07F0C70C3418000302B004290
:109080009F220E0120815961CB11010602E900796E
:10909000E07F0C70001601708000242302E9007943
:1090A000E07F0C700041C3408000302B00809F2186
:1090B0000E01E07F2860E078C3418000302B9F20C4
:1090C0000E0120813860208808E98020090F00887F
:1090D00044200001E07F22B8E07F0C70F1C0C20E96
:1090E00080074C700AE88A21450C296006E9562061
:1090F000800B008878204200D1C0E07F4040E078BB
:1091000075B900438EE10C70E020CD072F7A012E57
:1091100082700000CF7CE0BAE07CC3428000302B3C
:109120009F230E0140822D798A20C90E7A62322156
:10913000830F3200AC3C086270700C71E07CA112AD
:1091400001061121C080E07DE07F0C70C3428000E9
:10915000302B9F200E01408258600D882478E07FDC
:1091600079200000E6C3A1C108450288C341800000
:10917000C023001E40738000342B8C20C38F07F265
:10918000014915E96079A14011F0038D86E8C340DB
:109190008000742400184300E46916DE04170114EB
:1091A00003E96079A1408C263F1FCB4580007424E1
:1091B000008D24E8C34080003D2900889EE86E0DA4
:1091C0008FFED6088FFE420F4FFEDE0AC002560801
:1091D000C000CB4780007C244A2680150417001469
:1091E00002E840788C263F1F0C7090B840C080C0C9
:1091F000660FA000001D0310C6C7E078C340310011
:10920000BC8FC3428000C429001E00708000DC2691
:10921000001E007080003C240082C3418000542462
:10922000CB4480004425C34380004C244520800368
:109230000019800F310028A8001C801F310068B879
:10924000001B800F3100AC99BD07600100A2E078DF
:10925000E2C2001600708000382B2C70CB458000D5
:10926000602423A522A521A50488C3428000D82319
:10927000001A800F3100D0AB1308340220A5C3417F
:109280008000C029008186B800A1C340310038ACFD
:10929000660B8FFE8A20840103B5C2C6F1C07E082A
:1092A000E00318D800410FE88A238C01C3408000F6
:1092B000A82961B100884C7045A943A1BA08E00310
:1092C00042A1D1C0E07EE078E4C2C3408000382BE8
:1092D0000080CB458000302B0015021022108E003C
:1092E000C577C1409C300E015860208805E97E0B8F
:1092F000C00885E84085F6EE0C70C4C6E2C2AA0F2D
:10930000A0030845C341800075290089B860B20FE9
:10931000A00300A9C2C6E078F1C0C3408000A82322
:109320000018800F3100C8AFC3403100ECAF8A088D
:10933000C003C3428000C0290082C3418000132AB9
:10934000001903009BB8D1C0E07F00A2EAC2084523
:10935000C3408000302BA1429F220E01C0803040CC
:109360005F666E0CE006E140570820042E708A21EB
:109370008D02851703173267821701176A7A2471E5
:109380002C7A02419C310F0A9C32930833098400E5
:109390009F250E112E71DD656D158110761D18103B
:1093A0007B1D18140DE95625801F7A0AE00302413F
:1093B00076150116802507176A0AE003A1402240AE
:1093C000CAC6E078C34280009C296A820B0B1E0249
:1093D000128289B812A20D0B9E0312828FB812A2BC
:1093E0000D0B7E012982128286B812A26C21FE86A4
:1093F000E07C128280B8E07F12A2E078C341800056
:10940000302B9F200E01208138609F10010682B909
:10941000E07F9F185800E078E6C0C3418000C42375
:109420000381A1818D7378200E0078250F101470B0
:10943000E57EE08122816C70CA242110D570C34280
:109440008000D829C524811F00C00033CA23210011
:1094500080A261A214E814EFC3408000382B008082
:1094600005248C1F00208C0061A2221080001108AE
:10947000B40080A28523070080A261A222ED4524CA
:10948000001C61A200A235EFC3408000382B008091
:1094900061A222108B000524801F000F7000150BA5
:1094A000B41000A20524801F001F700061A200A25A
:1094B000084408E905208C0FC000000061A280A2CA
:1094C0007827001005263E9013F4C3408000382B07
:1094D000008061A2221081000524801F3F0000CC83
:1094E0000F09B40000A28523C80F00A261A2C6C460
:1094F000C3428000D023C34180008824C340800041
:10950000A023001A800F310038C00019800F3100ED
:1095100020C31018800F310020C00018800F3100C8
:10952000B0EEC340800050252C706104EEFD8A220D
:10953000040CE078C340800034234080C3418000A5
:10954000BC260419800F310068800019800F31009B
:1095500044DA86EA0018800F3100C8D9001601707D
:109560008000382BC3438000C0294083C340800063
:1095700048252489CB4480004C250018800F3000FA
:1095800074B94F220000001C801F300078B90F0909
:10959000F40100A34522400400A309000000E07884
:1095A000E2C2C3428000C023041A900F310090EA47
:1095B0000082C34180007C240019800F310070D6E6
:1095C00085E8001A800F31008CCCC3408000342322
:1095D0006080C34280007823C3418000C826001AFF
:1095E000800F3100F078041A800F31004076201986
:1095F000800F3100548C0019800F31008CE286EB13
:109600000018800F310060EBC34080001823001861
:10961000800F3100DCB1C34031007874920F8008B4
:109620001E0FC006C3408000382B0080448887E2AC
:1096300042000500C3418000C029608145238003AA
:1096400000A119F281814523800B2B0A740200A12D
:109650002ED890B805230D0081A11B0A7002A0A18D
:1096600098B8657881A10F0A340300A187BC00A1D6
:1096700081A1C2C6C3408000382B2080C340800037
:10968000202B00802C891F21820F0000080BFD0277
:10969000EEFD2C70F1C0C3408000E023C342800087
:1096A0009824C3418000A0230018800F310064DE9D
:1096B0001818800F3100ACBCC340310034EA001AE6
:1096C000800F310058E20019800F3100A4EDE20E46
:1096D0008008C3408000382B00806488C34080002D
:1096E00040160018800F30000C8F2F0B5402C3411E
:1096F0008000C02900818CB800421F0B740300A1B8
:1097000001818DE340A14F20030261A105F2852074
:10971000140040A101A1620FCFFFD1C0E07EE0782C
:10972000C3408000382B0080C3438000E823C3423D
:109730008000A024C341800048168488001B800F4D
:10974000310000E989E40019800F3000DC90E1204D
:10975000C507001A0100C3428000C02900828CE4C2
:109760008DB8E120C50700A2218200A284B9E07F64
:1097700021A2E078C3418000A826C3408000CC2607
:109780000019800F310088C90018800F310068E48B
:10979000E07EE078ECC3A2C1004180C01E0F200B28
:1097A0003042C3408000382B208000140D31CB465E
:1097B00080009C2922118000550D2510A947C34027
:1097C0008000302B9F270E1140805F67008F504034
:1097D00027E8018F3908D000C3408000542B008057
:1097E0000214823083E8290AD0000D0AF000041424
:1097F000003105E83391330905008AEA88E89F259E
:109800000E1102758025451F001D4310520BA00349
:109810004240418600140031607A2C71CCC7420B63
:10982000A0034240CCC7820A8003C3418000742950
:1098300000899F250E118A21062504770275820A68
:10984000A00300A93225401408E820C15625001BBA
:10985000020BA0034242CCC77A0B200BE14000412F
:1098600080C2E1403E0A200B42430C8ECE0CA00386
:109870002C74CCC7E1C520905109B40112DC619071
:10988000490B4400450BB40119DA07BA5073CC21D7
:109890008E801CF722908C21C78C18F7A390016949
:1098A0001E30C1005075C34200001027412A8000BD
:1098B000AA7A1C3100008D70CA24AD148AE5CA242E
:1098C000A5141072CA24AE148140C2C4C3428000E1
:1098D000A02921A2E07F00A2EEC270425043304195
:1098E0001040147138002D0012D8C3418000342973
:1098F00004898FE803898DE801898BE8028989E86A
:10990000C3408000441600800BE8407809E8001648
:1099100080708000612914700CD803F2CEC69608BE
:10992000AFFE224000432042024060416243E60F06
:109930002FFE0A248004147007D8C078CEC6E078C1
:10994000E4C29A0F6000084616E8CB458000142A4E
:109950000C8D2D08750113D925090E000016017014
:109960008000382BC34080003429408822118000B9
:109970000D0A01000CD89E0F4000C4C60D0E5110F8
:10998000260F60000D8D14E89209A0030C740041AD
:1099900075E8001680708000A829782602104471AE
:1099A00043A902190301D2098003C4C60C8D2D08F6
:1099B000D10045852485B60D20050E8D0EE85E0983
:1099C000A0030C7400410AE88A20040101B10016CA
:1099D00080708000A829E9F112D8CFF1F1C0820887
:1099E0008000120BCFFFD1C0E07EE078E5048FFF4E
:1099F000F1C0C3418000342904898FE803898DE8D0
:109A000001898BE8028989E8C34080004416008000
:109A10000AE8407808E80016807080006129147018
:109A20000CD805F472084FFE0C70D1C0E07EE078CF
:109A3000E8C2C3428000382B4082304008452212E1
:109A400082006B08A500CD725E0EAFFFA1402FE82B
:109A500015D9B20EAFFFA1400CDEA9E87E0DAFFF15
:109A6000A14013085100C3408000582900883F08D6
:109A70005E00060EEFFF0240084699E89E08A0032C
:109A800010D80847CD7013E8C3400000011501B796
:109A9000046F0CDA0241420EAEFDA0B700168070D2
:109AA0008000A829D208A003E141C140C8C6E078DF
:109AB000E8C2CB458000382B408508462847221253
:109AC0008300351282007862970E25100E72110EF7
:109AD000E510C140D20D8FFF85E843F08E0D8FFF5A
:109AE00011E8008522108000530E251008D82E089A
:109AF000800300410E7035E8C3B1C3400000011778
:109B000026F0960DAFFFC1404A20002329E80E0839
:109B1000A00308D808450E7023E8AE0CAFFFC14083
:109B2000C3410000012721B500B5001680708000F8
:109B3000A829E4ADC3B5A14111F0E20F60030C7692
:109B400000410E700DE8C34000000F1701B1001670
:109B500080708000A829E4A9C0B11E0880030240DB
:109B6000C8C6E078F1C0B20C4000CE09CFFFD1C02A
:109B7000E07EE078F1C0860FE0002042D1C0E07FB7
:109B80000C70E078E6C2CB458000AC27208D290917
:109B900071000847AD1580101D08F1000C73160DFB
:109BA0004FFECD70C34080003C29C0A8BA0C6000B5
:109BB000C0AD18F01109B0000CDE29095100001DDC
:109BC000C31006F08A0B6FFE001DC310A57407EFCB
:109BD00008DAE140020DAEFDA141CD70C1A5C0A5DE
:109BE000C140C6C6C34180009C29E07F00A1E07847
:109BF000F1C06E0E4000A20ACFFF2A0BCFFFD1C0EA
:109C0000E07EE078E2C3B8C12845004188C0CA0CB4
:109C1000AEFD20DA90C020DABE0CAEFDA14180C0BE
:109C2000C3418000F029B20CAEFD20DA88C0120BCF
:109C3000AFFF80C1C2C7E07865038FFFC3408000DB
:109C4000382B0080E07F1390C3408000382B0080C9
:109C5000E07F23108000E078C3418000D02941815B
:109C6000B1046FFE2081E078E8C26C70C34200004E
:109C7000C4099ABB2C70CB4504BA3200C34400001F
:109C8000BAB08A2604318A2102138A258E0DCB4070
:109C9000FB000001CB43060600008A240410CB47DA
:109CA00004040001FBDE8A2701008A208820C346C5
:109CB00040715A008A2748304818840002BA67A0C9
:109CC00029BB3A18830030180301241803010E1829
:109CD00083010418C302401844003FB04A184200F0
:109CE000B1A042180401381884073618440232180B
:109CF00044012C1800022818C00293B0E8A0CDB08F
:109D000038A81218C20188B00C18040422A0001848
:109D100080013418C4075EB065A0C8C6C341800086
:109D200058294181210060032081E078F1C0F20EC2
:109D3000E00008D9D1C0E07F0C70E078E8C2284587
:109D4000660D60030846C3408000382B00800E7209
:109D500022108000190E25107FDF4E0BAFFFC1408F
:109D600006E88E0AAFFFC14008470E70520D60032F
:109D7000E0AD0240C8C6E078E1C5CB448000382B96
:109D80006084A093648BA0B060A90084019000B2AD
:109D9000C2C4E078EAC22847420FE00010401F0822
:109DA00030201041CD70AD700B086E23CF78520972
:109DB0008FFFA571F50DF493C57105EFAA0BAFFFE9
:109DC000E1401A0FC0000A0FE0002241C3418000A9
:109DD000A8274091070A050000B1CAC6E6C3A1C181
:109DE000CB458000A829360EAFFF00ADDA0D8FFFFE
:109DF000C3428000382B608286850C70C34180008E
:109E000034293E1382003F138E0040138F0038190F
:109E1000020008A906A900A104A908BA41138100FB
:109E20000BA50AA50BBE05220003402F4312C578DF
:109E30000AB96578257806A54024C0301A082001A3
:109E4000402481300214C030268593E0CF21E903FD
:109E5000D20B600026A5BE084000C6C7E6C2084572
:109E6000101005000C100400668845882488BE0880
:109E7000200000802385448508461961027A028506
:109E800023A5EA08200044A52385448508471961D5
:109E9000104A23A51608200004A57E0800003208F9
:109EA00020000285D867C6C6F1C06E094FFED60EE7
:109EB000CFFD36080001460CCFFD7A0CCFFDB60F62
:109EC0000FFED1C0E07EE07855018FFFE2C2120B99
:109ED000EFFF0845920CCFFF560A0000960C0000D9
:109EE000120DCFFF420A0000060BCFFF4A1580106B
:109EF00003E83A0A0000C3403000949DE20C40039E
:109F0000DE0ECFFFC2C6E078C3418000382BE07F71
:109F100000A1E078F1C0C3403000D8E5C20C400396
:109F20009A0F0002D1C0E07EECC2A845884770417C
:109F30005042FE086FFE2846C140E1413A0FEFFD56
:109F4000A1421F670846124D2240E141AA0EEFFDD3
:109F500050400845196702200220DE0EEFFD424006
:109F6000DD65B860CCC6E078E6C2484628479E0F5B
:109F7000EFFF08452215801006E8E1404E0FEFFF85
:109F8000C141C6C60C70C6C6E4C2C3418000382BAE
:109F9000208108452211810047086500CD720A0919
:109FA000AFFFA1401DE83608AFFFA14033087100A4
:109FB0000CDE2C729A09AFFFA14013E85E0B600320
:109FC0000C740041CD700DE8C3400000011A01B1CE
:109FD000001680708000A8299E0B6003A0B1C140CC
:109FE000C4C6E078E8C2C3428000382B40823040CB
:109FF0000845221282005508A500CD72AA08AFFFBD
:10A00000A14024E8D60F6FFFA140410871000CDE8B
:10A010002C723E09AFFFA14018E8020B600314D870
:10A020000847CD7012E8C3400000011901B7046F62
:10A0300010DA0241A208AEFDA0B7001680708000C1
:10A04000A829360B6003E141C140C8C6E4C06508D9
:10A05000640008438D70AD714A2200003B7E4129A7
:10A06000C0075B79052102803D238313782201001C
:10A07000CA21C1003470BB7DC141F2F51AED0C70EC
:10A080005D7BDD7E1FBA457E3C24C11070743C238D
:10A090008213CA2181003470BD7907F402238B93A7
:10A0A00038600324CC90B573604228452AF7C4C4B5
:10A0B0000C70C4C438609907EFFF04771D7ACB4356
:10A0C000555555550422C202CB4433333333022055
:10A0D00080800420020322B884785860412802015D
:10A0E000CB400F0F0F0F5860042002023D78042070
:10A0F000C002032100800420010322B8C3430101F0
:10A10000010184781C22FA0038604128010138607E
:10A110000E2AFE00042000020E28C000E07F38B89E
:10A120007D02000151068FFFD5008FFFF1C0C20FE5
:10A13000000022098FFFD1C0E07EE078CB44800090
:10A14000382B808493948924C31E80B003BC54248C
:10A150000C1E80B1009000B20091E07F00B3E07867
:10A16000E4C21BD99E0F6FFF084510E83A0F6FFF3E
:10A17000A1400CDE28E8460F6FFFA14024E8820AC8
:10A18000AFFFA140CD7020F0001600708000382B8A
:10A19000CD7222108000310D2510A1400A0F4FFF13
:10A1A00012E87A0960030C740041CD700CE8C340DA
:10A1B0000000011B01B1001680708000A829BA09B7
:10A1C0006003A0B1C140C4C6E2C22E092FFE0845FB
:10A1D00000AD0C70C2C6E078F1008FFF21018FFF47
:10A1E000E6C2C3428000382B40822846084522122E
:10A1F00082004108A500ED72AE0E6FFFA1401AE883
:10A200002C714E0F6FFFA1400CDF14E80E096003A4
:10A210000C760041ED700EE8C3400000011E01B154
:10A22000001680708000A829C4A94E096003A0B15F
:10A23000E140C6C6E8C2C3428000382B40823040AD
:10A240000845221282005508A500CD725A0E6FFFF4
:10A25000A14024E82C71FA0E6FFFA1400CDE1EE82D
:10A26000160EAFFF0240084698E8B208600310D807
:10A270000847CD7012E8C3400000011D01B7046F0C
:10A280000CDA0241520E6EFDA0B7001680708000FD
:10A29000A829E6086003E141C140C8C6EAC23041CE
:10A2A0001040147138002D0012D8C34180003429A9
:10A2B00004898FE803898DE801898BE8028989E8A0
:10A2C000C3408000441600800BE8407809E800167F
:10A2D00080708000612914700CD803F2CAC6D60EB3
:10A2E0002FFE2240004320420240B2092FFE60416F
:10A2F000147012D8C078CAC6E4C2C3418000382B9B
:10A30000208108452211810041086500CD729A0D17
:10A310006FFFA1401AE8F20C6FFFA1402D08BE06A6
:10A320001ADEFA0F20030C760041CD700EE8C34010
:10A330000000012301B1001680708000A829A0B19F
:10A340003608600304198300C140C4C6F1C0CE0FB3
:10A3500020030C7400410BE8FFDAC3408000A829F9
:10A3600041B100881208600340B1D1C0E07EE078BE
:10A37000F1C0920D0000A60F4FFFD1C0E07EE07843
:10A38000C34180007429208903E90D048FFFD107A0
:10A390000003E078E4C208463B08B50012DDC34183
:10A3A0008000342904890CDD95E8038993E801894C
:10A3B00091E802898FE8C34080004416008004E8D9
:10A3C000407889E879260110C34080006129AD708A
:10A3D00020A8A140C4C6E078E6C22847FE0C2000B1
:10A3E000084614700CD818F22D0E351812D8BA0E73
:10A3F0000003CB458000302AE141C142DA0C6EFDFA
:10A40000A140201D4310BA0E2003DFADB20A6FFF3A
:10A410000C710C70C6C6E078F4C2CB4580003529BB
:10A42000231515100A26C0210A2380210A24402161
:10A430000A220021704150402846A20C2000084703
:10A44000208D00429B0931000CD8970A10001D088E
:10A45000702011D88B085521870E851F0000014000
:10A46000A0E7CC26C69389F7512580A10C73CA209A
:10A470006100327011D86A000500190850201508D3
:10A48000102111097F20422341201909D40129F00C
:10A490004F0A95204B0C3020422341204309D5011F
:10A4A0000D0E142109081021370851209F26491C40
:10A4B0009F27491CCB458000182A8240151D821514
:10A4C000141DC2140A1D8214091D4214081D021411
:10A4D000C1A5E20C2FFEE0A503A50C7024A5D4C6EF
:10A4E000F1C0D20C0FFEC3428000D02921A2D1C0FE
:10A4F000E07F00A2EAC2CB478000382B6087484645
:10A5000030401041221383001B08E500AD729A0B06
:10A510006FFF224007E81FD9EA0B6FFF22400CDDD6
:10A5200003E8A140CAC6024080203C011078D370E5
:10A5300000001FFF12DDCC26869F00004801B3F704
:10A54000008704880D0E841F00004908D708548234
:10A550000D0E841F00009142CB085582BE0D2003D2
:10A5600008D80041AD705FE8C3400000011F01B191
:10A57000001680708000A8298920C32EC3B100195D
:10A580004404F60D200304190404CDF1E07F0C709F
:10A59000EAC2304100420C712C70660D2FFC504015
:10A5A000C3428000E0296182408228476479047AAE
:10A5B000084605227E8018F2CB4580003429008DA4
:10A5C0000CDB93E82C702240360D2FFC02424985AB
:10A5D0008A856C70C67A45780624C213457909A528
:10A5E0002AA503F011DB6040CAC6E078E6C2084540
:10A5F000457848472846147138002D0012D8C341C9
:10A600008000342904898FE803898DE801898BE86B
:10A61000028989E8C3408000441600800BE8407836
:10A6200009E8001680708000612914700CD803F2CC
:10A63000C6C6820B2FFEC14000432042A1406041AC
:10A64000C20FEFFDE143782000001B78C6C6E0781A
:10A65000E6C22847860A2000084614700CD818F273
:10A660002D0E351812D8420C0003CB458000512A1C
:10A67000E141C142620A6EFDA140201D4310420C1F
:10A680002003DFAD3A086FFF0C720C70C6C6E0788D
:10A69000ECC2304218D9704150406A0A6FFF084638
:10A6A0000CDFB6E8D6096FFFC140B2E800160070B3
:10A6B0008000382BED7222108000550E2510C1400D
:10A6C000E6094FFF24E816096FFFC1400CDFA0E840
:10A6D0004A0C20031ED80845ED701AE8C34000005C
:10A6E000011801B5046D08DA4241EE096EFDC0B5EE
:10A6F0001E4D10DA2241E2096EFD0C1D04140016F5
:10A7000080708000A829720C2003A141E140CCC6D2
:10A71000F1C0C3408000AC272C70720A6EFD8A2203
:10A720000602C34180008C24C3408000D42300195A
:10A73000800F320000070018800F3200C406360F69
:10A74000CFFDD1C0E07EE078E6C2C3428000382B66
:10A75000408228470846221282002708A500AD72D1
:10A7600046096FFFC1400DE80AEF5F278112E20B37
:10A770006FFFC14014701EDDC07D03F012DDA140EB
:10A78000C6C6E078084480203C01107AD3720000ED
:10A790001FFF30D8CC21868F00004801E020C5077C
:10A7A000C3428000382B6082448B1109840F000063
:10A7B0004908090A5502E07E0F09840F0000914202
:10A7C00088E2E020CD0713938920C30E917011D841
:10A7D000E020C507C342800076290C7021B2E07FDB
:10A7E00080B2E078E8C208470E70CD704A250010AC
:10A7F00000872187360B2FFCA1420F083E00D86747
:10A80000C57108180204A571E90D749906712D1F10
:10A810008213C8C6E4C2CB45800074292C7028DAA4
:10A820006A096EFDA140001600708000382B8A2254
:10A83000050242B54C752310810024108000141DC0
:10A84000C31020AD01AD2C702D4D42096EFD021DCF
:10A85000C51619D907B96F2862001A1D851232B5BD
:10A8600007A5C4C6C34080003D2920882477E07F27
:10A8700020A8E078C34080003A2920882477E07F30
:10A8800020A8E078C34080003D2920882471E07F23
:10A8900020A8E078C34080003A2920882471E07F16
:10A8A00020A8E078004114710C71CBF63472CC21F1
:10A8B000828F0000FF00E07C0F09D0000BF03470A5
:10A8C000E07C13095100C341800045292089347080
:10A8D000E07DE07F0C70E078C34080006229218831
:10A8E00083E900184300E07F78210000C340800026
:10A8F000E8298A210E0104180300E07F20A0E078F7
:10A90000C3408000102A02180300E07F00180500F1
:10A91000F81CC8B7071C023081C0061CC3303A08B7
:10A920002000041C053008141F34E07EF01CC8B75A
:10A93000091C02308B4402B481C063C345B462C1B8
:10A94000071C423012082000061C033710141F3465
:10A95000E07EE078C34180009C29208102E90079F3
:10A96000E07F0C70F41CC8B7C343800034294B8BC4
:10A9700004E984EA20422BAB2A8B24772F2647F068
:10A980002AAB0EF4091C0230041C043081C062C2E0
:10A99000071C8230C20FEFFF061CC3360C141F3495
:10A9A000E07EE078F41CC8B7091C0230041C0430B7
:10A9B00081C062C1071C42309E0FEFFF061C433767
:10A9C0000C141F34E07EE078E81CC8B78B4425B433
:10A9D00062C022D902B481C0141C003144C346B401
:10A9E000760FEFFF23B418141F34E07EF01CC8B7B5
:10A9F0008D70091C423062C0041C04304024803237
:10AA000040416042061C8536834385B386B3060FFA
:10AA1000EFFD87B3420FEFFF81C010141F34E07EBB
:10AA2000E2C2CB45800034292C7040DA5E0F2EFD47
:10AA3000A140C34000FE0000C3418000C02906A51C
:10AA400041810081C343460040DC341DC117301DE5
:10AA5000C11F65A54AA509A5C2C6E078E2C2CB45DB
:10AA60008000142A2C7070DA220F2EFDA1407FD8AE
:10AA70006C1D0210046DC3413200DC3C5A0E2EFDE9
:10AA800018DAC2C6F1C0C340800038F9620820015C
:10AA9000A0D9A0D9C340800038F9520A200108DAB1
:10AAA000D1C0E07EE2C22F277F006F233F00CB455D
:10AAB0008000D016008D047100AD2F267F0008D8CD
:10AAC000C3410000FFFFDE08200108DAC342800016
:10AAD00010162082638100414040C3420000FFFF06
:10AAE000407B2F277F006F233F00008D04E8008DFF
:10AAF000047700AD001E4170F000800A2F267F0011
:10AB0000C2C6E078C3408000E420C341300080AB7F
:10AB10004905C000F1C02091150970000042C341F1
:10AB2000300090D00C70D1C0E07F22A2EA0B8EFCE6
:10AB3000E4C240910845CB46300090D00A6A27080D
:10AB4000B4008C22C38F0FF2210A70000C740BEA40
:10AB50002181AA08200040401B08B00014710C732A
:10AB600003F4C2A50C70C4C6260820002C700C7318
:10AB7000C4C608D8081D801F300014ABC4C6E078D6
:10AB80000818800F300030ABE07F08D8E2C22845BB
:10AB90000042C3410000FFFF0A08200108D800411D
:10ABA0000BE8C3408000E42040806382C342000081
:10ABB000FFFF607BA1A1C2C6E2C2CB458000E420BA
:10ABC000008589E8C3403200303D520F2001B6D9DC
:10ABD0000085C34280003C15208282806C74096924
:10ABE00000A22F79C342800028F98C70AC70CC7021
:10ABF00023200003A140C2C6F1C017085001170866
:10AC00003101A0D8660DEFFD2C700C7004F00C72B1
:10AC100002F00C71D1C0E07EE1C5CB441000D4B786
:10AC2000C3401000D4B7827841288080C3421F00FF
:10AC300000F00EF248204000554C4041041403142B
:10AC4000103B43038D203F0F0419D000AB220A04B0
:10AC5000C2C4E078E2C2960E4FFD6F263F001E0A86
:10AC60004EFC8B200C8006F2B6094EFC73081000D7
:10AC7000360D8FFCAE0E6EFC0C73EE0CCFFD220D6C
:10AC8000CFFD860ECFFF360FCFFFCB4580001016CD
:10AC9000C34130005CFBC60BE000A14000858AE8A0
:10ACA000C3403200283D760E20018A21450C0085E4
:10ACB000C34280003C152082828008DB096900A223
:10ACC0002F79C342800058FA8C70AC70CC7023206E
:10ACD0000003A1409E08000169204080FEF1960C0F
:10ACE0008002120D8FFC76080001E078E2C2460C6B
:10ACF0004001CB458000D0FF001E40738000D0FA99
:10AD00003A0C8002BA0D4FFE2C71C340800045FB07
:10AD1000251D4210001E42708000CDFD0118030168
:10AD200022A8031803000418030252096EFC20A88D
:10AD30008B200C8004F2EA084EFC1BE8A20BCEFB31
:10AD40008A214408C34280006CFF8A20460020A26A
:10AD500001A20C1A010002A2141AC3011C1A030258
:10AD60001B1AC300F20DE000241AC30F05F0001EE9
:10AD7000037080009816120DCFFFC2C6E2C2060C07
:10AD80000EFC05E8620FEEFC0C71C341F0002804D4
:10AD90000081C342300000248420FC0786B8841957
:10ADA0001000008180B800A1D2086EFC6B2240091F
:10ADB0008B200C80CB458000041106F262084EFC0B
:10ADC00081081000001D0110520ECFFFAE084EFC8E
:10ADD0008B200C802C7105F246084EFC0041C340CC
:10ADE00032002C574C71760820006C718E084EFC96
:10ADF0008B200C8004F22A084EFC12E8C34080002D
:10AE0000CC32C341810000000220800F800000107E
:10AE10000221810F800028E9E20A0EFCC340800075
:10AE200000FE008002E840782A094FFDC340800000
:10AE3000FCFD008002E84078460E0000DA088EFC37
:10AE400000160070F0003C3820850B79BEF3D60C5C
:10AE50006EFC0C73BAF1E078F6C3A1C10847C34099
:10AE60003200145E7047504430466E7006E8BE0FE4
:10AE7000E00BE140104304E86240D6C7038F0D08A1
:10AE8000D400C18708E706F0E574CB4631003015E1
:10AE90006E70D340800000100F0C3120AD70420A5C
:10AEA0000EFC00200D04D345800000100A22802FE4
:10AEB0001F0000F001878087104123E8130C441520
:10AEC000C340800028E90B0C0510250E1020150C3E
:10AED0008414C34020000000090C0510110F10203D
:10AEE000290C4513250C0414210C11200F095220A4
:10AEF0004021C0206C2040001F6708E7DCF17D0C7A
:10AF00003090046FE468D8F111097220184F80C3A3
:10AF10002241607E8142EEF14E2102202C706E0AA9
:10AF20002EFD8140EBF1E078A81C08B041C142C27F
:10AF300043C3101C0031141C4031181C80311C1CF0
:10AF4000C031201C0032241C4032281C80322C1CB2
:10AF5000C0324CC4341C8037381CC0373C1C803E87
:10AF6000401CC03E441C003F6A20800052C06A2042
:10AF7000C00053C0AA20D60054C0AA2056009A0F81
:10AF80006EFC55C0E4C2C342800074FB4082284579
:10AF90000846357ABA0CA00005A2104E8A08200097
:10AFA0002C70C341F0005C0440816081FD0AC180C7
:10AFB0005860220B2002A141C4C6E078EAC2CB4708
:10AFC000800074FB8087084650403041A084808711
:10AFD000704D81847A0CA0009D601D65110864236A
:10AFE000224100870080A20FEFFF104E3D2040233A
:10AFF000CAC6E078E2C22C71C340F000640920A008
:10B000006F233F00F0184080E4184080CB4580005B
:10B0100074FB05856A0B2001268500852618030030
:10B02000C2C6E078C343800074FB40834382192A80
:10B03000040000834C796C704280A0714102EFFBE8
:10B040008040E078C342800074FB20826C702281D3
:10B050004082192900002902EFFB4382004188E069
:10B0600007D8E020C90734760C76E020C9070C75B4
:10B07000E07C34740C74E020C9070C733C70FB2036
:10B080006200E07FC0206200F1C0C34180000C215B
:10B09000008105E8008117085100AE0E800279207A
:10B0A00000001B780475D1C0E07EEA0E80021470A7
:10B0B0000C75FBF5CA0E800214700C74F5F5AE0E1B
:10B0C000800214700C73F1F58E0E8002792000005E
:10B0D0000471EBF1C340800084FBE07F0090E078D6
:10B0E000E8C2CB46800074FB2086A1812086241113
:10B0F0008100130971001040008625108000147033
:10B1000006F22C70E6092000A140147062F20016CD
:10B110008070F0003B38C1B814733EF400862610EE
:10B12000800005E80A0E000036F000862B10800033
:10B1300014702FF2001600102B1803002F273F0069
:10B140006F233F0000160170F000081C0D091E005F
:10B15000C4B82F213F00F4F12F263F00C3408000E8
:10B160001C214180909EE086608600809C3206040F
:10B170001928800FEB0B00C243A30024821F0F008D
:10B180004042FE08EFFB6C70A60D200002A700866F
:10B190002A1843002F27BF036F233F000A204007D0
:10B1A0008AE82C7046092000A14006E82A08200001
:10B1B00002400EF02F27BF006F233F00C341F00075
:10B1C00005040089A0B800A92F26BF002F26BF03C1
:10B1D0000C70C8C6E2C208452F277F006F233F00CE
:10B1E000C342F0000504008A80B800AA2F267F0021
:10B1F0002F277F006F233F00008A81B800AA2F26E7
:10B200007F005E084FFD0D6D1108B5000C70AA0897
:10B210004EFC160D2EFCA1400C70C2C6F1C0CB44F2
:10B22000800068FB2D840E84579438601E308100A6
:10B23000038421A05F8C63842584038422A0268458
:10B24000038423A02C70038425A0038426A00384F8
:10B25000261B820027A0038428A00384271842000D
:10B26000038428184200038424A003842918420080
:10B2700003842A18430003842C18420003842D18E9
:10B28000420003842B1842005E8C038407EA2418D2
:10B290004300360A20001E8C03F0241842000016DA
:10B2A0000070F000040423846D20C0002519020002
:10B2B00003842610800084E83E0DCFFFE20C0000DE
:10B2C00016090000C3408000A5FB7A096EFC0088C7
:10B2D000D1C0E07EC340800074FB00802810800055
:10B2E000E07F78200000E078EAC2C3428000A4FB3F
:10B2F000408A304110407F0A31008D70C340F00019
:10B300003A38208840883D795D7AC0B9C0BA0D09C5
:10B31000800020883D79C0B92CE900160270F00049
:10B3200064040C77AD22018C1AF24A240071C341E7
:10B33000F0006804A82080020D0A0E0360811073DB
:10B34000CA20C500247485710A21800FF0005C04B6
:10B3500040816081FD0AC18052793860EA0CCFFFDC
:10B360003C2002203C214C203271CA24811003F081
:10B370008D718140CAC6E078E2C2CB45800068FB8F
:10B380000385241080000F085100038525108000DC
:10B390001AE8001600708000901008E8088006E89F
:10B3A000407814700C7008F2038527108000147028
:10B3B0000C7003F2C2C6C3418000A4FB2089FCE9E3
:10B3C0000C71C2C60C70C2C60F783320800F3200D9
:10B3D000F43CE07EF1C01E0920000C71C3418000E6
:10B3E0004C15D1C0E07F00A1CB4480000C2100842B
:10B3F000C3428000BCFBC343800040158DE804833A
:10B4000040A31470552280085522810A03F2184A7D
:10B41000D84A22A301A300841472E07D048314702F
:10B4200056224009CA208100D620610802A3E07F8D
:10B4300001A3E078F1C06E0A0000E20A0000D1C06A
:10B44000E07EE078E07EE078F1C0B20B0000EA0F29
:10B45000CFFFD1C0E07EE078E4C24845284609E845
:10B46000190871000C71C141660E2FFDA1420C70CC
:10B47000C1415E0E2FFDA142C4C6E078C340F0007A
:10B480003004208097B9E07F20A0E078E1C508B9BA
:10B49000386010BA18BB58601B632F273F036F2317
:10B4A0003F00C340F00014044080130AC000288805
:10B4B00050214D00A8A860A028A82F263F033922BC
:10B4C000C000C2C42F27FF006F233F00C342F0001B
:10B4D0000404208AC1B86C214100257800AA2F26D7
:10B4E000FF00C340800074FB0080E07F251803004C
:10B4F000E4C21108D401520A800206E807DD08F010
:10B5000013089101420A800207E8AD764C706C7115
:10B5100027F0150854017E0A800208E8AD754C71C9
:10B520006C701FF00F081101560A800205E8AD7417
:10B5300015F01108D400360A800208E8AD730FF048
:10B54000770810000F0891000E0A800203E8AD7220
:10B5500005F0E209800231E8AD716C704C70C340B7
:10B5600080000C2100802C70CB46800040150AE83A
:10B5700052082000A140A6092000A3A6A140C4C6ED
:10B580000486CB44800010210CE8E90871806041FA
:10B590000CEA0014C0101708B30160412C7107F0C9
:10B5A0000014C010604105F060410014C010C508CF
:10B5B00053802C71DEF16C704C70AD70D1F1E0787D
:10B5C000ECC2C34380000C214083304217EA208341
:10B5D00029097100AD731308B5011472AD72CA2543
:10B5E0000E10F825AE10BA0D2EFC0C70F20D2EFCCC
:10B5F000A140CE0D2EFC0C71CCC6CB458000401571
:10B6000020852B0A30200011D100CD735B08B501D5
:10B610000A2040241472CD720A204024CA260E103B
:10B62000F826AE10CA204E241FF0448533211000A6
:10B6300007EAC3418000E4FB1108510011F0C34147
:10B64000800064FC1B0850000B08B10063B820E1C7
:10B6500007F00F08F5005421000802A502F022A50A
:10B6600042080000CD703A0D2EFC0C70720D2EFCBD
:10B67000C1404E0D2EFC4240048585E8020D2EFC93
:10B680004240860EAEFC22409E0EAEFC0240CCC66E
:10B69000F1C07E090000B20DCFFFD1C0E07EE0789E
:10B6A000C34180000C21008105E8008114720C70F8
:10B6B000E07DC34080004415C342800010212180FA
:10B6C00000800D0020000012C200E0785B7B547106
:10B6D000CA232B008423830F08449EE30C70E020D0
:10B6E000CD0778619B6381884088218B008BA10501
:10B6F000EFFF8143E2C208454E09EFFF2040C343FC
:10B70000800074FB49833193B8601E32420020836D
:10B71000586000A1C2C6E078C34080000C210080C0
:10B720001473E07DCD052EFC0C72E078E6C20016A5
:10B730008F70F0006604CD70CB45800074FBC3BFF2
:10B74000210E1511190F8E130085D578058008E894
:10B750000085CF79D5783208EFFF0580C571F2F109
:10B76000C6C6E07814702F27FF006F233F00C34246
:10B77000F0000404208AA3B9C521220220AA2F26A2
:10B78000FF00C341800074FBC3428000582B6081DE
:10B790002082251B02003470E07C0079F1C0560E37
:10B7A0004002C3408000E0FD00800E1803001E0F21
:10B7B00060020C717E08A0020C712C71C340F00075
:10B7C000AC0920A06F233F00E4184080D1C0E07F87
:10B7D000F0184080C3408000E0FD008000180100A8
:10B7E00000168170F0003B38C34080000C216D21B1
:10B7F0008108E07F20A0E078F1C0D20E60020C71D9
:10B800003208A0020C71D1C0E07EE078E07EE078E2
:10B810004501400041014000E07EE078F1C0C340B6
:10B8200032001409FA0E0000C34032008407E60E0D
:10B830000000D1C0E07EE07815004000F500400037
:10B8400035060000E07EE078E8C2CB458000682B3A
:10B850002846084730950185416F4EA5196100853E
:10B86000DEB58A0F2000281D0510E20D20001040D3
:10B870001508F100E140CA0E2000C141261D431009
:10B880001C1D011009081120A20E0000C8C6E07896
:10B89000C3428000A02B616822B2A506200060A2EE
:10B8A000E2C208457A0F200001809A0F200002852D
:10B8B000960860000215C0100C8DC3428000882BD2
:10B8C0003308B00008D94308F10010DB0E8D147165
:10B8D0000C7304F240DB0C748F8D50D962AA0AAA53
:10B8E000370C711024AA25AA031A03040B1AC300EB
:10B8F00018F08A2444108A2310018BB90C7185B288
:10B9000061B222B20EF008D98BB90C700A1A050088
:10B9100022B221B206F025AA40D90B1A030123AAAC
:10B920002D8D170990001F09F1008A2305042C7240
:10B93000151A83000BF0001A05062C71151A430026
:10B9400006F028DB2C70151A030060B25E0F0000B1
:10B950001E0D000002AD860F600A2C4DC60E2000A1
:10B96000018DC2C60041C3408000602B6907AEFC58
:10B9700010DAE0782507000021070000E2C2084540
:10B98000C3408000702B14DA4E0FAEFCA141208D15
:10B99000C340F0000D44150990001B09D1000018A8
:10B9A0000300FF184380C2C600180300FF1803807D
:10B9B000C2C60018C300FF18C380C2C6E8C2CB4588
:10B9C0008000682B084600853040ED704608600016
:10B9D000281D0510760C00004B08B100C140360D43
:10B9E000600A02411108D020170890201908512040
:10B9F000E0960AF0609624964896796103F04096A6
:10BA000024965F61F07E8A0F2000C14122158110CB
:10BA1000194E241582101C304000261D031058605A
:10BA200007A5C8C6E4C22846EA0C600A0845150EF8
:10BA3000D0101B0EB0102C70190E511020950AF06A
:10BA4000609524954895796103F040952495596156
:10BA5000307D3E0F2000A141C3428000842B078A25
:10BA6000994D898A60821C3101009863386000A278
:10BA7000C4C6E078E07EE078E07EE0785D02000019
:10BA8000E07EE078E2C2520EAFFF08458A24071D2F
:10BA90008A230F0AFADA00B5C341000010118A2088
:10BAA0001C050C1DC31183B562B542AD25B504B5A7
:10BAB000C2C6E078E07EE078F1C03B08F5014C704A
:10BAC0002520000007F00BF010F010F00BF013F041
:10BAD0000EF0160F600A204008F04C7143A942A9ED
:10BAE00007F0420F600A20404C7105F04C7141A9EB
:10BAF00040A9D1C0E07F4040E2C3ACC14A240074F9
:10BB000028450FE040240138A8208001FF108384DD
:10BB10000119D2004A2400741F4A84C1A820800160
:10BB2000FF1082840119920088C09A0E6EFA2C7060
:10BB300084C080C1DA0D6EFA4A2200004A240074E3
:10BB40004024C033A8208001FF108184011D5210C1
:10BB5000C2C7E078E4C3B8C12043004180C0EA0E08
:10BB6000600A484620E1E20E600A88C080C090C2A8
:10BB700060417A0E2EFE90C593E84A2400722C7024
:10BB8000A820C003204D1826421024711CAA412869
:10BB90000C024128030438B89DAA7EAA1FAAC4C774
:10BBA000EAC3B0C1304080C1D20D2EFE4024113016
:10BBB000B5E84A2400720D70A820400C1FD91DDA88
:10BBC000152100221CDC18210E0218220102182463
:10BBD000021200204C20208008801EDB1823030264
:10BBE000027205710276027341290B0641290F0288
:10BBF00041290D0420AA41280602412809044128B0
:10BC00000106001EC212E0ACA0AB201A0200201CEC
:10BC10008211201B4202201E4210CAC7EAC3A2C1E1
:10BC200028461040AD70304180C2C3408000AC2C2B
:10BC30002C72CA0B6EFF80C7CF78492001024221C7
:10BC40003C800CF2AF7A3F670272096FA820800136
:10BC5000FF108384011AD2003D65AF78CD0864845B
:10BC6000227ECAC7E2C3A2C18A210500CB4580005B
:10BC7000AC2C8A20080021A500B580C10C704C7640
:10BC80003A0EEFFF021D431080C1C60B6EFFA140AC
:10BC9000D20E00004E0F200080C0C2C7BC1CC8B727
:10BCA0000041A60D600A81C020E19E0D600A89C096
:10BCB000B20D2EFE81C044141F34E07F78200000B6
:10BCC0000D00C0002278E07F85280F0AE07F2278EF
:10BCD0000C70F10160002C7000160070F000081864
:10BCE000E07EE078001E0070F0001C18C340800069
:10BCF000D82C20A00C70CD0160002C71E4C2120E73
:10BD0000EEFB0C73EE09600018D80C71D6096000C8
:10BD10002C702C77CB46F000101820A6C340F00002
:10BD2000140820A06F233F0023A06F233F00AD71B4
:10BD3000A3A06F233F00F0184083FC18408308D96C
:10BD400023A06F233F00F0184080FC1840800C7047
:10BD5000720960002C700C716A0960002C700C7301
:10BD6000620960002C708A200400F01E0090F01E12
:10BD70004093C4C6E07F9C300F0AE078E2C2C34320
:10BD8000F0000818408328452C71586008A3360934
:10BD900060000C73C3408000DC2CA0A0C2C6E07819
:10BDA000E07EE078E07EE078E07EE078C3418000ED
:10BDB000302DE07F00A1E078E2C208456A0FA000C4
:10BDC0000C71C341800050130011C1000921000013
:10BDD00017084203C340800051130010C100A14066
:10BDE000B171CA204900C2C6E4C208450C713A0FBD
:10BDF000A0002846C341800050130011C100092152
:10BE00000C0015EEC3408000B61500908020140091
:10BE100010781928820F06006766402B8102412A9C
:10BE20008005257887203E001D65AD79170C4210EE
:10BE3000C340800051130010C000A9441071CA24EF
:10BE40000B108D78C4C6E078C3408000E02CE07F02
:10BE50000088E078C34280005113C3438000501330
:10BE6000808A408B80A8E07F40A9E078B906A000D6
:10BE70000C70E078E4C2CB468000E02C2C7050DAE5
:10BE80000A0BAEFCC1408A0CEEFB0C733A0CE000CE
:10BE9000FFD848D8CB45F0004518001E0070F000D0
:10BEA00044400C712C715E086000001D43100C7042
:10BEB0002C7152086000FF1D83900C732C71460892
:10BEC0006000021D03100C715A0860002C718A205A
:10BED00009065E0BE000004126082000001E43100A
:10BEE000C4C6E078C3418000B415C3408000B615D5
:10BEF0000019C503E07F0018C503E078F1C08E0B80
:10BF00008FFDC34180005013D1C0E07F00A9E078CD
:10BF1000C3418000E42CE07F00A1E078C3418000B1
:10BF2000E82CE07F00A1E078C3408000E42C5E882C
:10BF300080800C712C706C70007CE078E8C3A2C12A
:10BF400081C24024833041C08B45660EEFFF21B58E
:10BF5000CB478000FC2C138FC19501C519E8158FC4
:10BF60001508B00080D9148F8A213E007820400047
:10BF70001470C0792E4F548840279019C6BA45795D
:10BF800034A87E0AE00002415A0AE0000240048F11
:10BF900006E87E0DE000CF78041F0310C342320094
:10BFA000E00AC1410E09E000A140A0A7C8C7E0789F
:10BFB000E6C2CB458000E02C4385284658608020AF
:10BFC000FE0AF20A600A04A508470DE8339514D862
:10BFD000D96135784E0DE0002C71AE0DC000001D0A
:10BFE000C310E140C6C6E078C3428000E02C03A243
:10BFF0000C70C107EFFF001AC300E078E2C2CB4526
:10C000008000E02C13954585196114D835782C7182
:10C01000120DE00043A5001DC310C2C61505C000E7
:10C02000E2C26A0CA0000845B60CC000C340800004
:10C030000A2D008879200100320DE000A140C2C61F
:10C04000001E0070F0003440E07EE078C3418000C4
:10C050000A2DE07F00A9E078C3418000102DE07F29
:10C0600000A9E0780042C34080000E2D21A840A81E
:10C07000792100004D01E00079220100C3418000D8
:10C08000112DE07F00A9E0780041C3408000272DFA
:10C090004500AEFC08DAE078C3428000222D00B2F1
:10C0A00030B824AAE07F01B2C3438000012D4C7256
:10C0B00021AB1B087000031B12001B08F0008D73DE
:10C0C000190831018D7247AB0BF08D71071B4300CE
:10C0D00007F0071BC30005F08D70071B030025093F
:10C0E000700040B3110990002909F0000C73330966
:10C0F000310128D90C728A220504081B83000DF037
:10C100000C71081B4300041B0506021B85020FF07F
:10C11000081BC30090DA34D942B321B307F00C7086
:10C12000081B0300021BC50422B3A901E0008141E2
:10C13000E07EE0780041C3408000122D99076EFC3C
:10C1400010DAE078C34180002F2D20893471E07D22
:10C150005D03C000E2C2CB458000E02C008D2F08BB
:10C1600070000C71BE0D20002C708E0CC000C340FE
:10C1700080000E2D2088018805207E8005F20C703D
:10C180004208E0002C70001D4310C2C6E6C2C34343
:10C1900080000E2D408B2846084515EA018D13E8D6
:10C1A000428B988B40230F0578224100C6BC07B90B
:10C1B0008579046B38AB4A08E000E1412608E000CD
:10C1C000E140C3423200AC0BA1407A0FA000C14154
:10C1D000C6C6E078E2C2CB458000E02C23855295AC
:10C1E000386042788020FE03CA08600A04A507E888
:10C1F000C60BC000001D8310C2C6228560790C7179
:10C20000C2C6E078C34080002F2DE07F00184300B5
:10C21000C3418000E02C03A10C70BD07EFFF0019A3
:10C220008300E078C3418000E02C05810019830081
:10C23000E07F03A16F273F006F233F00E07EE0789F
:10C240006F263F00E07EE078F1C0C34180005016C9
:10C25000C3408000342D001943004A0BEFFF001843
:10C260000100460BEFFF11D8420BEFFF10D8FA097F
:10C27000CFFF8E0ACFFFD1C0E07EE0782903EFFF29
:10C2800010D8E078E4C204770F7ACB458000382DCF
:10C290000D08B5007C228E00046D03F00C743A0E7C
:10C2A0006EFC10DA82EEAD70001D4310C4C6E0785B
:10C2B000F1C004770F08B5004843C3438000382D10
:10C2C00002F06C70C34280009010408209EA8282C2
:10C2D00007ECC3423200E40B2040607C6141D1C0D6
:10C2E000E07EE078F1C0C3408000382D0088370838
:10C2F0005100001601708000382BC3408000341EAE
:10C30000008856914A0F2FFD3391C34132005805E2
:10C31000C3423200A405C343320040067E0F2FFD06
:10C320000C70D1C0E07EE078F1C004770F08B50052
:10C330004843C3438000382D02F06C70C342800034
:10C3400090104082001B830009EA818207ECC342FF
:10C350003200E40B2040607C6141D1C0E07EE07897
:10C36000E6C0CB475B0715CDCB468000502DCB45B3
:10C3700049053313CB4480004C2DC3439A15E55532
:10C38000C3428000542DC341121FB53BC3408000FF
:10C39000582DE0A6A0A460A220A0C6C4E6C0CB444D
:10C3A0008000502DC34280004C2D6082A084C34089
:10C3B0008000582DC080C3418000542D60A0402DC6
:10C3C000C012E081A778C0A1412801022778E0A42B
:10C3D000412BCC046778077C80A28140C6C4E078FA
:10C3E000E6C0C34380004C2D00802083C342800000
:10C3F000502DCB478000542DCB468000582DA08275
:10C40000808707210B002086077D077C2778001B8B
:10C41000C002A0A280A700A6C6C4E07800160270E1
:10C42000F00018182C7100290000047A4F78E07F82
:10C430007920000000168070F0000418E07F04717D
:10C44000C34080000821E07F0080E078C341F00015
:10C4500008180081FC1181802471E07F1C304000AD
:10C46000F1C0284400432F27BF006F233F00E20F95
:10C47000CFFF208320A42F26BF00D1C0E07F0BE098
:10C48000C341800010FD00814C704C188100008178
:10C4900041A00081C341F000041851A0011913000C
:10C4A000011953000A195300E07F0019C10FE07809
:10C4B0001470480021006C702F273F036F233F004A
:10C4C000C3418000082140811B0A1000110A0000AE
:10C4D000218234700CF2FD09218020422F263F0377
:10C4E0000CF061A000A12F263F0307F001A2041861
:10C4F00001002F263F036C71E07F6040E4C2CB4512
:10C50000800004FD038513800F089100001E417018
:10C51000F0000018C4C603851380FEE8060EAEFBCB
:10C520000C73360EAEFB0C734E090000E908108048
:10C530002F273F006F233F0000160170F0000C18FA
:10C540000D091F00C4B82F213F00F4F12F263F0032
:10C55000DE0A000066080000C343F000081810134C
:10C560000C040B95EC138180041386045F200206F3
:10C5700001694A240072052A0D006D700D714C701E
:10C5800002250113A820C003170EEE020028C912CD
:10C5900000831E61104CC5781477C522490264746B
:10C5A0006571C341F000000800819175CF22260219
:10C5B0004478107807A1C4C6E4C2CB45800010FDC2
:10C5C00000851380147127F48A210800C340F0000D
:10C5D000200820A06F233F00F41840806F233F0005
:10C5E000E818408000853280008511805A0A6FFF6C
:10C5F0001049CB46F0000418408E6C70820C2FFB63
:10C60000447104A68A201000FC1E009000854C187E
:10C610008100C4C6E1C5C341800004FD0381C3425B
:10C62000F00004184A24807300800C1A1000038163
:10C6300040430CE0A820800104100C04041B1003EC
:10C6400014891108D500C370F0007C0400180300A1
:10C650007489CB44F0007A040C71A08C7878C3B84C
:10C66000A57800AC038121808A20080021A2F01A5D
:10C670000080C2C4C343800010FD00835380547007
:10C680001DF4CB44F0000418008491B800A48A2162
:10C690000800C340F000200820A06F233F00F018DE
:10C6A0004080E41840800083018004A4FC1C40907A
:10C6B000FC1C419000834C184100E07F7822000070
:10C6C0004C71187AC343F000181834704F7905F292
:10C6D0000083257803F000832678E07F00A3E078CC
:10C6E0003470C520A200001E0270F0000618E07E23
:10C6F0002968C340F000041820A8E07F0118430017
:10C700004C71C343F0003E18002A0000408BC3B8B0
:10C7100004E94578E07F00AB067AE07F40ABE07843
:10C72000002E0070010000003470C342F0001818A1
:10C730000420810FFF00000004F20082257804F03D
:10C7400000822678E07F00A2C342800004FDC3413E
:10C75000F0000C186382008102A36382F81100804C
:10C7600000A30382028000168370F0003B3844204F
:10C770008C0053234000782403107920C000052347
:10C780000880460022006D71148A1108D500C3701C
:10C79000F0007C0400184300148AC343F0007A04BC
:10C7A000808B002B0010C3B8857800ABF811008097
:10C7B00091B8F81900804A2600704A2600704A266F
:10C7C00000704A260070001E8170F000001863821D
:10C7D0004A248073C340F00010180CE3A8208001A5
:10C7E00004100C04041B10031570E07D0081010887
:10C7F0001F00238200160070F0000818C343F000E9
:10C80000800401A1148A014B038231A0348A0C7187
:10C810003878FA13818012788520030C2478FA1B6B
:10C8200002800382E07F4C180100E078C341800061
:10C8300010FD0889C343F0008004024B008152A020
:10C8400028890C713878FA13818012788520030CBE
:10C850000479E07FFA1B4280E4C2284624D9920A78
:10C8600020000845A1403E0D2000C141001D801F51
:10C870003200FC3CC4C6E078E8C208452F273F04DC
:10C880006F233F00038088E8C34032005C3D8E0A7E
:10C8900060006ED9C385178D047117AD348D0F7884
:10C8A000230905002471330920000C1D01102F26D7
:10C8B0003F04C34032005C3D620A60008A21840D5F
:10C8C0000BF04485168D004A03A5168D82E836AD1F
:10C8D000168D047716AD2F263F04C140C8C6E078F8
:10C8E000E8C2284608452F273F046F233F00F788FA
:10C8F000150F11102F263F04C34032005C3D1E0A65
:10C900006000D2D9028E05E8038E047103AE096F70
:10C91000588D0F790909A50017AD18AD4385C3A53A
:10C920000FEA168D047116AD348D168D090841007D
:10C93000161D03102485168D157940A112F0C341F0
:10C940008000D01641912015801004770F2200003E
:10C9500001B1008986E82208400004E83A0F00008F
:10C960002F263F04C8C6E078EEC24847284608454F
:10C97000D34132005C3D86E964D9A20960002240BF
:10C980002F27BF046F233F00171590101F0F811F23
:10C990000000FFFF1D0831206E712F26BF046ED9E5
:10C9A0007A09600022406E7004F0EF783C20130496
:10C9B000028E05E8038E047103AE350B3020422051
:10C9C0004020588D0F790B09A50017AD18AD0385D0
:10C9D000290810002485158D1579C0A1158D84E8CE
:10C9E000148D15AD158D047715AD1AF02F26BF04E3
:10C9F0000A092000C14016F0C3A5C3418000D0162B
:10CA000020158010419104770F22000001B10089A8
:10CA100086E8660F000004E87E0E00002F26BF04A3
:10CA20006240CEC6ECC20845C3408000D0160088E4
:10CA30000A21802170405042284707E985E80B0F02
:10CA40005514150C1000C3403200483DCE0860005C
:10CA50008A21040B1C4D4241460820000242A1409D
:10CA600056082000201DC213008589E8C34032000B
:10CA7000483DAA086000BDD900854080A140607A89
:10CA800022412F277F036F233F00EE0E000004E8B2
:10CA9000060E00002F267F03CCC6E07821A02C7064
:10CAA00048A820A003EA29A82AA8216A2BA82B8835
:10CAB000E07F2CA8E6C220108E000845CB478000FE
:10CAC0005416096E09081504C04F08E8C340320027
:10CAD000383D4A08600064D9D57F2F277F006F2337
:10CAE0003F00A0A72F267F00C6C6E0782042347002
:10CAF000E07C99062EFC2C70E4C208450288147074
:10CB00000DF22F277F006F233F00038D1108940043
:10CB1000038D047703AD2F267F00C4C6428D2F26D8
:10CB20007F00C340800098162088096A0F7E150E8A
:10CB300064108A218606C3403200403DDE0F0000AB
:10CB40005F260E150026801F8000A0168E0F200085
:10CB5000A141C4C6E4C22C70C3408000CC16001EA4
:10CB600040708000C816001E427080009816001E9B
:10CB7000407080009C167A0FEFFF2845C34080006C
:10CB800054166E0FEFFF44D9CB468000CC1608D95F
:10CB90005E0FEFFFC140A0AE021E0314C4C6E078D2
:10CBA000ECC22847C34180009816208950410844B0
:10CBB000D3403200403D42213C80CB458000A0164E
:10CBC00011F249694F7A6C70402252009C4D0C70F2
:10CBD000A8200002141102051B0A050364710471E8
:10CBE00002F04E708A21840D320F20000240424034
:10CBF00002F070425A200005CB460000FFFFE141E1
:10CC0000D177CA212100AA0D2000B86008450AE8A2
:10CC100040224020031D0310001D441402AD09F002
:10CC20000F0FA1138A210500F20E20000240A1403F
:10CC3000CCC6E078E2C2CB45F000740AC340800065
:10CC400008FE001DC110008002E84078C34080004B
:10CC500004FE008002E8407800160070800090100A
:10CC600005E8238003E960790C702F27BF006F234C
:10CC70003F00C3418000D016008905E80089047791
:10CC800000A90C1D41102F26BF00C2C6E07EE0782F
:10CC900055068FFFE2C27608CFFACB45F000740A42
:10CCA000C340800010FE001DC110008002E84078E3
:10CCB000C34080000CFE008002E840782F27BF00B0
:10CCC0006F233F00C3418000D016008904E800892B
:10CCD000047700A90C1D41102F26BF00C2C6E078C2
:10CCE000E07EE078D5050FFDEAC2D34080009816BB
:10CCF0000010832048452846170BB4000847C3405E
:10CD00003200403D160E2000C8D900108320D341C8
:10CD10008000981610EB5F230005342040041B08A8
:10CD20006403C9D9C3403200403DF20D0000001039
:10CD3000832003F06C705F23000540210122C14273
:10CD40003860E141F20C2000A14300108020047102
:10CD500000180220CAC6E078F1C06F273F006F2399
:10CD60003F00D60ECFFF6F263F00BE0B0000FFF145
:10CD7000F1C06F273F006F233F00C3408000CE16F5
:10CD8000F60B200000180300090810000A0B000031
:10CD9000060FCFFF6F263F008E0B0000FEF1E078FC
:10CDA00022A0C341300090D00018800F3200203DF7
:10CDB000E07F21A0F0C3A6C1A18008463040D34344
:10CDC00032004C3D04ED02860F0D00108A2106044E
:10CDD0004A0D20006240D3423200103DE286C1403D
:10CDE000607F02410B08B1004241607FC14078E89A
:10CDF00088E08A010500028642C7104441C5210D22
:10CE0000E01340C040220122607DC1400B08F100C8
:10CE1000C140607D4241A286ED0DC193C10F201536
:10CE200040220122C14023200005424102862E708B
:10CE3000B90F20101040C140607F4241A286A90D69
:10CE400020144022012292759CF2C14042412320CD
:10CE50000004041C0034147099F20E714022012267
:10CE6000C140607F30442C740A2700142F2205042F
:10CE700080C0404810754220402004F2104006F067
:10CE80002C738A20C32F08472F2605F4E007C3FF21
:10CE90000909F100F1411FF0C140607D82410D0898
:10CEA000F100C140607D4241A2862C740A21C0235A
:10CEB000ED7A80C040481075096F084704F42C7360
:10CEC000FFDF10412F26C5F3E807C3FFCD09F1802E
:10CED0002A472F2645F41400030013F0607FC14059
:10CEE0002E7004F0607FC1402F25471480C0A248F7
:10CEF00040220121607AC140B570A577F8F500C5E0
:10CF0000081E401340220123607DC1406F0831029A
:10CF1000C14008161110424123204004001C403437
:10CF2000E286250F60130E70067180C02F21050464
:10CF30003578E0A0C140607F4241E286ED0F419329
:10CF400000C503F02A452F2005041508B201A2A64A
:10CF50008A218606C60B20000A20C0042F21050462
:10CF600080C0224840220121607AC14042204020F6
:10CF70002F2005A0E807C3FFC6F1A2A6A1A6D0C72F
:10CF800040220122607FC140BBF12E7142864021C8
:10CF9000402080C10D7B1521C0007040250AE003B0
:10CFA00040A0C140607A42410A21002470E8167610
:10CFB000AC06EBFF8A210802620B2000624050F1B0
:10CFC0001308B2A18A21870F520B200062408EF114
:10CFD000F2C3A6C108450080C1853040D344320069
:10CFE0004C3D09E8E28507EFC340300090D0110EB8
:10CFF0000010C8D9260B20008240E285A140607F46
:10D0000002410F083002D2D9120B20008240D342D5
:10D010003200103D40241330402215210815101015
:10D02000A140424123200004001C0034E285370F58
:10D03000A0132E70402140200D791309B201304118
:10D04000DCD9DA0A20008240E28580C01520400445
:10D05000E0A0A140607F4241E285DD0F819300C6E0
:10D0600002F00A46081D8013F0234224A140607A92
:10D07000A241422140202F2105A0F007C3FF4022FA
:10D080000123607EA14099081082C2A5C1A5D2C724
:10D09000E07F0C74ECC2CB468000CC1600169010DA
:10D0A000A18E8AED0A20800F3200483D6E0A2000D2
:10D0B0008A21070D011E0310A0AEAF7FF026CD73AD
:10D0C000800054166F263F00B20FAFFFA1402085AD
:10D0D00041810041A140607A3042220AEFFF424084
:10D0E0006F273F006F233F00038587E82396096F72
:10D0F0001021000003B603962F3D0010AF7F2308D8
:10D10000C523028E1B08C503130F74148A21870FD1
:10D11000C3403200483D060A0000F570CEF5001EFF
:10D120000214CCC6F1C04A250030C340800018FE6E
:10D13000008003E84078C340800014FE008003E8CC
:10D1400040782F273F006F233F000A21400784E9E2
:10D15000D20E40002F263F00D1C0E07EE07EE07876
:10D16000F1C0220EC00A5E0B4FFF1609AFFF0C7014
:10D17000D1C0E07EE4C2CB468000CC1603962F3DA2
:10D180000010008EAF79250865004C70028E1D08D6
:10D190004500150974048A218606C3403200483DC3
:10D1A0007A090000A142A1AE4F78C4C6EAC2084580
:10D1B0002F277F046F233F00489030785070700015
:10D1C0002600CD70C085D3403200543D130E11109F
:10D1D0002F267F048A21840D420920000240E08628
:10D1E0000895047708B508952D08100001850D0FE6
:10D1F000041002851308C5032F267F048A218502A7
:10D200001A09200002402895099523090500089570
:10D2100009B50DF0130F10102F267F048A21050089
:10D22000FA0820000240121D0510E0A52F267F04F9
:10D23000C140CAC6ECC2704150423040084507E9BF
:10D240000B0A34218C213FAF87F7C3403200543D95
:10D25000CA08200064D92F204804CD74ED71C6B5EA
:10D260002F087401001D0014422140210420800F6A
:10D270000000FCFF22B804710A2400702E710C74A7
:10D28000A8204001C5742671047406B502F02E7101
:10D29000110AA5236ED9C3403200543D7E08000018
:10D2A000E7B5022280232508A403208517228023C6
:10D2B000052880034020400015214204E57140A16B
:10D2C000E7B58D203F0F208100190100E9B522A5A7
:10D2D000041D0014E8B5CCC6E4C208454790089088
:10D2E0001308A500284601850B0E041002851308BB
:10D2F0008503C3403200543D22082000C8D92F279F
:10D300007F006F233F00008500A6C0A5089504712B
:10D3100008B52F267F00C4C6C34280001CFE408291
:10D320005470E07C007AE0786F273F006F233F0065
:10D3300069204080FEF1E078E2C2C3418000142100
:10D340000181C342F000101C00A20081FC1A008081
:10D35000A1812081F412008079210C006C2043000F
:10D36000F41AC08079250010F41201801B788578AA
:10D37000257826082000F41A0080C2C6C342800027
:10D38000142100A2E07F21A2C3418000142BE07F82
:10D3900000A1E078C340F000001C001841004A26BC
:10D3A00000700280E07FC0B8E6C2B60CEFFE084510
:10D3B00042090FFF16080FFF00418E092000A1400F
:10D3C00000160170800028FD08454E0A600004A97F
:10D3D000C342F0004C4814254C13CB4532001432A4
:10D3E0000082996501118B0004208E0FFFFF03B0AE
:10D3F0000016807080002C20E289402B8110147070
:10D40000532740114421010F06B8C579C34380005A
:10D41000B815196120A304F28EB920A320A2C3433A
:10D42000F000884B20833324401320422D08F30161
:10D430008422010E0F0A300C8421FE014521010CCB
:10D4400020A3C343F000984A20834421020C3B0AE6
:10D45000300C4521010C18F0F8E205F28521010E8F
:10D4600020A3C343F000984A208317087502442183
:10D47000020C170A30044621010C84B904F005EAB5
:10D480004621010C20A3C6C600418AE0C0216E00DF
:10D49000CCF7A4E1C021AE00C8F70F0950090D096F
:10D4A00091090CD902F02C70E07F2F78CCB8CCB960
:10D4B00029290000001E0070F000B040E07EE078F6
:10D4C000CCB8001E0070F000B440E07EFD01A00169
:10D4D0000C70E078E1C500160C70F00020048A247E
:10D4E0000171CB4532001432AD24021C8A220101A5
:10D4F000A820000344774F795F21C1003B650213E8
:10D50000C3000B0CC010E07803F0A96120A83824F8
:10D51000C010C2C4F1C0760BCFFEB20ECFFED1C098
:10D52000E07EE078F1C006E8EE0FCFFF004108F0A2
:10D5300000160070800028FD0110C100D1C0E07FFE
:10D540002D78E0781108B3020ADA8C20BF810042FE
:10D5500002F6C7DA4D78492181020921000039E03D
:10D56000E07F0F78E4C200160071F0002844001636
:10D570000370800030FD00160270F000044000418E
:10D58000AD21C10284221C00492141018C2204806A
:10D5900014234100D521E10AD521220AC091BA0AFB
:10D5A0002000CAB80016C170800042FD0030820F12
:10D5B000AD42C0B7483180000030800F4C3ECDCC2A
:10D5C0004832C2020030810F20410000D04A483169
:10D5D000C10238600E78C4C6E8C200160E70F000B2
:10D5E0006008ED7099BF0426D09304F20A08400049
:10D5F000F6BECB45800028214E002200F0BE6C0014
:10D600002200F5BEC600220016702FF2001EC07365
:10D61000F00068086F233F00460860000C70069514
:10D6200008D8AB209A006F233F00AA205A064185F4
:10D63000001D0110041D011085EA0285147015F209
:10D6400042850C750FF00C7096B8001E0070F0004B
:10D6500068086F233F00418584EA028505E842851A
:10D660000C732C70407AC8C60C7090B8001E007005
:10D67000F00068086F233F0000160E70F000544061
:10D68000E6BEF3F3DA0F20000C70E4BE8E00220039
:10D69000E5BE07D81AF4269508DAAB229A006F2364
:10D6A0003F00AA205A06AD200602127AD37000006D
:10D6B000FF1FC021820027B500168170F0007D4059
:10D6C0000AD83470CA2021012AF00C7095B8001EC7
:10D6D0000070F00068086F233F001E0F00002695C1
:10D6E00008D8AB209A006F233F00AA205A06AD202D
:10D6F0000602127AD3700000FF1FC021820027B5F6
:10D7000027954185001D0110041D011085EA028541
:10D71000147010F2428509D80EF008D8279541857B
:10D72000001D0110041D0110547006F44285547050
:10D730009BF3428598F1E0784C70C341800038211A
:10D74000C34080002821C343800028FD40A141A19F
:10D7500042A146B147B140A041A042A046B047B067
:10D76000008340A8008341A800830218830200833D
:10D7700043A820833AD80900200004A9F1C0FE0E76
:10D78000CEFA8B200C8005F2960ECEFA30E82C7083
:10D79000C340800030FD001E407080003432001E07
:10D7A0004070F00004446080048813E804771D781A
:10D7B00040204100021300050213020502B8842034
:10D7C0000F0FC370F00000488D21BF0D40B0C34063
:10D7D000F000794007181300F8180384001841007E
:10D7E0002A08200000188100D1C0E07EC342F0006A
:10D7F000383800822C7318B92478970840804A265C
:10D8000000700082FAF1E0782C77C340F0005C08E9
:10D8100020A06F233F0023A06F233F00F01840801B
:10D82000C34161021100E07FFC18408000160070C7
:10D83000F000544044200008E07F78200000E078A9
:10D8400000160070F000A84044208001E07F79209D
:10D850008000E0782C712F3B01007879483002007D
:10D860004831000007320200483301000031810FC7
:10D87000313F18720032800F67BDD6B60130800F7D
:10D88000E43EB8F4003200000130800FBCBF8B27AB
:10D89000003200000130800F3440958E00320000CD
:10D8A0000130800FDEBF1AF3E07F01310000E07825
:10D8B000E4C3A4C10846C34080002821C0A041A001
:10D8C00026B00E1805000C710E0DAEF928450C732C
:10D8D0000E0DAEF92C70B866402D0112C342F00057
:10D8E0008040047780213C00E81A518042C0042126
:10D8F000800F1F0000FF0520800F2080050041C21F
:10D9000040C00C732C754C70320FAEF90C1C0130FA
:10D9100080C10C73AE0EAEF94C700C733A0FAEF9B9
:10D920002C710C73BA0CAEF92C710C71C4C7E07871
:10D93000C34080001CFD001E00708000D8FAE07E0D
:10D94000E4C3A4C10846C34080003821C0A041A060
:10D9500026B00E1805000C717E0CAEF928450C722D
:10D960007E0CAEF92C70B866402D0112C342F00057
:10D970008040047780213C00D81A918041C0042166
:10D98000800F1F0000FF0520800F2040050042C2CD
:10D9900040C00C722C764C70A20EAEF90C1C0130FB
:10D9A00080C10C721E0EAEF94C700C72AA0EAEF94C
:10D9B0002C710C722A0CAEF92C710C71C4C7E07872
:10D9C0007921020014705B7AC520220134704578F9
:10D9D000C5202202001E0070F000A440E07EE07826
:10D9E0004A2440710A21800FF000A240A820800143
:10D9F00001108204FF199280E07EE0784A240074CE
:10DA0000C343F00084406042A820800101108C04D0
:10DA1000011A12034A24407340238007A820800182
:10DA200001118204FF189280E07EE078E1C5C342D4
:10DA3000800038FD808200160370F000044000165C
:10DA40000270F0000C4453234D00E8BA8422080011
:10DA50006D23030A78220B0006F41424C21054220A
:10DA6000020905F01624C210B47A40920F0B301050
:10DA70001A62B47C5424001805F0162440137478FC
:10DA800020E060900022800FFFFFA8ED3C208C0F6B
:10DA9000FFFF01F079618021360A7A2140003F21A1
:10DAA000830F0000FF0F85780523038009F480228F
:10DAB000360A29298000001E0070F00010440C7105
:10DAC0006678C2C4C8B8001E0470F0004C40E07E06
:10DAD000ECC2304140280202AD736C70C341F000CB
:10DAE000044453218B2084221C001040CB4680002C
:10DAF0001CFD001E40738000343260A15021800262
:10DB00000522C202CB40010003001416121028188F
:10DB10009000C34680002D03D418418004181002E1
:10DB20000C1890018A210112041891000818500263
:10DB30005520C41F04181100CB4700030C00041823
:10DB40001001CB445401C2014220C7100018C10784
:10DB5000F7A07BA08A200906FC19C08160A184A1DE
:10DB600065A1A9A9CA0EEFFF004135083020552252
:10DB70008F2B6108702055228D2CA108B0205522D2
:10DB80008D2DAB08F12055228D2EED7321953E0B86
:10DB90002000041580148C273F1F49F021972E0B7D
:10DBA0002000041780148C253F1FA886C3408000E6
:10DBB0005E2DC34180005C2D6090409101952295BF
:10DBC000786059610E78EA08EFFF2E7920951DF0F4
:10DBD0004A27C0102195F60A2000041580148C27CE
:10DBE0003F1FA886C34080005E2DC34180005C2D8E
:10DBF0006090409104952595786059610E78B2083F
:10DC0000EFFF2E792395C3408000303200903860BA
:10DC1000B208EFFF0E780BF04A27C0102195AE0A2C
:10DC20002000041580148C273F1F2B09F02055225B
:10DC3000402C2D0950203D09902053091120C61277
:10DC400001218A0A20000088001E0370F0000940AC
:10DC50001DF0F61201213010800010F0D6120121C3
:10DC60006A0A20001088001E4370F00009400FF07F
:10DC7000E612012120108000520A0000C34000007B
:10DC80003C09001E0070F0000840C34080002421C1
:10DC9000208805E900180300CCC603860E0FAFFFED
:10DCA0000010C000238601A9CCC6E078E2C26A0851
:10DCB000EFFF084500160370800028FD004102AB0D
:10DCC000A1408608EFFFA0AB004114783320800FFD
:10DCD0003200143224AB03ABC2C6E078C3418000EB
:10DCE00030FD20814920C209596150118000C34193
:10DCF000F0008848C3B80AB85860001E0070F000F1
:10DD000024440081A0B8E07F00A1E078C342F00085
:10DD10004C4020826C2101022578E07F00A2E0784F
:10DD2000C342F000204400A2E07FE51A4280E07880
:10DD3000C342F0000C4000A2F81201804B21808108
:10DD4000E07D0B083F00AAD802F055D8E07FFC1A0E
:10DD50000280E078C342F000504020821470A4B9E1
:10DD6000C5212204E07F20A22F380E008420030F5B
:10DD70001D7880B8001E0070F0004440D907EFFF06
:10DD80002040E078C34080002C2000880FE8C3408A
:10DD90008000B81520800421810FFFFFC3BF82B926
:10DDA00020A0001E4070F0004C48001E4370F000A0
:10DDB0000144E07EC34080002C20008817E8C34067
:10DDC00080009815C3428000B8150080208202B8F8
:10DDD0000421810FFFFFC3BF4420000F05798EB9D6
:10DDE00020A2001E4070F0004C48001EC370F000DE
:10DDF0000144E07E0C7408DAC34180002830001E24
:10DE00000270F0000044AB209A00AB229A00E07F41
:10DE100000194300E1C55F20CD00C3423200143237
:10DE200033258010C34380002C202308F3018D711B
:10DE3000008B8D700BE8C3418000B8150081AEB82F
:10DE400000A1001E0070F0004C48B8620110C00034
:10DE5000C3418000981580AB00A1C2C4C3418000BB
:10DE60002C2020893470E07CC342F0000C442082D6
:10DE700018E8E1B9E07C2082C3428000B815008236
:10DE8000E9B90420810FFFFFC3BF19F4C34080002C
:10DE90009815008002B84420000F05798EB910F063
:10DEA000E0B9E07C2082C3428000B8150082E8B966
:10DEB0000420810FFFFFC3BFEAF582B920A2001E34
:10DEC0004070F0004C48E07E15260070F0000048DD
:10DED000E07F20B0F0C3A1C110410C735044320C5C
:10DEE000EEFA3042C341800068FB038126108000B7
:10DEF00086E8C3428000A4FB008A37E8020E0FFFC9
:10DF0000AD70ED703E0D0FFF460D2FFF084610401F
:10DF10004A23402017EE2F0BB02080C02086407986
:10DF20001D0890008DE800C176706E70022100041B
:10DF300003F40F0845030845284703F06E72C186B5
:10DF4000EAF10E0D0FFF0F0B312002200004B9087B
:10DF500045830F0B11200019C023001A4023001C19
:10DF600000246240D0C703812A10800048E8C340E3
:10DF7000F0005C0460808080FD0B01830A8110E862
:10DF80008A8103810480104B150C04100381291031
:10DF9000800006E803812A180300B2F103810D71A5
:10DFA0006D702918020203812B18020203812C18BC
:10DFB000C20203812D18C2020016007080000C21DD
:10DFC00014701AF4028A147016F22F273F036F237D
:10DFD0003F00C340F000040460804F23420440A08F
:10DFE0002F263F0343816D2340042C1A0200038136
:10DFF0002D18020203812A18C202C34030001CE21D
:10E000008A0B8FFF360B8FFF147008F40A21800FE4
:10E01000F000081C0081E0B872F54A260070FCF19F
:10E02000EAC3A3C14A2500302F263F000A0ECEF9CD
:10E03000084508E8B57140F41A0DCEF90E702DF0C0
:10E040003A0B8FFE14700E7027F2060ACFFB147085
:10E050000E7123F282C081C17E0EEFFF80C2147266
:10E06000CB4580009010000122001041CD7000854A
:10E0700005E8238003E960790C702F27BF006F2328
:10E080003F00C341F00005040089A0B800A92F2675
:10E09000BF00D5700FF4420A8FFE14700BF22F27C9
:10E0A0003F006F233F000A21400734704EF22F26B5
:10E0B0003F0055F0CB4680009010008605E8238095
:10E0C00003E960790C712F277F006F233F00CB4756
:10E0D000F0000704008F82B800AF2F267F002F27A3
:10E0E0007F006F233F00FE17809080B8FE1F0290D4
:10E0F0002F267F000A20400789E87825C010560C9B
:10E10000EEF9A568DE0F6FFEA1402F277F006F2379
:10E110003F00FE178090A0B8FE1F02902F267F00C0
:10E120002F277F006F233F00FE178090A1B8FE1FAE
:10E1300002902F267F000086147011F22380347025
:10E140000DF260790C700BF00D083020C4B82F214F
:10E150003F0005F085B82F213F002F273F006F2398
:10E160003F00CAC7008514E8268007E9407914708B
:10E1700007F400850CE8278006E94079147078F5EB
:10E18000008506E8238004E960790C712F27BF0021
:10E190006F233F00C341F0000704008982B800A943
:10E1A0002F26BF002F27BF006F233F00FE11808066
:10E1B00080B8FE1902802F26BF0000850FE8278057
:10E1C00007E940791470CD7123F4008507E80680D3
:10E1D00005E840781470CD711BF4230931202C70B0
:10E1E00000C301C2DA0D6FFE02C0147016F22C706B
:10E1F0000C7190B9660AAFFE4C710A20400714708A
:10E20000CD7107F400160070F0003C3814706206FF
:10E21000E2FF0C75CE0E4FFE5506CFFFF1C0C34096
:10E22000F0005C0440802080FD0A4180C3418000F2
:10E2300074FB008144A000812D10800008E800815B
:10E240002C10800084E83A09EEFA0C70D1C0E07E10
:10E25000E8C2AB8008462843008D62B887E05E02C2
:10E260002D006C70242000002100000057000000E9
:10E270004B02000047020000BF000000D500000074
:10E28000DB000000E50000008D8D1A85C1D904B9BE
:10E290008A23050E9573CA234100147011F2951557
:10E2A00082100C8D1E0A20002C703B851B6380237E
:10E2B0008205347005F29573DDF49423D904FF01CF
:10E2C00000007C1582102E8DFA0920000C8D7F1520
:10E2D0009010320D2FFC0847BE0A2000F8602F2155
:10E2E000020444204B2044214C006D2083206174A3
:10E2F0007C64696C5A850C7B5470FB63DFF20D15EE
:10E300008B10C1DA04BA8A20050E894775739F27DE
:10E310008215CA2081003B858A78FB6334701B63B9
:10E32000CDF2951582100C8D9A0920002C701C30AE
:10E330000003FB6391F0841580108D8D1DE88F0C18
:10E34000F0108A230B048F0CB11050DB2CDB43F050
:10E35000370B3010F1DF694719F00A8629E8001001
:10E3600004018824010027F00E1586100C8D2C70F6
:10E370004C708C7025F0957380F295728A23070497
:10E3800082F4ECDB80F08A23031D1D8587083000B2
:10E390000DDA2E8D2E0920000C8D2D8D6909B0000F
:10E3A00000436B09D100C3730000264331F08A2477
:10E3B00001000E1586100C8D2C704C706C70AC70BA
:10E3C0005E092000EC70004379F0C34000009042E9
:10E3D00004A61985E708300024DA2F8D0C8D3470DF
:10E3E000E2082000CA21A100190CF0108A211D0F9B
:10E3F00078248C108A2206048A21070B95705C71A0
:10E400003B632BF08023920F03F09423D10B8023E6
:10E4100082050A8603E8809002F08D700E15881040
:10E420003B0B25130C158910402702142140960838
:10E4300020000141052CC1138020040B297F2C787A
:10E44000F24C2F2688F01B6339F21D4A107A2140C6
:10E450007208200001411B6331F064150011014175
:10E46000482040031C64907A5A08200021401B6316
:10E4700025F08023880323F0EDDBC34000009042A9
:10E4800004BB04A619851BE82F8D7C1582100C8D0A
:10E49000347032082000CA21A1001B63150CB01093
:10E4A00080238205130CD110C3730000264307F0AC
:10E4B0008023920F03F09423D10B63A6C8C6E078A3
:10E4C0001F0890002108F100347108D91BD8CA2117
:10E4D000A10056781C304000E07F5620C00B24D8A5
:10E4E000E07F5578136AE07F54200008E343D60F9D
:10E4F000CFFF8020040B007B1708D0001B08B00062
:10E50000147196D8E07D8A208401E07F3678166900
:10E51000E07F80209109D2D8E07F3578E6C2484478
:10E52000084142DA130D310042DDE0420B0F3100A9
:10E53000E845AD750ADA284685E98A204400564840
:10E54000B14843092501DA62052C8B03C0411E2323
:10E55000801302240F002F20C8932140660FEFFF85
:10E56000C223611078608020040B290830101E300F
:10E57000C302B867107A21404A0FEFFFC0411B6306
:10E5800008F08075B07A21403A0FEFFFC041004398
:10E590009863C6C600422308850F0300C4BF1C2031
:10E5A000800F111112111D785F2080075070E0203C
:10E5B000C607E07F1EE01C20800FD0699E36142223
:10E5C00081008A23040B19612AB91E334000507060
:10E5D000E020C607E07F7860E8C3A60CAFFEA1C1CB
:10E5E0001040CB458000602D02852185B908600070
:10E5F0004168C1BA196540C20C8900C1C485A50E25
:10E60000301022A5208D20E943099000DD095180BA
:10E610006D08D00053089000E8E8660CAFFE001DBE
:10E6200083104286B948EA092FFC404083E81B8EDC
:10E6300035E842092FFCC1409A090FFC29E872090C
:10E64000400927F03D08D00023F0130890009D08F2
:10E650005180DE0E000927860AF092090FFC05E8BA
:10E660000E0A0FFC15F0CA0E00092886001DC31003
:10E6700003E96079C140048584E80EF0560E8FFEF0
:10E68000BE0D2009001D431083E85609400904858A
:10E6900059081180001D0310A8F1E2084009F9F1A2
:10E6A000001D0310DA0B8FFE66092FFC02412C952A
:10E6B000070905000CB5C8C7E4C2CB458000602D32
:10E6C00008462C7024DAC60A6EFBA140C340320013
:10E6D000AC0F6A092FFCC1ADC4C6E078F2C2CB47CB
:10E6E0008000602D4487304408452AEA038522854E
:10E6F0000812110048460E092FFC0021100002707C
:10E700000C2100A048000300038622860815111082
:10E71000F2082FFC0021100002700C2100A0520012
:10E720002400AE704186E4EA041D0110A1A6018513
:10E73000AE71DB083000C0A5A0A06CF0A5A7A4A70F
:10E74000041D0110001D0110AE7164F004870F0E4E
:10E750002110AE70008FBD0890000086AE7100A53C
:10E76000A0A60085AB083000C1A5A1A052F0048787
:10E770000B0E0110008F9D0890002186D1421FE9E9
:10E78000402613110A2280234385028508111100B7
:10E7900072082FFC0022100002700C2100A01E0045
:10E7A0002300A14042418E0C2000824232E8001337
:10E7B0001220402213214E41E8E9A1404241760C4B
:10E7C0002000824226E804875F08A003D143208608
:10E7D0006E70D14001818708300030412385428529
:10E7E000081014001E082FFC0022520042700C2456
:10E7F00000A06800230004110C20BA0D20098140FC
:10E800002E409140ECE8914029F0A5A702F0A4A782
:10E810000487130841030F0D1020BA0C8FFEF20F6E
:10E820000009A240D2C6C1410385428508111200E9
:10E83000D20FEFFB0022110022700C2200A0360044
:10E840002300101710100E410C7024A721E900A11D
:10E8500000AF0A230024EAF19143041DC0140419F7
:10E8600040230185001D401403E8A0A01CF0A5A7CB
:10E870001AF0230810200640041D001400A50018FB
:10E88000402300851AE8A1A00A20C0240CF000AFA4
:10E8900003F00A20C024A5A7101F4013041D011077
:10E8A000001D011028860416111004E96079C1408A
:10E8B00012762A46F8F54AF1A4A70A20C024F4F1FA
:10E8C000F2C2C2800845504538663042D140B20994
:10E8D000AFFE02A54285B948360FEFFB404025E860
:10E8E000CB478000602D40271114264023E8C285C5
:10E8F0002280D1715200240030430385060FEFFBC4
:10E900001E66D8600C2300A03C000400008F39086C
:10E9100090002487008100A5A0A10085CF083000C9
:10E9200021A5A1A064F04F0D1220081D0014AD70A8
:10E9300064F00419402300194023041D0110001D38
:10E94000011056F0C285058723800280B60EEFFBCA
:10E95000002053006270107630002400224025878A
:10E9600020A5018101A5A1A101857F081000A0A01B
:10E970003EF00E098FFE8E0EEFFB1040002010209F
:10E98000081D00145D07CFFFC08051EE038622866C
:10E99000081514106E0EEFFB0020530062700C245B
:10E9A00000A00A000400028509F002862386560EA4
:10E9B000EFFB00205300627002A50220010427092A
:10E9C0008404230D442021861AE94385081114008C
:10E9D000320EEFFB0020930062700C2400A02C008C
:10E9E0000300046ED2F1A5A702F0A4A72640B170DF
:10E9F000AD7104F41A0E0009A140D2C6041D011025
:10EA0000A1A60185C0A5B3F1218686F1F0C2CB474E
:10EA10008000602D40270E15084562800086504218
:10EA20003044002390007041E5083000081D0014B8
:10EA300023800280CE0DEFFB0020530062700C207B
:10EA400000A0C40004003A088FFE4285B948C20DF8
:10EA5000EFFB4040D70810002587018101A5A1A147
:10EA60000185D308300020A5A0A070F0008629E819
:10EA7000228043808E0DEFFB0022500002700208BE
:10EA8000AFFE02A54285B948860DEFFB40409F08C6
:10EA9000300022417A0DEFFB02856D080405690AFA
:10EAA000042003852285081613105A0DEFFB002160
:10EAB000100002700C2300A04C0004003DF008166A
:10EAC0001310420DEFFB0C15101002700E20C00445
:10EAD0003E0DEFFB22415270CA208D0400204104FC
:10EAE0002508240522A5028630701C000400920F20
:10EAF0004FFE4285B9481A0DEFFB404004E8008FF5
:10EB000037089100C086690E119011F0720F4FFE08
:10EB10004285B948FA0CEFFB404009E8A5A7A4A735
:10EB2000041D0110001D011010F0081D4014AD70EF
:10EB300012F0A5A70AF00086C1A500A5A0A6008531
:10EB400003E8A1A002F0A4A70487B170AD7104F49A
:10EB5000BE0C0009A140D0C6EEC2260F6FFE0845CC
:10EB6000A20CEFFB0846D3408000602D40200F240C
:10EB70002087D86002A51BE9C38508111100860C07
:10EB8000EFFB1E66D8600C2100A0300004000010CE
:10EB90008020290890000645008100A5A0A10085DD
:10EBA0007908300021A5A1A03DF0A1A7A0A7041DD0
:10EBB0000110001D011037F00A21C02300110E20A2
:10EBC0000087110E0010028623860021110008F034
:10EBD0000486104179E8028600211120260CCFFB23
:10EBE0002186227002A512E94385081113004026F0
:10EBF0001111120CEFFB0020920042700C2300A0B8
:10EC0000BC07C4FF264003F00C7001A5A1A6018536
:10EC1000C0A507E8A0A007F01018402303F01418BF
:10EC20004023008707084003CEC6E60B0009CEC686
:10EC3000E4C208451889788D0B0B25004844CD7136
:10EC400009F0CD7007EC0F0B2100A140407CF308C8
:10EC50004083C140C4C6E078E2C2C3428000602D58
:10EC6000A84A08450A20400000800FE8B1700474EB
:10EC7000FCF5008115086003A1403A0900092885C8
:10EC800003E96079A140C2C6008A11085000130848
:10EC90009100DE0BCFFBC2C6E20A0009C2C6920891
:10ECA0000009EFF12C70C3408000602D2CB025A02E
:10ECB00024A0E07F20A8E078E8C248442843084721
:10ECC0000A2000218A22490C814060416143E144CD
:10ECD000260A2009A84508466C70E140C141FE089B
:10ECE0002009024214700C7012F2E140C141B609D1
:10ECF00020090242C3428000842D608A1522C1038C
:10ED00000C71C4A1216B20AA02EDC0A5C8C6E07891
:10ED1000FAC2FC1CC8B6ABC100160D708000702D85
:10ED20006846041C0031B57040C242C143C008F2BD
:10ED30000A224003058286E84182FEEA430200007F
:10ED40000A278010198F0B085000058786E8E18795
:10ED5000FAEF0C71ED7003F00C70398A14705C7767
:10ED6000782141003470CA27811004791A0FE00815
:10ED7000E14047C001C0DB418000842D1708F1004D
:10ED8000201C4030D175B3F2A185FEED6F70AD70DF
:10ED9000C9F002C02F414A24C0775F200C030E70D7
:10EDA0004C7123740D846C706D70052840002E70BA
:10EDB0000D7145C0A82080072F20C8020820468476
:10EDC0000A210012CA210C145B793FBA7B7B07C071
:10EDD000457B08C22478647A457878200000657104
:10EDE00086E80A2180216D700A20402205712042A8
:10EDF000AE84120AEFFB02204E242F41B86005C2F8
:10EE0000052840006F70507A4A200032AD700471BE
:10EE1000EE704AC0107844C2241C00302F2648F4FB
:10EE20002F2607265EF2BD0E102001C015089000A7
:10EE300001C01D087100D07802204E24C9450EF093
:10EE40000AC00021902302200D2008F00021902309
:10EE50002F21080438601D7D04C00AE8B0784E20D8
:10EE6000010804C004290000047103F00C712F266E
:10EE700008F04E7021F204771078B143047146C057
:10EE800009C014E82F25C8244A24002007C008C15F
:10EE90009A0CEFF9A2424420410009C08671A67184
:10EEA000ED0C24A00022522005C00023132006C030
:10EEB000047746C0E6E801C02F218804D27178208B
:10EEC0000000CA208534CA2745231470C22161205E
:10EED000A6F30421802F0000FEFF2F210220A0F1C5
:10EEE000430E10202F25C7151DF00287A2861B0D8B
:10EEF0002510A1411A09CFFB45860528810002870C
:10EF000024714C793D652F42114D638605298D0092
:10EF1000AC7A5649EE08EFFB7E661966C4BD402107
:10EF20001B092F400A22C0761F307E03530A10703F
:10EF3000A28700C000258D1E1D086503A140D208D0
:10EF4000EFFB00C102C15F21010323712D8109285C
:10EF5000400016F000C0BA08EFFBA14102C15F21DA
:10EF60000103002142302D820528400004710F78F2
:10EF70001C31000000C19A08EFFBB86043C003C019
:10EF8000ABC004141B34DAC6C3408000842D2C703F
:10EF9000F9012EFB90DAE078E6C208475F20000313
:10EFA000CB458000842D2285B8600D806D702F08C0
:10EFB000610040250E144A240072C1422C700C706E
:10EFC000A820C0020F09C003608205EB1073CA209D
:10EFD000CD00447424711E0EC009008DF57E001E04
:10EFE000C012047700ADC6C6ECC2104238D88846BD
:10EFF00068455040260BE000304108470BE8C3430A
:10F0000080004C2E008B8C20C38F07F2416800419A
:10F0100005F0FFD8CCC62C704C7140AB23AF284F05
:10F0200010DA2241351F0214341F0310C2AFA0B7FB
:10F03000A6082EFBECA7484F10DA9E082EFB424193
:10F040000C70B2092000E141038FCCC6C3413200ED
:10F050004010C34232005010210220000C70E078B2
:10F06000EEC2104364D8A846884770415042AE0AA9
:10F07000E000304008451AE8784D0CA57C4D62410F
:10F08000341D43105E1D8414381D0014C2ADE0B55C
:10F09000611D0310601D42146E09EFFB5C1D05101D
:10F0A0000C7152092000A14179250010CEC6E078EC
:10F0B000C34132006C10C34232009410BD012000E5
:10F0C0000C71E078E8C210409CD848464E0AE00037
:10F0D000284708450EE8C34080003C2E0241A1426B
:10F0E000341D8310C2AD6E0AE000E0B5060D0FFCC2
:10F0F00079250010C8C6E078EAC3B0C108469CD89C
:10F1000068475040160AE000304108451BE8C340FC
:10F110008000442E2241A142341D8310E2AD360A04
:10F12000E000001D041488C020DABA0FA000C1411D
:10F13000C84E80C0AE0FA00020DA88C0660C2FFC3D
:10F1400080C179250010CAC7E6C2284622894847EF
:10F150001B09B00908452D097109046D256E860F3C
:10F16000A00020DA4C4DCD4E03F0046D256E760FD5
:10F17000A00020DA048EA14103ADFE09E000E140C9
:10F18000C6C6E078C3408000582E0018800F3000BB
:10F1900048F1E07EF1C0C3408000142E2C70EE0FC9
:10F1A000EEFA74DAC3403200BC11520D0FFCD1C02C
:10F1B000E07EE078E2C3A8C128450041C34080005A
:10F1C000802E947064A80518430040A02040CA21F6
:10F1D00041030DF284C00E0FA00010DA80C010DAD7
:10F1E000020FA000A14184C080C1920B0FFCC2C7D6
:10F1F000E4C22846820BE0000845C3408000682E28
:10F200003D8809E94220000DA1414A09E000C142C0
:10F2100004F0A1486079C1408E0BC000C4C6E078FC
:10F22000E4C28769CB4580004E2E23BC15E92477C4
:10F230002F79608D41690A248070336BA8204003C8
:10F240002F7A3222830F8000142E24719FE201183E
:10F25000D200CA21210010EC096C0F7840204E002A
:10F260006E0B0FFC008D14720471CA202D008D26C8
:10F27000BF1E00ADC4C6E078C3438000502E157B8E
:10F2800040A3E07F26A3E0780C71001E0270F0001E
:10F290005804E07EE07EE078E1C52F27FF026F236F
:10F2A0003F00C343F0006404A08B408B15260C7014
:10F2B000F000680410220000C3B800AB20A4208B2B
:10F2C0005325C010257800AB2F26FF02C2C4E0787A
:10F2D000F1C028400041C60FEFFF0140C343F000DA
:10F2E00064040C71408B00280102C3B9257A40AB3D
:10F2F000028B257802ABC340F000440820A06F23A6
:10F300003F00F0184080D1C0E07FE4184080E078F2
:10F31000E07EE078F1C0060C0009D1C0E07F0788EC
:10F32000F1C0FA0B0009D1C0E07F0380E2C2CB45F7
:10F33000800018300D8D05E8060BE000A140572530
:10F340000D192C7058DA460EEEFAA14000168070A6
:10F350008000C02F20D94E1D4210541D0210C2C67D
:10F36000E2C2BA0B000908452490C3408000B015E2
:10F37000408005E90A920A7902F02C7100826382CA
:10F380001E304000090B050063A504F024B503A559
:10F3900004821E0C200904A50385C2C6F1C07E0BA1
:10F3A0000009C3418000B01520812481D1C0E07FD5
:10F3B00024A0E078EAC2CB458000D02F2E738A26A5
:10F3C0003016D3408000B015CA0B2009A1402FE8A9
:10F3D00084856385E585DA64D9633C248810D86721
:10F3E0003C234B0015703C270310C07A7570C07920
:10F3F0007470C0788C240F9A44A523A505A50CF73A
:10F40000064224950A92052903000D09240064B5DB
:10F41000048204A58C270F9A03F7071D0310760BAF
:10F420002009A14003E88A0B00098D213F2418E53B
:10F43000CAC6E078E2C2E60A20092845A7A808ED76
:10F44000C3418000B0152081238125A0C2C6E07889
:10F45000004103887920000008E002A99100200003
:10F460000C70E078F1C069689C330103C3408000F0
:10F47000882E20421B634413800014700C701FF20E
:10F48000C3418000CC2F20890EE9328380890CECA7
:10F4900026810AE9A60C2009604000AA1283068092
:10F4A00010E00DF02C830BE9401381000C72E2B9DF
:10F4B000CA20610000AA0C8320E0D1C0E07EE07881
:10F4C0009F2001033020800F8000842E05E80088F3
:10F4D000E07F79200000E07F0C70E0780041C340BD
:10F4E0008000C02F9106A0000088E078E2C2284585
:10F4F00008E9028D0F08100713081108BA0ECFFF94
:10F50000C2C6028503E85A0C8000008DC342800009
:10F51000C52E29689C310103486174E8028D1108E9
:10F52000F1023862638D0488D908C1804222400FFD
:10F5300038608A09A009A141C2C6E078E2C2084544
:10F54000C3408000C02FEA0DEFFFA0A84A2400713D
:10F55000C3408000882E2C70A82040022471BCA8D3
:10F56000ACA822B02AB054208009C3413200A819A7
:10F57000C34232005C19EA08EFFC0C76C34132004A
:10F58000C0177A0FAFFB0C71C2C6E078E6C24846DE
:10F59000720BA0002847084588E80C738BB801B6A9
:10F5A000E1401A09A009C141A140C6C6E2C2528089
:10F5B0000845058286E84E0BA00070D8528505A24A
:10F5C000028287E83E0BA00040D8528502A2068244
:10F5D00086E8320BA00020D8528506A2038287E875
:10F5E000220BA00040D8528503A2048286E8160BA5
:10F5F000A00020D8528504A225820CE922820AE9C3
:10F60000268208E9238206E914700C7102F2C2C650
:10F610000C70C2C6EEC228460847504341D8E141AB
:10F62000C1420A2040210A210021660FEFFF7042EB
:10F63000084515E820DA62419E0AEEFAA140484DDD
:10F6400020DA960AEEFA424141DA0240A141E14352
:10F65000C1442A082000401D4214CEC6E4C24845D9
:10F66000760AEEFA0846B866C4C6E078E2C29A0B9B
:10F67000AFFB0845284DC2C6E6C26847C3438000B9
:10F68000C02F88463D178410608B4A250007D60995
:10F69000EFFF28458BE8CA0AA000A1400C738BB885
:10F6A00001B6E1401608A009C141C6C6E2C23280D7
:10F6B0000845058106E8AA0A800032851419010070
:10F6C000028107E89A0A8000328508190100068144
:10F6D00006E88E0A8000328518190100038107E8C8
:10F6E0007E0A800032850C190100048106E8720A46
:10F6F0008000128510180100C2C6E078E8C25040B0
:10F700002845B60FE0080846084742108000031D50
:10F710000214C0B50471421F0210860CEFFFC140F5
:10F72000001600708000B0154217821027880C73F5
:10F730003072CA20610302ADC8C6E0784A24007165
:10F74000C3408000D02EC3418000D416A8204001C1
:10F750004C1850001CE1C3408000C42F0418800FD7
:10F7600032006C200018800F32009021E07F0818D2
:10F770004300E078C3408000B82F1018800F32009B
:10F7800030140C18800F3200001A0018800F32005D
:10F79000C455E07EC3408000B82F0018800F3200AF
:10F7A00084539D07CFFFE078F1C0C3408000E4158B
:10F7B0003A0F8FFAC3408000F815320F8FFAD1C08C
:10F7C000E07EE078C34180008621E07F00A9E078F8
:10F7D000C3428000001621A2E07F00A2F1C0C34016
:10F7E0008000BC15060F8FFAC3408000D015FE0EB6
:10F7F0008FFAD1C0E07EE078E07EE078E2C2CB45CF
:10F80000800064FD0085B20A2EFA13800085C34192
:10F81000F0000438018004191000008502800419EA
:10F82000100000850380041910000085048004196D
:10F830001000008505800419100000850680041959
:10F840001000008507800419100000850880041945
:10F850001000008509800419100000850A80041931
:10F86000100000850B800419100000850C8000A199
:10F8700000850D8001A10085118005A1C2C6E07838
:10F88000C342F0000038C343800064FD041200044A
:10F890002083C0B813A120830412000401A1208397
:10F8A0000412000402A120830412000403A1208397
:10F8B0000412000404A120830412000405A1208383
:10F8C0000412000406A120830412000407A120836F
:10F8D0000412000408A120830412000409A120835B
:10F8E000041200040AA12083041200040BA1208347
:10F8F00000820CA1208301820DA100832582E07F7C
:10F9000031A0E078E6C32091084749697D0A3502B5
:10F91000A1C1CB4580008021CB468000A41E2520BC
:10F92000800009F032F032F030F03BF052F05AF043
:10F9300085F0ED70E0A5C34032005233CE0AA00836
:10F94000208572096FFA0C7002096FFA0C72B20E00
:10F950000FFA42096FFA0C7316096FFA0C708A0ECF
:10F960000FFAC3403000444162084FFAC3402041BF
:10F970000000C3413000FCFBCE0860004C703A0C24
:10F980000000E4AEE0A6E8F0C3403200FC387E0A96
:10F990008008CD70081F801F300090D0DDF07E0FF2
:10F9A0002FFA402480307A096FFA0214003104AE35
:10F9B00028B803AEC34032008337520AA00820851E
:10F9C0000085D90810002085C3403200943AC2F067
:10F9D000C3403200BC33360A80080E094FFABCF02F
:10F9E000C3403200FB3A260AA00820850085DD08C6
:10F9F00010000085E10871002085C3403200B53B4E
:10FA00000A0A8008C34020410000C3413000A4AA74
:10FA10004C700A0F2000001D811014703A012A005A
:10FA2000CD73C34032003234E2098008001D01105A
:10FA30002085C34032008D3478F0C3403200F73562
:10FA4000CA09A0082085008537089100C34032000C
:10FA50003636BA09800846D8C34180002C304C7332
:10FA6000C343300028784E082FFC8C70A708300064
:10FA7000CD73C0A52085C3403200AB3656F0C340DD
:10FA8000320018388609A0082085001D0110208545
:10FA9000C34032009D385EF0C34032005E396E09CB
:10FAA000800846D8C3413200483E4C71C343300001
:10FAB0002878B6082FFC8C703BE8001D411020858B
:10FAC000C3403200BB3946F0C34032003A3B3E09E6
:10FAD000800842F06509D100C3403200E4342E09A9
:10FAE0008008021E0310C34080002C30208821882B
:10FAF00020886C7020AE418803168410041685108F
:10FB0000C34032002A350609A00841AE001D01108D
:10FB100022F0C34032002A37F2088008001D01108D
:10FB20002085C3403200B937E208800815F02085EF
:10FB3000C34032002C3A0EF0C34032004935CE08A3
:10FB4000A0082085001D01102085C3403200AA3581
:10FB5000BA088008CD73C140C6C7E0780818800F86
:10FB6000300004F9E07F08D8E1C5C340800061217E
:10FB70000010C200410A72000C77C3418000482186
:10FB8000A0814F790A2440704A230000A820000574
:10FB9000208D23095E00838544853D240B103D2282
:10FBA000C1007072CA21C1023470CA200103CA2385
:10FBB000810020E5C2C4E078E6C2AD70C340800099
:10FBC00061210010C000350D0310C34080004821A2
:10FBD0002080156D1E61E0961D0FBE10502780100D
:10FBE0004586268600B6607A0C700D0FFE10C14067
:10FBF00006084000A571E4F1C6C6E078E2C22F27EE
:10FC00007F006F233F00CB458000D016008D04712C
:10FC100000AD2F267F0008D8C3410000FFFF860FEC
:10FC20006FFE4C76C3428000101620826381004133
:10FC30004040C3420000FFFF407B2F277F006F231F
:10FC40003F00008D04E8008D047700AD001E417078
:10FC5000F000800A2F267F00C2C6E078C3408000F3
:10FC60006021008809E8C341F00010140081FC11F4
:10FC70000180E07F2278E07F0C70E078F4C2930886
:10FC800030000845008DE28581083F010415101001
:10FC9000C340800061210010C000402054A06D08C6
:10FCA000720041271390C34180004821C0812F2258
:10FCB00007202E704B0E4013008E47085E00018611
:10FCC0002286402055800721C303072002044121DA
:10FCD00016800522FE801EF2A240C24182427A0EA8
:10FCE0006FF962430522FE800AF282406241A2421D
:10FCF000660E6FF9C2430522FE8003F4D1418D22C6
:10FD00003F2720E60F0911200C1D0014E4A5D4C6DE
:10FD1000D1413E4026458242402040804121018021
:10FD2000360E6FF96243002200840123C1838242B0
:10FD3000260E6FF9624364A543A5D4C61AE81D795F
:10FD4000257841288100257841280101257841281E
:10FD50000102257841280104C3426B0729E6057991
:10FD60004C793A623BBA3322800F3200A030E07EF9
:10FD7000E07F20D82090E1B9E07CC343800060217F
:10FD8000408BA1B920B0096A2F2607F000ABE07DB7
:10FD9000C340F000E00800180104181801046F23A4
:10FDA0003F00C341F000041400194100008190B8E5
:10FDB000E07F00A1ECC21470B2010B00C3418000CF
:10FDC00061210011C1001071A2010C00C34180002B
:10FDD0004821A081B5709601210005B81D65008DF0
:10FDE000E1B8C5F4C341F000F008CB4680006021C3
:10FDF0000081808E10DFFC19C083914044200204F2
:10FE0000782403106F233F002F27BF046F233F0088
:10FE100012D82F263F007470412A11013BF46F273E
:10FE20003F006F233F00C340F0000C1460800F0AB6
:10FE3000300081806F263F001BF020816F263F003D
:10FE40002F093F012E7021EB038524854B6B002089
:10FE500080804121018003A53D240210782100000B
:10FE60003470CA20810024A58FE82E710DF0018026
:10FE7000238544851B630B6B002101802E71412279
:10FE8000008023A504A5008D0B083F01A140F20DC1
:10FE9000CFFF0095208E16704F204200247140B590
:10FEA00020AE21F236700AF400160070F0000C1437
:10FEB000920D20002C70147051F4B20CCFFF6F27FC
:10FEC0003F006F233F00C341F000041400194100BC
:10FED000408190BA40A103A10019C1006F263F00E4
:10FEE0003DF0C28541854B20008A4844C1431CF443
:10FEF000C3408000B8FD36888D7034702C7007F4D4
:10FF000037888A209501012841003D218300782609
:10FF10000010D570CA20C1006C7086E802224C80A7
:10FF20004326039064A583A56F273F006F233F00FE
:10FF3000C341F00004148140001941007470B920DD
:10FF4000FF0F6081C0784C77147090BB9D7260A1E8
:10FF500043A10019C1006F263F00001EC073F000CE
:10FF6000E8082F26BF0409081020CCC6001EC07365
:10FF7000F000DC08CCC6E078C34080006021E07F60
:10FF80000088E078EAC214726EF4CB45F0001014D9
:10FF900000151110FC151E90001E0174F000F808E9
:10FFA0006F233F00002181A70E7041200CA0CB479A
:10FFB00080005C210087CB4680006821618600219B
:10FFC0000280008641240190002080800121C180B0
:10FFD000402000816E0C200041210180C340800040
:10FFE0006021008814702BF2820BCFFF6F273F0037
:10FFF0006F233F00C341F000041400194100FC15B9
:020000040031C9
:100000000390408190BA40A100A50019C1006F265D
:100010003F00C3408000B8FD368886E9378810D895
:10002000012850002186008605207E8016F4250BCD
:10003000A5070026403462780EF0C340F000041497
:1000400000184100208090B920A0001F011006F088
:1000500002238007027000A7041E01105E0BEFFF51
:10006000001E0110CAC6E078F1C0C3438000B8FD8D
:10007000158B1CE8578B368BC2BA156944200008D3
:10008000057A88BA001E8070F00000141413C000B6
:1000900048200100C3408000303016080000C340F3
:1000A000800054150E0C0FFED1C0E07EE4C228453E
:1000B000CB46F0000414C34280006121C34180009C
:1000C0004821001E0174F000E008001E41100AE8FB
:1000D00000A1AF79A0AA5569B208AEFA2C7006F05B
:1000E000001A0300001901004C70C34380004C212A
:1000F000210A3501A0E5A141CA2126080B0D3518BA
:100100000C7738781278041B1000227D4471F2F1CC
:10011000008690B800A6C4C6E2C2073600707A44D2
:1001200000002E09200018DB0D08320008458A0C5B
:10013000EFFFA140A140C2C6C3408000B8FD001E31
:1001400000708000DCFAE07EC3408000B8FD358896
:100150003470E07C37881688C2B905B8442000089E
:10016000257888B8001E0070F0000014E07EE0786A
:10017000E8C20A0D8EF98B200C8052F2A20C8EF987
:1001800014704EF4CB4580007021CB468000B8FD42
:10019000288D158E147044F2347042F20C730E7078
:1001A0006E09EEF9081D0310560B0FFE6F273F0076
:1001B0006F233F00CB47F0000414008790B800A7DE
:1001C0000C1FC11F8A0A2FFE001FC11000436F269B
:1001D0003F00368E86E9578E8A21FF0E0229900055
:1001E000018540854228C12700200BA0FC17009004
:1001F00041210C80514BC2B8197900234090412411
:100200000290402041808122FF8FC34080006821FE
:1002100020A041A0001E0174F000F408C8C6E078D8
:10022000E2C2CB4580007021246DC340F0000C1465
:10023000081D4310041D01102A0A2FFE001D011085
:1002400000A5C2C6090020006C70E078F0C2304101
:100250002C707040504208460430408048012E0007
:10026000FFDD3670A0F2CB47F000EC08001F011450
:100270006F233F002F27FF026F233F0012D82F2646
:100280003F004A240071C34380004C21A820400154
:10029000204B84E824716EF0A60AEFFF9569104C9C
:1002A0001FE02F250590CC002400A14084200308E6
:1002B00023B81B63008353250111D343F000E808E2
:1002C0001020400000A3001B01242F26FF0200166F
:1002D0000070F0000014D3448000B8FD9645C2B809
:1002E000197948310000120C2FF9073080036A0B8E
:1002F0000FF98020FF8F8121FF8F4B2000AA18F279
:10030000161482206C7087EA171482208A239501C4
:10031000597B3D230C00782102003470CA2201036E
:100320005F0A31000220C080432101807C2002014D
:100330003470C07A4B0A1100C34280006121001260
:10034000C200B1724C70C9F6C3428000482160827D
:10035000AF7A05BA7A6203A201A24F200020181AD0
:100360008004141A4004C7A224A222A200B208F0FA
:10037000001E0174F000E8082F26FF0214F0001F91
:1003800001146F233F002F27FF006F233F0012D877
:100390002F263F0016082000A140001B01242F2615
:1003A000FF00FFDDAD78D0C644280108C4B82D7920
:1003B0001526427080004C2120820F210000E07F32
:1003C00000A2E078E4C2B60BEFFF084510E882080F
:1003D0000FFE8E08EFFF084600160170F0000014B3
:1003E0004C70C2B93878D86000A503F04C71404019
:1003F000C4C6E078209000180500E1B918F2C341A6
:10040000800060212089347012F4C341F000E008BC
:1004100000190104181901046F233F00C342F000C2
:100420000414001A4100208290B920A2C341800028
:1004300048212081227825B87107EFFF0D78E078F8
:10044000E2C2C346800061210016C8002044004774
:10045000AD70AC702F2005028B0D2310956D00162A
:100460000070800048211C644094770A5E00238459
:1004700004840016037080005C210221C9812C7362
:1004800003200B8174793C2143027F230010757097
:10049000CA20C100A1E84F2280004B22008A00B48C
:1004A00007F2D608EFFF81400016C80014F001845F
:1004B0000814021040204580412203800021499108
:1004C0000123CB903D2142027A2340107570CA204F
:1004D0008100F6E8AC710C1C4012101CC012A57112
:1004E000BAF1A040C2C6E078E4C20041CB4580002A
:1004F000901000A507E8458106EA407A2085084665
:1005000083E9C4C6CD7004817DE84078F70835835F
:1005100008454C716C70C141C608AEF9A1404C71E0
:100520004041B879C340F000D40820A06F233F00B9
:10053000E4184080F41840806F233F001E0F6FFDC9
:100540000C71C4C6E4C044A820A8412A0C06412A64
:100550000D04412A0E02412903064129020428B94B
:1005600087A8A6A8C5A863A842A821A8C4C4E07803
:10057000F1C0560F0EFA00160170F000003818D8BE
:10058000E0B9CA20A1063420800F8000D4FD1B08EA
:1005900030000477107804710A240070A82040010C
:1005A0004A260070E078020F0EFAD1C0E07EE078B3
:1005B000F1C0560F0EFA00160170F000003818D87E
:1005C000E0B9CA20A1063420800F8000D4FD1B08AA
:1005D00030000477107804710A240070A8204001CC
:1005E0004A260070E078D20E0EFAD1C0E07EE078A4
:1005F000C3418000E0FD0081C34280000C210B1844
:10060000030000810D18C301008205E8008259082B
:10061000510000810418830140810B8A80B80BAA25
:100620000081FFDA45A860810B8B81B80BAB00819C
:1006300046A860810B8B82B80BAB008147A8608114
:100640000B8B83B80BAB008148A860810B8B84B8FF
:100650000BAB008149A860810B8B85B80BAB008187
:100660004AA82EF000820D08900000821473E07DED
:1006700000810518C30340810B8A81B80BAA008151
:100680000618830240810B8A82B80BAA00810718E2
:10069000C30140810B8A83B80BAA0081081843016B
:1006A00040810B8A84B80BAA00810918830040811D
:1006B0000B8A85B80BAA00810A18830000812B8859
:1006C00086B9E07F2BA8E078EAC2C341F0005C0461
:1006D000E0812081F70F4190CB458000D4FD258536
:1006E000CB468000102109E9458523852081314FC3
:1006F000070A44001BE80385001690100209200039
:100700000E10910000AE7E0920000016C0104E09A8
:1007100020000016C010008E09080020860F4FFD33
:1007200003850B09BE21E0A003850016C010CAC6D0
:10073000C3408000E0FD00800E8844200008E07F78
:1007400025B8E078C3408000E0FD00800E88E07F9F
:10075000C0B8E078C3408000E0FD00800E884420EF
:100760000004E07F24B8E078C3408000E0FD008012
:100770000E8844200002E07F23B8E078C340800068
:10078000E0FD00800E8844200001E07F22B8E07880
:10079000C3408000E0FD00800E8844208000E07FA0
:1007A0001D78E078E6C208DD4A270012FD7FAD78AB
:1007B000C20DEFFFBE671470E27DDD75F8EF88E8CB
:1007C000C96DB20DEFFFCD7882E8CA6DCD78C6C68F
:1007D000E6C208DD4A270012FD7FAD78D60DEFFF97
:1007E000BE671470E27DDD75F8EF88E8C96DC60D4F
:1007F000EFFFCD7882E8CA6DCD78C6C6E2C2C340AD
:1008000080000C2180802E0820000C700D0CB5108B
:100810000845960FCFFF08F0A0BC95728D7005F4C7
:10082000B20FCFFF08440E082000A1408140C2C68D
:1008300014702F27FF006F233F00C342F00006040F
:10084000208A50218000C520220100AA2F26FF0007
:1008500044210001E07F22B8F1C023081200C34107
:1008600080000C2120810F09B500A0B95A0C0EFAA6
:1008700005F00B099100920C0EFAD1C0E07EE078F1
:10088000E6C0C3438000E0FD20836D710E19C30FE5
:100890002083AE8920838B89C0832083ED892C70CF
:1008A0001D09C503150C6E103A660412C2000D082E
:1008B000A300002B4210467D2471F4F10083AEA802
:1008C000C6C4E0782F2442F0E07C1961A820000221
:1008D000FF118382408840A90118D200E07EE078B1
:1008E00042223C80E07C5B604A200000A82000029D
:1008F00001118C04127A04717A6280AAE07EE07899
:10090000EAC2C341800040322089104117E9C34048
:1009100080003832A08009690F78E1680A204023FE
:100920000C100025110844047E090000C28589EEE0
:100930008E0900008D27BF1D0CE5CD700DF0C34260
:100940008000C03200822086041E0110047122A59E
:100950006E09200000A2C140CAC6E078E4C2C341CB
:10096000800040322089084510E9C34280003832B7
:100970005F21000320823E6042260E1301860F0D88
:1009800005106CBEF90E4590C4C61E090000C34197
:100990008000C03200814286C343ABFA0DD0047799
:1009A000A2A661A540A51A09200000A1C4C6E0784E
:1009B000F6C230414609200010425F220D2310404C
:1009C000CB4780003832C340800040326E708E705A
:1009D0000A4602754A254020001F001400188204B0
:1009E000160900006C20800000201020A30864235A
:1009F0002F2687F44BF200110021130835025320F3
:100A0000BE8008D8001E051206F005F208E06C2032
:100A1000800000B6021181200420970F0000F8FF2B
:100A2000A2A6A1A63909B40022AE0A692F200700A8
:100A300040205600C2082000001710106C208000D3
:100A400000201020170864236C278020B86000A5C0
:100A50008D26BF2C0845084502F08E712F0C112001
:100A600096082000001710106C2080000020102035
:100A70001F0864236C278020001D01100017101030
:100A8000467726740CE61D65ACF10A250025150D88
:100A900011200087027DB143001E407380003C326C
:100AA0006240D6C6E2C2CB4580004132008D85E867
:100AB000860F8FFD008D047100ADC2C6C34080005B
:100AC0004132208824772F2647F020A8E07D750743
:100AD0008FFDE078246853207E806C214100CA217C
:100AE0000100E07F2040E078047375052EF96C204A
:100AF0004000E07891050EF965052EF90C70E0785C
:100B0000C3408000BD32E07F001843002180008098
:100B1000E07F38204000E078F1C008E0E60DEFFF0C
:100B2000107804E808E003F00C70D1C0E07EE078B3
:100B30003860E907EFFF1078E2C226092000284557
:100B400005E8248808E020ADC2C60C70C2C6E07873
:100B5000FC1A428041012000422201020106EFFFFF
:100B600068B8E078008006E8448808E0E07F40A9A3
:100B7000E07F0C70E4C22846020A20000845A1412B
:100B8000D20FEFFFC1422C71FA092000A140C4C668
:100B9000F1C0C340800044322C70F20D2EFA7CDA92
:100BA000C34080004417C3413200BC2FAE0CCFFDC0
:100BB000D1C0E07EC3428000B0322C8A3472E02083
:100BC000CD076169152241006CAAE07F00A1E078A1
:100BD000C34180007C21E07F00A1E078C341800018
:100BE000443269118200816A152183006919020368
:100BF00000A3E07F4040E078E2C2CB45800044178C
:100C000000858AE8C3403200643D120F2FFE8A211E
:100C10004A030085C34280003C152082828010DB9D
:100C2000096900A22F79C342800078FA8C70AC70F9
:100C3000CC7023200003A140C2C6E078E2C26A0E55
:100C4000EFFF08450085AD700B0810000080A5710E
:100C5000FEE86E0ECFFFB078C2C6E078E4C24A0E5E
:100C6000EFFF0845C08507EE008600A583E8041D58
:100C700001104E0ECFFFC140C4C6E078E2C22A0E7A
:100C8000EFFF084500853A0EEFFF78200D00A140E8
:100C9000C2C6E078E4C2284608450E0EEFFF0019F0
:100CA0000100008505E80185C1A5C0A003F0C1A52C
:100CB000C0A50E0ECFFFC4C6E6C248462845EA0DC1
:100CC000EFFF084700870AE80187110880030BEE51
:100CD000008600A5A0A60BF0E140BE0FEFFFA141EA
:100CE00005F0E1400E082000A141D60DCFFFC6C699
:100CF000E4C22845B20DEFFF0846008600A583E850
:100D0000A1A6BE0DEFFFA0A6C4C6E078E6C2484784
:100D10002846960DEFFF084500850F08800307EF72
:100D2000008600A703F0008600A50185070881035F
:100D3000E1A58E0DCFFFC6C6E4C228456A0DEFFFC0
:100D400008465326C010C34280008432F4220100BA
:100D500028128E0014220300A5794F26801020B39C
:100D60005E0DEFFF281A020002EEC4C6B2090009A8
:100D7000C4C6E0783105CFFFC3408000A432E07ED6
:100D8000E4C2260DEFFF2846C3418000AC32A089A3
:100D9000A57E2E0DEFFFC0A902EDC4C68209000991
:100DA000C4C6E0781905CFFFF1C0C3408000C4324B
:100DB00004180100260F6FFD00180100C3418000D8
:100DC000E022D1C0E07F00A1E4C2AE0FEFFF0846F1
:100DD000C3408000C432008005E8A280001E43109A
:100DE00004F0AD70001E0310BE0FCFFFA140C4C6BB
:100DF000E2C2860FCFFFC3408000C432A08004ED62
:100E0000228506E9A20FCFFFAD700AF04C70020FE9
:100E1000EFFFA141920FEFFF0D1D0310A140C2C6CD
:100E200009E1B101200945298102E0789C310F0ACE
:100E300009E1A101200945298102E078E2C23A0FC7
:100E4000EFFF0845E6092009A1405E0FCFFFC2C6AB
:100E5000E4C2260FEFFF08450A26801F8000C43237
:100E6000C0860FEE02860D0D2510A27802A6FAF1BB
:100E70000C8E2C720E0FEFFF081E0110F2F12A0FDC
:100E8000CFFFC4C6608008444A200000208B422166
:100E9000010C89E1E020CD07216B20A4408B204389
:100EA0005A20810259614221000CF2F1FAC2FC1C65
:100EB000C8B6A6C15414173042C344C243C1184334
:100EC0004C77C343EFFFFFFF8040A0410A21C031B0
:100ED0000A2080210A2340212A0EEFF80A2400214B
:100EE000DC0125008240624182428A0EEFF86243B3
:100EF000E6F44C77C343EF7FFFFF8240060EEFF826
:100F00006241BC0129004C706C708240F60DEFF814
:100F100062410A25C024D225E527A240AD2005055F
:100F2000802070007A0EEFF85325CD24C3429F50E5
:100F3000FB79C343D33F1344AE0ECFF8C342608B5B
:100F4000B3C8C343C63F288A0A0B0FF9DB40F03F02
:100F5000000008462847052501164C70C343F8BF1A
:100F60000000F20A2FF98240C3426F636143C3431A
:100F7000D23FA787720ECFF8C142DA0A2FF9E143B8
:100F800086094FF91A0EEFF80845C342790971A393
:100F9000C3430A404F9308474E0EEFF828465020AF
:100FA0000335B20A2FF94C705E094FF945C0C342B0
:100FB000B5BB1655C3430240B16BE1402A0EEFF8B2
:100FC000C141084705C0DA0DEFF82846C342FAFED2
:100FD000EF39C343E6BF422E0E0ECFF8E142760A48
:100FE0002FF9C143004220430847FE0DEFF8284681
:100FF000C3432C4000004C70104630428A096FF900
:1010000070415021C3244E0A2FF94C70C2426E0920
:101010006FF94243C343184000003A0A2FF94C705D
:10102000C2425A096FF942436C70104230414C7011
:101030009EBBE1400A0A2FF9C1414242160A2FF92C
:10104000224310423041E142C143E140060A2FF9F8
:10105000C14100422043424022096FF922414C70B5
:10106000F2092FF9034305C214BA002203067A0DD0
:10107000EFF84C7010468A20100004270EA0C240E2
:101080008242A2433041720CEFF8CA20A1214DF7F1
:101090004C70C34324400000C240EE086FF9224167
:1010A00010463041A577A14063E0ED758C20C381E7
:1010B000310FFF22CA272511A94635F003C104C20A
:1010C00002C363400A2400050A25C0040A2600045E
:1010D0000A2740063E092000001CC03508458BF059
:1010E000C3421CEB2D43C3431A3FE2368240160C29
:1010F000EFF8A24108012B004C70C3432E418084BD
:101100008240020CEFF8A241F4002600B2780C20D5
:1011100040A300201020CD704F279722ED70CA20E9
:101120002C200221CD333C2140331470C07DF5705A
:10113000A140C078442792A01C754C706C7082400E
:10114000C20BEFF862416F230B200AEE8240A241EE
:10115000C24236086FF922431044304544234120EF
:10116000347003C104C202C35027C022CA2402251E
:10117000D225E22740C063400A2400050A25400525
:101180000A260004A1478E0820007927111067095C
:101190003020084503C102C34427002887204109A5
:1011A0002320C006A14203C102C3096F40C0416DA4
:1011B0002F248903412EC5174A268002EC70634014
:1011C000C60C2000041C41312B0A3020084504C005
:1011D000104D2308450604C000210E3002264E1390
:1011E00003C102C320D82320C006A1428D26BF1E02
:1011F000A571A140A6C004141B34DAC60F08302024
:10120000D57006775AF50E7658F10E7056F1E078E3
:10121000FAC2FC1CC8B6AFC10A2340210A2400212F
:101220007814113041C342C243C144C08040A04140
:10123000824262430A25C0213A0BEFF80A2080312E
:10124000E6022200AC734C77C343EFFFFFFF8240FE
:10125000B20AEFF8624147F7C34432002D34AC7450
:1012600054F04C77C343EF7FFFFF8240960AEFF8BC
:101270006241C9F68D09BF20AC73C3443200B7394F
:1012800044F04C70C343CD4165CD8240760AEFF8FF
:1012900062414E0029004C70C343CDC165CD8240F0
:1012A000620AEFF862419DF7512180A2CA20A13164
:1012B000422040323C2001303470C078A0E0CA2087
:1012C00026080E700B4704714A22000C8D20000185
:1012D00087C12AF00271E577067140A9F8F104C0D0
:1012E00003C102C201C30A2400050A25C0040A265C
:1012F00000060A274005BA0BEFFF001C403410F02F
:10130000AC74C3443200B43704C003C102C201C389
:101310000A264005D20C20000A274004AFC004145E
:101320001B34DAC64C706C708240DA09EFF8624107
:101330000A2300350A21C03449F70C702C70824210
:101340000A0FEFF86243184338416340BA0D2FF992
:1013500023414E0AEFF810426342E60EEFF82343B2
:10136000C3423200703DF67A6082418245C346C274
:1013700005C2760AEFF806C310467E0D2FF92846FF
:10138000320AEFF80845C242B60EEFF8C143CB4629
:10139000E03F00004C70C14310476A09EFF8304647
:1013A000CFF6A5710E0AEFF8A1400042204305C018
:1013B0005209EFF806C110F74671AD700CF04C7091
:1013C000E240C2413E09EFF8C14386F703ED090D43
:1013D0001E10A57137EF20DE2D08352820D90241D7
:1013E000452D831287C23A62247160409E20BF0D52
:1013F000B86030E00D0DB41200AAE90934886845E0
:1014000002204F304E2100087D2042085470C078E1
:101410001077CA20C5039FE10471CA206D0030DB3C
:101420008D20000187C206F03A62247160AAFAF1A9
:101430006909350887C02EDA40215000386040A87D
:1014400013F05E09EFF842406342F60DEFF82343D4
:10145000C343E03F0000AE08EFF84C7085F751221F
:1014600000A0C02262203508352820DE0A2600149C
:10147000442A812287C0DB6040224222C57120407D
:101480009E20BF0D002212204022002C0D0AF404E1
:1014900000ABE10E349830425321402049085100FE
:1014A0001D0D30204C706C7082405A08EFF862417C
:1014B00084F74B2100A305F2A67703F0AE70290E46
:1014C0001518250E6515D2794E26CD17A271B1716A
:1014D00087C0CA254510D860416DB20CEEF930D9ED
:1014E000BE66C571310E35184C706C70824016089E
:1014F000EFF8624144F787C02DD90BF01109BF20E6
:1015000087C01509FE2087C020D903F02BD9D860E9
:10151000C57120A804C003C102C201C3402404371E
:10152000F105EFFFC145C3443200B833DD05CFFFFD
:10153000E4C2284500414040A1429E0BEEF96846B6
:10154000A0A6C4C6F8C23C1412300EC73414103022
:101550000A21C0210A248021A845884670455046AA
:1015600030474B0A7F2018400AEF170A3E204B22D3
:1015700000A304F40B0C1020E57703F0ED70290DA7
:101580001518250D2514B2794E25D31702717271E5
:10159000CA234520B86640234220F20BEEF930D929
:1015A0006275A5712F0A3F20B04F9D0A1E21110AB6
:1015B0009F2206ED1275CC25C29325F2A14557094D
:1015C000102475099120710D35080026411162D84B
:1015D00030F04E2503183C270B107D234C08757006
:1015E000C0789570C07B7070CA230500D96530DA69
:1015F000402340008C20C000D9F101199200A57150
:10160000FAF1BF0931A442254510B70D10804225DB
:101610008510442200A808F40D0D3508002641115C
:1016200078D808F04FE89F0D35880026411158D82A
:10163000A47100A93B0D35080026411130D8402582
:101640004D0000A91B0D15180B0C3020B9662DD8C4
:101650000CF0130ABF20B9660F0AFF20B966A14536
:1016600007F02BD802F020D84025451000A90340F0
:10167000E241C242A243C144E1466E0920000A276A
:101680008004D8C6E6C3ABC111C4947078240E00A0
:10169000D024211110C5D27EEABCC52661100A21D2
:1016A00080110A26400138470D0E3F100A260030EF
:1016B000AC7022F044240B18872341184A250000FF
:1016C0008023831D052C4802694783C1A071A47142
:1016D0001A2040120E20000108468426831F8AE645
:1016E000CA27251CF860110C640200A9D90D3488A2
:1016F0000A24000240240433001CC0310A20800761
:10170000E3410A27400242C43E0EEFFF41C5C6C76F
:10171000FAC2FC1CC8B6ABC11DC705244B017570CD
:1017200078230C10D027211170141B306C14193041
:10173000927CEABFC5246110A8460A2200210A2330
:10174000C0210A2080317047504430450B0C3F10B7
:101750001046AD702CF06814103044271118872102
:101760004128AD708021832D4240C1416242EA0B85
:10177000AFF8024308410422800F0000FE0022431C
:101780008AE03C22C8243C260B14CA23250C12767E
:1017900083C4CA230112BC64A5717A62110B311093
:1017A00040AC0A224022C50D349828464024043318
:1017B000C240A2418242E243A1450A2600060A270E
:1017C000C00442C7041CC0367E0DEFFF001C40362B
:1017D000ABC004141B34DAC61470E07C890000002E
:1017E000E07EE078F4C20A2080210A2240214846A7
:1017F0000A25C0210A260021704330440847290DDC
:10180000A501484553257EA0C9450EF40220912428
:101810000A25801320D88241A142607F62438D2136
:101820003F2FA5711F0A302042265120002191240C
:10183000FF1180A48241A142607F62438D22BF2EAE
:10184000A571210D7E20D04D190825040276A27EB7
:1018500020D88241A142607F62438D263F1FA5713F
:10186000A140D4C6F81CC8B7071C02304024C031C0
:10187000402483312C71C3423200340C620AAEF929
:10188000061C03300614813086E906E8E078061469
:1018900080307EE808141F34E07EE078F8C3A5C1EC
:1018A0008847684550453047104144C384E9D341D7
:1018B0003100E0174A2400200115801414708A04B6
:1018C00021000C2440A517087009E2418242232020
:1018D0004004A24344C58671F0F1CD70101C403322
:1018E000008D1B08D20A2708D00A2B08500B370896
:1018F000110CA57180BE44C5F4F123081008270817
:10190000D108A57184BE44C5ECF1A57182BE44C561
:10191000E8F1A57181BE44C5E4F1A57183BE44C55B
:10192000E0F14220010C130995025E0DAFFF84C067
:1019300004C510420DF01B08B10A4E70008709085B
:10194000130081BEE5742F220920A57144C5008DC6
:101950002708B10B6E70416D44C2018D504042208A
:10196000010C1B09B5028ABE1E0DAFFF84C0101406
:10197000103010430CF0B1400AF01508B10AA572FE
:1019800004170014B1404820130044C50010802003
:10199000004180213E062F2143005D09950225204C
:1019A00040000EF017F01AF026F026F024F005F0B3
:1019B00022F022F001F0067188BE1AF0402041208A
:1019C00044C101108020E8E09BF4067285260310D4
:1019D0000EF0067189BE0CF04020412044C1011078
:1019E0008020ECE08FF4067285260C10101C003469
:1019F00000108020C6E07C002C0000428022BE0740
:101A0000A30AF50510D94A2700022420800001010D
:101A100000008D01000057000000A70000006100D9
:101A200000009D000000C500000043000000BD0054
:101A30000000B9000000B5000000B1000000AD00DA
:101A40000000CF00000087010000A10000009D0001
:101A500000009901000095000000130000008D00B7
:101A600000008900000047000000A4BE0AD91FF052
:101A700077087009C5E025F2C6E038F4C6E003F443
:101A800085BE04170510081704142240E241824263
:101A9000A2430A26C0040A2780047A0FAFFF40C67B
:101AA000D6F0C7E00CF2D8E020F4D8E0CF266111E0
:101AB000E4E02CF2E9E020472DF22BF08BBE81B858
:101AC000C7E003F485BE041705100817041422406C
:101AD000E2418242A2430A26C0040A278004D20BB4
:101AE000AFFF40C6B4F025D8E24182422320400433
:101AF000A24340204D208671C105EFFF44C587BE3B
:101B000002F088BE304078F1204705F0EC7246269E
:101B10000E13C141842110003470D0262210E9E058
:101B200003F2E4E01CF4190E5F12510E1F12F30EC3
:101B30009F11F10EFE1100870E7874F04087041794
:101B40000610792201007F260000D470CA204100CF
:101B5000A308300040440A25800152F02D0E7F1268
:101B6000CC70CD0E3F12E6BE9EF400170410E7BE07
:101B70009CF22F2408019AF00417051441C62F2463
:101B80004901412DC50758F0041705100817041422
:101B900043C6081C8034041CC0343AF04426939099
:101BA00058F45672240125004A25401000244E2383
:101BB000496E20D8E24123204004A243A571F10DD3
:101BC000849440224D20D14481F00417041445260A
:101BD000401841C0AC704A260004001C013222406B
:101BE000E2418242A24330F06D0B30200C7762401C
:101BF00032F00C700E2404800320858108E7412E0A
:101C0000C60743C6081C8034041CC0342240E2418D
:101C10008242A243FE0AEFFF001C013018F0008F41
:101C200041C62F2409004128C50742F004170414B7
:101C3000AC7041C62240E2418242A2430A26C00162
:101C4000001C8034420AEFFF0A27C004104478F0D9
:101C5000AD713DF04087AD704041504601118204A6
:101C600006EA1470C02562100477FAF58A20100085
:101C70000426189004F27275CA25C61444268E9064
:101C80007A000200750D85140E258D1420D8E241CE
:101C9000824223204004A2438D25BF1E867140222C
:101CA0004D202DF000178410AC7041C62240E24157
:101CB0008242A2430A26C0010A27C004CA09EFFFD4
:101CC000001C803410443BF0AD72008FE241824230
:101CD00023204004A243670DA51486715F0B3020BA
:101CE0000E258D1420D8E241824223204004A243D5
:101CF0008D25BF1E867123F0A5710016802010E887
:101D00000B081030190B30206677E2418242232005
:101D10004004A243011680228671F4E81F0D851449
:101D20001B0E10100E258D1420D8E2418242232074
:101D30004004A2438D25BF1E8671E57440204D20CE
:101D40007903EFFF44C542254220CA2205050C70E5
:101D5000E24123204004A2438240D8C7E4C23B7C36
:101D6000D468CB458000D01A167C357E14250B1024
:101D7000BC64BE66E41C8490EC1C0491FC1B449182
:101D8000D41EC090F41C0590AB60110BF100B07232
:101D9000B860FF180380C4C6CC228E8F0000FB0001
:101DA00038F7438D3D7BED0B8180860A0000C4C669
:101DB000F4C20A2440210A250021704650403043D5
:101DC0001041CD70CB478000CF1A4E7021E8228F92
:101DD0000A24407431DA6240A82080020110830492
:101DE00085EB0B0995010F0A4F00E0780A22402489
:101DF0000FF0BE0820000C71001601708000EC2A64
:101E00000A22402420895708650048217C206A4521
:101E10003F0EA5142240270C102000100121008D38
:101E2000420D6FFA2042008D856F5F208301196794
:101E30004B892289820C6FFA9B63008DE96085E9EA
:101E40008E092000248F0672C571A571E2F16241EE
:101E5000C2422E0D6FFAA243D4C6E078A820C0017A
:101E600001138024F8600118C300F8F100435F20DB
:101E70000209C3408000F02A208000168C70800088
:101E8000A01AC34080007417586020818CA862B0EB
:101E900091076FFF06180304C3418000F02A2081D8
:101EA00020813470E07C99076FFF14E0E8C2104095
:101EB000AD70CB47800088174A2600112417801484
:101EC00006E8520E4FFA1270C02561108C263F1E94
:101ED000AF78C8C600811470E07CF5050FF9E07892
:101EE000E2C3A1C10845008011E84024C2309E0E23
:101EF0002FF92C7100430BE8288D048D03148230D8
:101F00005221010029AD2C7107F0048D2C704C700A
:101F10006C70091D03109A0A8FFAC2C7E4C24845C3
:101F20005A0E2FF9284606E8C141B20F2FF9A142F7
:101F3000C4C6E078E2C23E0E2FF90845A18508E844
:101F400010DA00417609AEF9A14014E8A20F2FF98A
:101F5000A1400C706A0F2FF92C730C70C609AFF9F1
:101F60002C730C70C3420000FFFFF60BAFFA2C710C
:101F7000C2C6E078F1C0259013099104FE0D2FF937
:101F8000008805E83A0F2FF92C70D1C0E07EE07888
:101F9000E4C3A1C1E60D2FF90846084517E840241F
:101FA000C23008D9E60D2FF9A14000410FE8031413
:101FB00080307D208200EA0AAFF9C140660E2FF919
:101FC000A1400041EA0AAFF9C140C4C7ECC2F269BE
:101FD0008427071FCB458000B41A167FFC65B367C2
:101FE000489410403B7891420F0AE500C1680F7990
:101FF0003E0820000240CF793B7E16260E14DB659A
:10200000B26608930D08A500704126082000024022
:10201000B1671012002117084400B16610110021A9
:102020000B08640002751B1D4310CCC6ECC23B7F3D
:10203000C3428000A41A167F5F6710401097A897CC
:10204000142203049493134D707B0924CE1023EEC5
:1020500040280321357B30239100442152002C710C
:10206000D07D8C25039FF9212500C021A50089255D
:10207000C31E107A0021842002404242A20A6FFA55
:10208000A1431097A27E2C702F2688F3B86010B75A
:10209000E8F5CCC6E2C3A2C18B4442B4071C0230AF
:1020A00061B449097000011C023141091001C342A9
:1020B0008000D01A1D62618D310B400021AD238A52
:1020C0008C21C38F12F23E0A0000008D1F08F10020
:1020D0004024C13181C240248330402444300C71FB
:1020E000D20CEFFF001D0310C2C74024C1310C7198
:1020F000001DC310E20A6FFA021D4310C2C7E07848
:10210000C3428000E41A2082C3403100A022347010
:10211000F8204200E07D041A800F3100242200A242
:10212000E07F0C71F0C2CB458000C41ACF8D0A222B
:102130000021704350443041110EB10010406E0B2D
:102140000FF907E8CC7006F00F1D821106F0CC7174
:102150000F1D82110A1D82111670CC2682911CF26D
:102160002F2080010F7B04710A2400740F7C2C70D7
:102170000A2340142F260013A82080030113801483
:102180007B7A167A1F6516260010BA62B8602BAFEC
:1021900020B220B0AC710240224182426243160C50
:1021A000EFFF0A248004D0C6E2C3A3C10845048817
:1021B000620A6FFA101D8310004109E8048D78212E
:1021C0000100AE0CEFFF2DADC2C70D8D78E84F8D2D
:1021D000C3418000F02A8081216A2FAD048D2284C2
:1021E0006184C342FFFF000041C180C142C2A20B13
:1021F0006FFA40C3C2C7E078E4C2CE0B0FF90845BE
:10220000CD700FE82C744C70820B2FF9A14088E838
:10221000B60B2FF9A1400845F6E803F0A946C140E6
:10222000C4C6E078F1C02288C3408000D01A1709E4
:10223000D0090B09110A318887E920881109D000DB
:102240000AF0318804E91118030006F00E08200096
:1022500000180300D1C0E07EF81CC8B7C34080005E
:10226000E42AC3428000D01A2080008A14790391A6
:102270002043041C043010E84024C13181C24024B2
:1022800084310C71AC71061C03302A0BEFFF071C64
:10229000033004F0001AC30008141F34E07EE07815
:1022A000F1C02288C8E104F4048814E8C342800025
:1022B000D01A028A06E8001A0300021A030008F086
:1022C000008A04710F790D09F50000AA8E0FCFFF67
:1022D000D1C0E07EF1C02288250911042090C340BE
:1022E0008000841724775A210109386030880D094D
:1022F0009100BA0ECFFF04F010184300D1C0E07E69
:10230000E1C5C3428000C41AAF8A326D8421070F31
:1023100016795B6180932C71B47904EC001B050085
:102320002F793B7916795961609105EB0019050009
:1023300002F005EC58600B180300C2C4E8C20A1989
:102340000300081905000845098840258E12284712
:1023500092092FF9C14100A7A4E8098D4508510051
:102360000F8D6C204001C0E01CF4CB478000DB1ACD
:10237000058F98E8860EEFFF0C70104012E82C7461
:102380004C700A0A2FF9024000410CE84095A60B58
:102390006FFAC140051F4310011F0014001F0310F6
:1023A000CB468000E82A008604880AE8FE080FF978
:1023B00006E82086008D760E6FFA2089C8C6E07880
:1023C000C3408000F01A00801470E07C0078E07850
:1023D000E07EE0785F200003C3708000E81AE07EB2
:1023E000F1C04E084FFA09E804775A200003C37081
:1023F0008000F41A02F00C70D1C0E07E001A0300D5
:10240000E07F00A9E6C208450088228DCB46800007
:10241000F41A04775A2000031D09F109DF600395BF
:1024200002B7008D001FC515081F0110021F031001
:1024300006AF03F0068F15E80D86A1414380607A50
:10244000E1400C86A1414380607AE140028D13088F
:10245000110A0287061F031003E8060D0FFF3186DD
:1024600003E96079A140348603E96079A140C6C6DA
:10247000E07EE078E2C26E0FEFFF484505E8488D48
:102480000A0920002C70C2C6E07EE078E07EE07889
:10249000EAC210410DD8884768464845E208200046
:1024A000304000430DE8CAAB28BE4C7522400241C3
:1024B000ECABA9AB081B43009E082000CBABCAC6FF
:1024C000EC1CC8B7CB448000401B808411EC041C7A
:1024D000043081C0121C0431101C03300E1C8430E7
:1024E0000C1C0530071CC230607C061C42301414E2
:1024F0001F34E07EE6C208450088C3418000F61A1A
:10250000E9685A270F133F67048F08E8028D0F0808
:102510007100208F81B920AFC6C6CB468000F41A67
:102520000D86A1B920AF4180607AA140008FED08EF
:102530005F800C8621806079A140C6C6688AE0BBB6
:10254000C3438000F41A05F46D836083007B6C83C1
:102550006083007BF1C009E9CB4480003C1B808490
:1025600008EC407C09F022900E086FFB0C7405F01B
:10257000EE0D2FFF6040D1C0E07EE078B5052FFF63
:102580002C70E078E07F3860E6BAE07D6C7005077B
:10259000EFFF8C761520410080910922C4009074D1
:1025A000E07C06880019040116D94C701507EFFF6E
:1025B0006C70E078F1C04088C3438000F8124CABE7
:1025C000018810DA0DABF60A6EF96040D1C0E07FE9
:1025D00078200000E4C228467A0E2FFA08451470CD
:1025E0000C700BF2296D5F26001B5A21010B38601D
:1025F000C37080004C1BC4C6E2C2360E2FFA2845B9
:102600000CE804775F25011B5A20000B196100219B
:10261000800F80004C1BC2C60C70C2C6F01CC8B72D
:102620008B4402B4C3408000501C63C1208081C031
:10263000061C033565B4607944B410141F34E07E81
:10264000E6C2CB458000381C450971012C709C8D79
:1026500010EC296C2F792471C5850A2440702C70E8
:10266000A820C00106160F15090F801024718141A2
:102670002F79810920030ADE004D77083000347875
:102680002088CD7020AB218821AB34F0DC8D85858E
:1026900011EE296E2F7924710A2440704A2100001E
:1026A000A820C001E094110F801085762471C141EB
:1026B00002F02C702F79D1710ADE1CF2E18B608B55
:1026C00008BF7F67F07BC96BD57280DE45F78194C8
:1026D0008B7F04F40EF08EEB044D0BEC347CA09455
:1026E0000B0DE010E0B43A0FCFFFCD7002F011DE19
:1026F000C140C6C6EEC3A1C1CB478000F41A6E74B8
:1027000040270E12008691081000009708E0720E14
:10271000EFFF107810402CE8091883240818432292
:10272000008680C102880A180220008603880B18E0
:1027300002200086CE0A2000019008451EE802858E
:102740002185402012224090402000238A096EF902
:10275000104102852297024300900021112002219E
:102760008024107A120E2FFB0C7411F000862C704E
:1027700008DA4A24400407F000862C7008DA4A245C
:10278000800260900E0DEFFFE140D6092FFF00861A
:10279000001E01100CE68D233E2E0CE7CEC7E0781C
:1027A000E2C2084524158010162600708000F81B30
:1027B000AE0C0FFF04E8AA090FFFF6F1C2C6E078DD
:1027C000E8C2304022894309310A0845068DCB47CB
:1027D00080004C1BC9685A260E1BCA0FEFFFF86613
:1027E000320C2FFA068D0F08BE0014E7520E2FFF91
:1027F000F866428D268DA5BA0021800F8000FB1B54
:1028000042AD00180300C3408000281C0080024134
:102810004380607AA140C8C6E6C2484728460D09F1
:10282000B0000042090E91170C70C6C6CB4580005F
:10283000561C547D018D2108700014730C701BF41C
:10284000110E9F11008D011D4310E0B80C7013F2A2
:1028500012D811F01F0EBF1112D8C3408000601CA7
:1028600060802C700C7021AD05EB4040607BA14274
:102870000C70BB0E11922E8F4D8F08B959613079B3
:10288000AB09818F00002A2BC3408000641C0088A4
:102890004CE8011D8310CAF1C3408000641CE07F36
:1028A0000088E078C3428000561C147A008A0B0826
:1028B0001F000C7107F0FF099084018A14730C70DB
:1028C000F9F5E07EF1C0C3418000591C4B89290A0B
:1028D00000000BA91D0810004A240071A820400226
:1028E0000211800409089100FE194380E07804F089
:1028F000060ECFFFD1C0E07EEEC230432C70FE0C3E
:10290000EFFF484710401FE8A88F210DF41442251F
:102910008015190874028C2583940AF2D2E50AF214
:10292000150D311810DE09F0BD7E07F011DE05F03F
:102930000ADE03F0CD70064402880D08DE00090EA1
:10294000D013CEC624108020A141D20EEFFFE14269
:10295000004417E82A8F098F08B900211100E70DFC
:102960009F91E30D9097DF0C1080DB0DB0902F232B
:10297000480406442C701E0BEFFFA142CEC6F02681
:10298000927380000813190A30202E703226801F9F
:102990003200243E0D0B25208C74E3F18C76E1F19E
:1029A0000240624123208004E1428C70D9F1E0783A
:1029B000E4C2001601708000AC15084620811BE9B6
:1029C00004862C744C716E0B2FFA068884860016D0
:1029D00003708000AC15C3408000481B2088068C23
:1029E00020DA201E421020830CB62C4E420C2FFF02
:1029F0005AAEC4C64043204212D9C902EFFF8C70C0
:102A0000E1C5C3428000201C408200430C700AEAEA
:102A100088920D0B0403A9920B0DC5104082FAEAAF
:102A2000C2C440A1904B218204B83860C2C4E0788F
:102A3000E1C5C3438000201C00130C000EEC689419
:102A40000B08E5003073CA20CE000D08C400A9941D
:102A50000D0D05108084F4F10C70C2C4818471489E
:102A600004B9996120A2C2C4ECC3A1C108460C7587
:102A70000BB8D3420000FFFF834101B10471650E22
:102A8000A01400B1016ECB458000201CA0852AED6A
:102A900048952995107808220000F5090480618581
:102AA0005248F46A0027CF102F200820310924044F
:102AB0001041402482302C720A0CA000E14093E8BF
:102AC00080C22C72FE0BA000E1408DE81508A02406
:102AD00010E72995402140202A46E8F12240D8F10C
:102AE0004A46D078CCC7E078F2C20A2340210A20B7
:102AF00000217045504430420845CB468000201CE0
:102B00000A21802F0000FFFFC0862CEE0896B079C6
:102B10000B0925005270CA250E10B079ED0904800A
:102B20004996E90A44806186104904B80020C00033
:102B3000B07F527700180020CC278E9026F7824174
:102B4000820BA000A2428BE80F0F4014064049966A
:102B5000A57110E0EEF12A45D8F1001B802303F0A7
:102B6000AD70B078D2C6E078F4C20A2480210A227F
:102B700040210A250021704348472846FA092FFFC3
:102B800010412240520AEFFFE1410BE80480F57842
:102B900022880010160144210D0122BD03F0AD7002
:102BA000CE70060A0FFF290E102004ED71DA0CF02A
:102BB0002240F60CEFFFC1410AE84023D020310E3D
:102BC000252477DA2240320EEFFFC1410A08EFFFD9
:102BD000224007E81520C1030289A5B802A90F0CFD
:102BE0003020A240BE0A2FF94241D4C62E0FEFFE7C
:102BF0000CD808456CE821D8E8AD001D4414110C30
:102C0000302002AD4225C12221A50AF04023C02276
:102C10006E09EFFF1078004101A519E8C9A9C1B1FB
:102C200028BE0819820400190404130C3120CAA913
:102C30001B49A241A20C2EF962420016807080004E
:102C4000481B360FEFFEA141D4C6160FEFFEA14080
:102C5000BEF1E078E6C24289350A310A0845E389C7
:102C600082EFE889068DC3418000201B20E75F20AA
:102C7000020B3E62339608E9C6092FFFC140068D5C
:102C8000261E0510EF7A42092000C141C6C6E07831
:102C9000E2C2084500884209EFFF2C70004106E8B7
:102CA000008D260920004C70C2C6E078ECC30846AF
:102CB00002883908B008A1C175085108288E1A0980
:102CC000EFFF008E8F08300008450485081692102B
:102CD0006186152081044289A5BA42A9288B53092F
:102CE0007107304034952BF0009640248130120F4C
:102CF000AFFF4024C2300214803003148130DA0860
:102D0000EFFF00B6084514E8139512E83495021455
:102D1000803071DAE20CEFFF261D05102485088E45
:102D2000281D05101579028982B802A9CCC73595EE
:102D300005E9419350714C7103F2792102000016AC
:102D40001111E1930BEA2F20470472DAAA0CEFFF6E
:102D5000E1410E0EEFFE0186CCC74093FA0FAFFFA4
:102D600042412F08712722DA251581102415801081
:102D700046ADF3B51208EFFFF4B500160170800000
:102D8000AC1502B5A140AA082FFF2689CCC704853F
:102D90001520800402881D087F002F2047041F088B
:102DA000F12813D96C708C701A0FAFFFE142CCC7B9
:102DB00015957D081180F5B5CCC74C703A0CEFFF26
:102DC000E141CCC7E6C2284534914846084708E9A6
:102DD000E140260CEFFFC142281D0510359508E99A
:102DE000E140160CEFFFC1422A1D0510C6C6E0786F
:102DF000E1C5C3438000681C208B06E9AD70001B51
:102E0000030031F02080CB440000FF284189A089D5
:102E100008BAB962307A250CA310AD700022810F78
:102E2000FFFFFFD63309F4006C72216C250A6000A5
:102E30002475270A400017F00022810FFFFF00D8F9
:102E40001109D4001F0A810F00000328001B430052
:102E50002280209162690E880B083F0040230D04F8
:102E6000A26BB078C2C4E078C3418000281C2081E6
:102E700021810079F1C04288110A31082C74008840
:102E8000B20EEFF94C7013F0C3418000281C0D0AFC
:102E9000D5082081228107F00F0A10090F0AD108F6
:102EA0002181407903F08A0F4000D1C0E07EE078B4
:102EB000E8C2684628452B7B5040084716F290E54B
:102EC000C12E21114B26809314F25A0EEFF9E140E6
:102ED000250EDE1090E83227801F8000FB1B0FD9E3
:102EE0001470CA2161011EF07925401022681AF081
:102EF0002C7018F0442681120B09B1022C7525089C
:102F00009400210EBE102C70C3408000301CC08085
:102F100007EEE140A141607E0242004102F008D983
:102F20002F78C8C6ECC3A2C1298AD3408000341CC4
:102F30005D09700010413470AD74AAF42411802032
:102F400042200E2F40224F02AD70167EC08637EE13
:102F50000396B20AEFFF80C100467AE80E168000A1
:102F6000ED085E8000C0838072EC2511822004167B
:102F700004116496239624118020041882207BDAA1
:102F800023200003E1450845C507CFFF2411802019
:102F90004220122F16220D20A08525ED0395660AEA
:102FA000EFFF80C17AE826900495DD090400429580
:102FB0005860E90905800DDD67F0EA0FAFFF224098
:102FC0002F2647F364F4BA0DAFFF09D800430AE88F
:102FD000081B43062511812026447E0DAFFF4C714E
:102FE000CCC7AD7024118020760CEFFE1622002095
:102FF000084668E803960E0AEFFF81C108471DE8FE
:103000000F8F55083E01AD730E8F33087E004026AA
:10301000851201C1838113EC25118220041604114D
:1030200064962396241180200418822018DA232025
:103030000003E1460EF00EDD0EF02B085E010010DD
:103040000C2011EC43962411802009D9607CA04308
:10305000084518E84E0FAFFF22400609EFFEC140B9
:10306000C2F104962187429638606E082EF9A0417D
:103070000E8F1108DE00429604962287586000B138
:10308000AD70EDF107DD1E0FAFFF2240251181204D
:1030900026442F24470318DAFA0BAFFF6C70CCC715
:1030A000F0C3A1C12A8A0847098A08B94E711B6179
:1030B0002F21C8A07044AD703FF20C8A2B8A08B84B
:1030C00038601079B30964043040248725178010D4
:1030D0001579A091184DAA0CAFFF107808462EE87C
:1030E000D8650ADD40200B02091E4310081E43115B
:1030F0002F20080580C23E09EFFF024130E800C2E0
:103100002E8AE0B9B9661FF46469550BE4104128B2
:10311000030200A961A96082A574608B62A9408244
:10312000418A43A93908800F0000FFFF31082504B8
:1031300040205400DEF121F0AD704A224024CD70D1
:103140001BF01D0D9112091E831000A928B80BAEAB
:1031500020821C4E820FEEF810DA1CDD170DB11222
:1031600000265313FA09EFFEC1404A228022AD70B7
:1031700003F04E70AD713E08EFFFE140251781105E
:1031800004870AED0223822368BA507ACA0BAFFF84
:10319000C143D0C74C742243FA0AAFFF0A2480040B
:1031A000D0C7E078F6C3A2C130442A8A1041098A08
:1031B00008B948471A61AD712F2788A05042AE70F8
:1031C0006BF20C8F2B8F08B838601079D709E405A3
:1031D00030432645251180201579A091184DA20B6A
:1031E000AFFF1078B508300010404224C021002500
:1031F00001144027D6134027541309DD402115023E
:103200002F2608100818C3212F20880440240430DA
:10321000402405314C726241D208EFFF82431042D4
:1032200031E800C02F881D091E000EEE228020917B
:10323000110E6110C1422180820EEEF8C24004E8F6
:1032400042401DF0001480201470424008F40E8F9C
:10325000A8E0424004F41608EFFF424000250114A4
:103260004469230DA42041280302412A0222A574A7
:103270000019820402A963A941A99108E4844020AD
:1032800052001F0D711200204E23D608EFFE02409F
:103290000ADDAE7007F007F011DD0E7003F0AD70BF
:1032A000AE71120FAFFF224025118120170D302083
:1032B00026440226021468BA507A9E0AAFFF0243DF
:1032C000D6C74C76E243CE09AFFFA144D6C7E0781B
:1032D000E8C3A1C108452410800048474024C130FC
:1032E0001E0EEFF84C71031480302F087F004C72D3
:1032F000CB468000AC1520860A8F498F08B8041190
:1033000010015860FA092FFA107F64B81B080320D7
:103310000086C2900CF02515811004856C7076092A
:10332000AFFF8C76C8C7DA090FFACC680BD8520AFF
:10333000AFFF4827CF1500430DE8412E0012C9AB5F
:10334000081BC3000AAB2515811004850A0AAFFFCC
:103350004C73251581100485D07B3E0AAFFFE142F6
:10336000C8C7E078F6C3A1C148474A8A0845098F13
:1033700008BA0B1791100C1790100022120030465B
:103380002F20880480C17E0EAFFF104308461470C2
:103390008DF26F8E2415801010D91A0BEFFF624248
:1033A0000044147084F40E8E402810220021112451
:1033B0002F2748A405F2E4B84A24C00278F219087D
:1033C000FF004226502126962F200804E109240000
:1033D0004A24400324158010D3458000F81B62085E
:1033E000EFFE16250020001601708000AC154A245F
:1033F00040022789B908650040268021060DAFFEEE
:1034000010781044A90830004A2440040E8E350874
:103410007E000DE700C0838014EC25158210241572
:103420008010C3418000381C40A92F24080416DAFC
:103430006241E243E14523200003C1460044B8E86D
:10344000402480222F220804E141081C4424061C49
:103450008424041C0424820CEEF8504024158010AF
:1034600082413608EFFE1625002040260022120970
:10347000AFFF1078084623E841290022412A0122A3
:103480000CAE2AAE1D4EE14102420B1E4214091E33
:103490008214460CEEF8081EC3150485251581100C
:1034A000C242B608AFFFC14309F08C7125158110E7
:1034B000048516DADE0F6FFF6243D6C7ECC3A1C1E5
:1034C00008462480251080006A8A0B129000157926
:1034D000098A08BBEC8A001112017860107880C15B
:1034E000220DAFFF1041084522E804866F8D2C7134
:1034F0002242C209EFFF068800449BE8028508BF0C
:103500000277F07F00902B08E4034A24C0012E8D3F
:103510002F099E0000C2828213EC04860CDA22413D
:10352000E143068823200003A14418F08C7125167E
:10353000811004860CDA5E0F6FFF2243CCC7250989
:103540005E01C3418000341C80810CEC04866185DF
:103550002C752242607C06880044EBE802850090CE
:10356000F148422240200921100040204022120848
:10357000AFFF1078104164E808194323218509E062
:103580002F220804520BEEF8F961048625168110EB
:1035900040204220507AC20F6FFF2243CCC7E07810
:1035A000FAC3A3C1284310406C752F7E24802510D8
:1035B00080000BBB061CC4306A8A15210000898A72
:1035C0002B8AEC8A0010140108BBAD70130E701525
:1035D000002319034C26C0914A0122004E742F2665
:1035E00048964E719FF208BFF96130781076360127
:1035F0002D001043422340110F7F0DE24024803103
:10360000E141584092086000F14614704A220024BB
:1036100089F24024043040240532C1406241C24254
:10362000CA0CAFFF0343104114704A2280227BF280
:1036300000C706442C7122426F8F7A08EFFF06887C
:10364000104205E80A2140346DF040240022320F78
:103650006FFF1078CB0830000846081E431402871D
:1036600042248D214129012200902BAE0A1E4214D2
:103670001075CA250D10046D09AEF20BAFFF224084
:1036800010450CAE28B80DAE2187AF7F40268D13B4
:10369000E142460AEEF8A14000249423F14140247F
:1036A00017224E702F20480522757D08800F0000DC
:1036B000FFFF7508E50440254020402404304024E5
:1036C000053210786241C242220CAFFF0343084723
:1036D0002AE800141430964000904D0921202C71E6
:1036E00006440F148320E142CA0FAFFF06889CE80E
:1036F000002540140474310F2420412F001201AD25
:10370000E1406A0BAFFFE0AD104502AD28B803AD54
:103710008E41A5742242C209EEF8A140C4F14A22AA
:103720004024CD708E0AAFFF024025108120190A77
:10373000302006442F23480610DA5A0D6FFF0A2462
:103740008004DAC7D24D68BA507A0E0E6FFFC143BB
:10375000DAC7E078F4C3A1C1084664802510800070
:1037600050413040157BA093184D160E6FFF107816
:10377000D508300010434020002240234F22B308D8
:10378000B402081BC3230021152462754021502276
:103790004025152240251412011091200010802090
:1037A00080C140291122002111202F204804560AEF
:1037B000AFFF104299083000084504866F8D2C71C8
:1037C0004242F20EAFFF06888708310010462E8D68
:1037D0001D099E0000C082800AEC04860EDA6C701F
:1037E0004241068823200003A1440FF01F095E0117
:1037F000C3408000341C808009EC048661852C75F0
:103800004242607C06881046A3E8210F0515028518
:10381000218540900224C023107809220D00E14048
:10382000B608EEF8A142BF670672710844A52516D6
:103830008110048640230222524F507A1A0D6FFFE6
:103840006243D4C72E704A26402406F0CE71120B74
:10385000AFFE62402516811004862F2348040EDA3D
:10386000320C6FFF0A248005D4C7E078F8C3A1C1E9
:10387000084664802510800050402847157BA0939F
:10388000184DFE0C6FFF10781043147077F2E57737
:103890002F26C8F3F1472E70CA00010042255612A8
:1038A0004020502240234F22011080200010812010
:1038B00008B83860107880C14A09AFFF1042C108CB
:1038C0003000084504866F8D2C714242E60DAFFF33
:1038D00006887F08310018402E8D1F099E0000C009
:1038E00082800BEC048620DA6C704241068823202B
:1038F0000003A1440EF021095E01C3408000341C86
:1039000080800AEC048661852C754242607C0688C2
:103910001044B7E8028520902F2048040E2080052F
:1039200009211400412C0022001F021501AF21853E
:103930002F220805026FA20FAEF850450285002124
:10394000112500901F0D24202672A277E5724227D0
:1039500097202F26C8F50672A8F5270831300A24CB
:10396000002621D8081B022025168110048640213C
:103970004220507AE20B6FFF6243D8C78E7121D983
:10398000220DAFF8624025168110048620DA4243EA
:10399000020B6FFF0A240005D8C7E078E8C3A1C175
:1039A0008A8A0845648025108000298A08BC157B16
:1039B000386400131001107E80C14A08AFFFC14077
:1039C000084720E804856F8F2C71C142E60CAFFFD9
:1039D0000688004497E80E8F4B089E0000C1828144
:1039E00021EC048525158110C3428000391C6C70C0
:1039F000068820AA0ADAC14123200003E14420F00E
:103A00008C712515811004858C24818E06F43578FF
:103A1000228883B922A8C8C70ADA7A0A6FFFC1438D
:103A2000C8C721085E01C3408000341C80800AECB6
:103A3000048561872C75C142607C06880044E3E8F8
:103A4000028720904220402009210E00194E320B9F
:103A50006FFF1078104061E80818C322218709E041
:103A6000760EAEF8D07A048525158110416E507A15
:103A7000E60A6FFF0243C8C7FAC3A2C1284308453C
:103A80002F7E2480251080006A8A898A15210000F3
:103A90002B8AEC8A0010150108BB0E700F0E7015F2
:103AA00000231203730EF1116E742F2088846E713F
:103AB00033F208BFF961307B7840610B24002E702F
:103AC000422341112F7E40224303402404314024ED
:103AD00005300341C14270461208AFFFD941104280
:103AE0000E7031E801C604852C7142426F8EC60B00
:103AF000AFFF0688104392E80E8E53089E0000C167
:103B0000828125EC048508DA6C7042410688232006
:103B10000003C14428F02E7025158110170B3020AA
:103B200004852F23880408DA0A24C00466094FFF9D
:103B3000DAC70220422468BA507A1E0A6FFF224375
:103B4000DAC74A2380224E70E8F121085E01C340A3
:103B50008000341C80800AEC048561862C7542420A
:103B6000607C06881043D9E8011682200016812067
:103B7000C3403200FA3D009008BA4579230901009C
:103B80001A0D4FFF0DE87E0D6FFE0C7464851470E6
:103B900002A38FF20218840400188404DAC74025B7
:103BA0000022DE096FFF107810416F0830804A2331
:103BB000402408194322228642250021412A02225C
:103BC00020910B1982200A1982243070CA204D00DE
:103BD00022680919422021860F7E40210023FA0C19
:103BE000AEF8C1420025552400219023D1444A4714
:103BF00040251722402010234A230020016F402433
:103C000004314024053010782342C243DE0E6FFF9A
:103C100003410847147082F301C62E8E1D099E00D1
:103C200000C082800AEC048508DA6C70E1410688E5
:103C300023200003C1440FF01F095E01C340800030
:103C4000341C808009EC048561862C75E142607C1F
:103C50000688147062F5028600900C2400A05EF5C0
:103C600004856F8E2C71E1424A0AAFFF06881470FA
:103C700054F5002000250472F270A006EDFF1045F7
:103C8000412F00120018C223011802202186402073
:103C90008020460CAEF88242110F801F0000FFFF0B
:103CA0005D0F24960A2040250A20402536F125156F
:103CB000811008DA4A2440046040424338F1E07839
:103CC000E2C3A1C10845139030E87609AFFEA140D8
:103CD0001395320D6FFF80C117E80080C341320099
:103CE000FE3D209141886088402A000265781B08CB
:103CF0004100020CAFF82415801007E8241580104D
:103D0000220CAFF82C70248525158010261D051077
:103D10001579028915087F004C703495DA0C6FFF15
:103D200024158010281D0510C2C7E078EEC3A1C17C
:103D300048464A8A3043298E08BA08470816901028
:103D40003862107880C1BE0C6FFF104208452BE826
:103D500004876F8D10D942425A09AFFF068810417F
:103D6000A2E806954223D3202F24C8043908240151
:103D70004A2140230E8D5D087E004026C51200C1F9
:103D8000838128EC048725178210C3418000381CEA
:103D90006C70068840A94241024223200003A146DC
:103DA00025F02E711D0910201908B1248C2181AE37
:103DB00025178110048707F43578228883B922A853
:103DC000CEC712DA4243CE0E2FFF0A244004CEC7DC
:103DD0001F085E01C3408000341C808009EC04870A
:103DE00009D94242A043607C068810410DF001854C
:103DF000A041E60AAEF880420E8D0F08FE002E703C
:103E000002850018C4043670CC20A1A4CCF5720F32
:103E10002FFF09D800432E7046E8081BC30425175E
:103E200081100487320F2FFF4C71BEF1E4C3A6C18D
:103E30000845028015D9CD7010B9081C01340E1C3C
:103E4000843363C640C105E8160B4FFEC2A5018549
:103E5000760A6FFE10D9A18540240435402405342C
:103E60000C71C3410000FFFF4C72C3433200FA3DA6
:103E70007A0C6FFF41C506E810D9E20BAFF8A142FA
:103E8000460A6FFF0C70C3408000401B20806079A1
:103E900080C0C4C7F1C0347240410CF4808960888E
:103EA00091736C7009F4218901883820430005F072
:103EB000060F0FFF0043D1C0E07F44234000E078AD
:103EC000F1C02043150B30042E880B0B91001D0907
:103ED0001E002080404006F011093F004041008054
:103EE000D60E0FFF004109F000804041CE09AEF828
:103EF000604278200100D1C0E07F44214000E0789A
:103F00002B804089162682708000B81C4082547035
:103F1000E07C007A2B804089162682708000B41CD9
:103F200040825470E07C007AE4C0C34380006C1D82
:103F3000808B6D7042243C9013F2C3438000FC2AB6
:103F4000A08310B805208E00A820C00269850885CE
:103F5000C77B27780520FE8005F254250D196140A6
:103F6000C4C4A943FDF1E078F1C0C20FCFFFD1C0B6
:103F7000E07F79200000E078CD00CFFBEAC3A1C14B
:103F800081834847408A68460424831F000000C09C
:103F90000016111014707922000052238203914000
:103FA0007822020016F24B7829F28509300022406F
:103FB000520B2FF902418B083000AD7222400241B2
:103FC000E142760D2FF9C14379200000A16839F054
:103FD0004B78AD7235F422419A0B2FF902428420BE
:103FE000830F5F08B1004024833041862086F20AA7
:103FF0002FF9008F0214813013F02241760B2FF934
:1040000002428420830F3B08B100AD7241862086B6
:10401000008FCE0A2FF94024C33003148130782159
:104020000100A2691470CA25E1100BF02240024180
:10403000E142EA092FF9C143792000001B7DA1402C
:10404000CAC7E078C3438000B41C167B41A3E07F5D
:1040500020A3E078F1C0CA0F8FFBE20FAFFB0C7119
:10406000D1C0E07EF1C0BA0F8FFBD20FAFFB0C7056
:10407000D1C0E07EF1C0AA0F8FFBC20FAFFB0C7066
:10408000BE0FAFFB0C71D1C0E07EE0788D078FFBD7
:10409000F1C08A0F8FFBAA0FAFFB0C70D1C0E07E7E
:1040A000E4C3A4C1284508464024C0302C70DE0873
:1040B000AEF80DDA412D011460C528BD021C423056
:1040C00080C180C2C140360AEFFB011C423300149C
:1040D00001310214803029284000C4C7E2C3A1C1C5
:1040E000084580C03A0BEFFB2C7400C1A140D5B944
:1040F00096B9B20FEFFF40C100C1402902064578D2
:1041000028B9C2C7E4C208465F200006CB4580003C
:10411000A41DA0604078C140701D82139A09EFFB76
:10412000711D4310C4C6E078ECC3A5C17042504174
:104130002847A20E2FF9104014700C716AF4CB4579
:104140008000441D2C100E20218D428D4F7BC50B0D
:10415000F0002F7B7473C221E600447140214C09AA
:10416000616942AD81AE61AD7F178C101124409022
:104170006041EEF30F0A3020C1402A0F8FFB164139
:1041800021F04F2191200B0911218E0E8FFB160F6C
:10419000AFFBC1401A8709E8E608CFFB5A0E2FF99A
:1041A000084619660FF07C1782102E8E160B2FFD15
:1041B0000C8E460E2FF90846DE0B2FFDD8602485A5
:1041C000196124A5001D03105C8704EA607A02408F
:1041D000960FAFFB184D1A8709E880C0C341320023
:1041E0000C3CF60E6EF814DA06F080C02C709E0FB0
:1041F0006EF814DA8A0FAFFB80C07C178010398705
:10420000001C043041C180C0B60FAFFB2C710C7094
:10421000CCC7E078E8C3A5C17040D20D2FF908479C
:10422000C3428000441D208A0846AB860169950977
:10423000710000AA0CEF6C70C140A141EE0EEFFFBF
:10424000E14281081000750F10113AF01A855425CB
:104250008119552543184C70620CEFF8801D00142D
:1042600008471BE83A855D85607AC14015E880C043
:104270002C701A0F6EF814DA060FAFFB80C07D1594
:1042800081101B85001C443041C080C09A0FAFFBD9
:104290002C71ED700AF04C706C70C1408E0EEFFF07
:1042A000A141F570084709F21E85104005E83A85DE
:1042B00023200004C14006EF5E0D8FFB2E0E0FF988
:1042C000C8C7E078E8C3A5C1A01102003040084784
:1042D000AD7120EA2C71607AE14008461AE8C60DFB
:1042E000AFFB0B87C34080004C1D2280D9617A0E42
:1042F000AFFB22A080C02C70920E6EF814DA820EF2
:10430000AFFB80C055208028B60EAFFB2C72AD707D
:10431000A140C8C7E2C3A5C1D20C2FF9084505EDDD
:10432000CA0D0FF9C2C7C3428000441D208AAB806A
:1043300061692D09B00060AAF6E93A8510E980C0EC
:10434000C34132000C3C920D6EF814DA320EAFFB12
:1043500080C01A853E0DAFFB24D9C2C74C706C706B
:10436000CA0DEFFFA14160E8AE0C8FFBDAF1E078F7
:10437000F0C3A5C10A240021684630436E0C2FF912
:104380001041C3428000441D208A10422C1210208C
:1043900001696509710000AA4221C0203308B400F8
:1043A00055208F292B0970200A4539093120802595
:1043B0000411008DE318C224B1180225C7A72CE808
:1043C0002E874087607A4240001D031010F00A4596
:1043D00080250411008D11E840872C70607A4240DE
:1043E000001D03104F219120090911212A0C8FFB78
:1043F000FA0C0FF9D0C7001603708000082B72EB7F
:104400004C704240607B0241802004210018032050
:10441000EAE8F2F1E110802015200020D010010020
:104420000DE94087607A424009E800160370800079
:104430000C2BE8EB001D0310D0C77410012046E9D7
:104440004087607A4240CD7016E880C02C703E0DE7
:104450006EF814DA2A0DAFFB80C05420002FCA0D6D
:10446000AFFB2C72418706EA74100120607A42404B
:10447000C0ADD0C7C0ADBCF1E8C3A5C16E0B2FF96C
:104480000845084704ED660C0FF9C8C7CB46800005
:10449000441D008E4F08F000AB873108B0000EDAE3
:1044A000F5E81D8527E880C0C3413200343C14DAAA
:1044B000260C6EF8001E4310C60CAFFB80C01D8595
:1044C000D20BAFFB24D9C8C7001EC310B115811091
:1044D0000D8DF20FEFFCB4151010027080208205D4
:1044E00004A6E140E20DEFFFA14151E82A0B8FFB4A
:1044F000CBF1E41580100BE8001602708000102B41
:1045000045EAE140607AA141F1F1001EC310EBF1F0
:1045100001038FFBE4C22845FA0AAFFB0846C340FB
:104520008000601D208008E97D85001801004C7224
:10453000607BC1403B856079C140C4C6ECC20A21A2
:10454000002170423040A60A2FF908470845C340B1
:104550008000441D2088CB85851E4214841E0214D1
:1045600085E9801E80140018430027807D861C1872
:104570000100A140607BE1427E8606EBA140E14163
:10458000607B02424E0A0FF90AE8110FF51151D86B
:104590000908CE03820A8FFB520B0FF9CCC6E078D4
:1045A000E8C3A5C1460A2FF91040AB8002415C85E3
:1045B000607A0846CB4780005C1D190830202187AF
:1045C0001AE9041F01107D854C72607BC14014F014
:1045D00010E980C0C3413200203CFE0A6EF814DAB4
:1045E0009E0BAFFB80C00187AA0AAFFB2097C8C70C
:1045F000260A8FFBF60A0FF9C8C7E078F1C02B80B6
:10460000C3428000441D141A01010C1A800F3100AE
:1046100014427E118300081A800F31001443021ADD
:104620000300001A030061AA4C70020BEFFF6C71CB
:1046300003E83E0A0FF9D1C0E07EE078E8C3A5C1E7
:104640000847AB873040CB468000441DC341310052
:104650007043C34031007844141E011123A602A602
:1046600072092FF9081E1510A8E8A015021005EA16
:104670002C70607AE1402E0AAFFB0240F81E0390D6
:10468000028702A6E20AAFFBC1401D8509E880C08F
:10469000C3413200343C420A6EF814DA06F080C09E
:1046A0002C70EA0A6EF814DAD60AAFFB80C05425E3
:1046B000801C0E0BAFFB2C72C8C7E078E6C2CB8023
:1046C00008452040DE09AFFB284742853986CB46A6
:1046D0008000441D184E0C1E801F31003C45081EF2
:1046E000801F3100A04544A67E0AAFFB25A63A876D
:1046F000A1406079001E0310C6C6E078EAC3A5C1D8
:1047000008472C1710103041CB458000441DC34191
:1047100031007043C34031007844141D011123A5BA
:1047200002A5B2082FF9081D1510ADE855200E2A74
:10473000408605EA2C70607AE1406A09AFFB2240AE
:10474000F81D0390028702A51E0AAFFBA14074105A
:10475000002084E8128618E880C0C3413200343C4F
:1047600076096EF814DA1A0AAFFB80C06C100121CA
:10477000028713A602E914A65420802C420AAFFB3C
:104780002C72CAC780C02C70020A6EF814DAEDF1E0
:10479000E4C3A5C1C34331004448CB4680004C1D4F
:1047A000C3423100C44861A640A60280284502A643
:1047B000198103A6EE08AFFB2040AE09AFFBC14054
:1047C00080C0C34132005C3C0E096EF814DAB209B5
:1047D000AFFB80C0701501117208AFFB1B85C4C709
:1047E000E4C3A5C1C34331004448CB4680004C1DFF
:1047F000C3423100C44861A640A60280284502A6F3
:10480000A208AFFB20406209AFFBC14080C02C7002
:104810007A096EF814DA6A09AFFB80C06C150011D2
:104820003A85001C043041C180C09609AFFB2C7151
:10483000C4C7E078F1C0DE0F4FFBB2080FF9D1C05A
:10484000E07EE078E6C3A5C12847A20FEFF808454F
:104850002CE8CB804F2581103474A1415A86721EFA
:10486000C21314F4407A13E880C0C34132005C3CA8
:1048700066086EF814DA0A09AFFB80C070160111E1
:104880001208AFFB1B8607F0407A8E0F4FFB5E08C5
:104890000FF9C3408000181E130D1011170DD01012
:1048A0008DED2080247120A0C6C72180247121A015
:1048B000C6C72280247122A0C6C72480247124A0E8
:1048C000C6C7E078E6C3A5C1220FEFF80845CB8044
:1048D000460F6FFB08475986A141607AE140A4ED7D
:1048E00022E8CB4780004C1D6E160111028738600C
:1048F00002A7B20F6FFBC1406E08AFFBE14080C062
:104900002C708A086EF814DA7608AFFB80C06C163B
:1049100001111A86001C443041C080C0A208AFFBC0
:104920002C7104F0C60FCFF8C3408000181E06EDAE
:104930002480247124A0C6C72380247123A0C6C765
:10494000E2C25321CD0508BA38B94579560FAFFFF9
:10495000D7B938250010C2C6F2C2F20CAFFB104422
:10496000147164002D000C72CE0ACFFBE20AEFFB3B
:104970002F2207201043FFDE0E77AE73CB47F000E7
:104980001C18D3413200703C01118D24920AEFFBB8
:10499000A1400FE8A04F1C3080040220C0040C206E
:1049A00000A0CA258E13CA200E04A94610408C25EB
:1049B000BF2B8C26C39F09F2C04F1C3081040C70A2
:1049C000001C4020D2C60C71D2C6E078EAC2CB47A8
:1049D00080008C1E008F6308F000CD702F08B0009F
:1049E00014718AF4218FC26F2E73204080203E0004
:1049F00014725E012500001F83103471A9F20B09A7
:104A00005001B10991002E74A3F0218F2040802025
:104A10003E004D08B4000E73C3408000341E65098B
:104A200050014909B000AD708D0971000E70C48F3E
:104A30000E73C94540F02397049722788920C30F4D
:104A40002F2108A009F2C3878921C32F002140200C
:104A50003E6603B762F0001F031151F0A48F038F6D
:104A600008BD1D65A94621F05D108D005C10820017
:104A7000269008BD5D65B07821092400C46914F052
:104A80005D108D00C7905C10800008BD984E1D65BC
:104A9000CDBD150965030CE6C6082000A1D8001F8E
:104AA0000310CAC60E74B0780D08840F0000011000
:104AB000A0D817F0027666082FFED07803A710E87A
:104AC0002F2148A310F28921C32F027500200E0464
:104AD0004C7300210124A4B723B708F0A2D88208A0
:104AE000000033F0CD704C74226F40AFEA0D2EF809
:104AF0000242008F29E825081101018F2108720167
:104B00008C20428013F28C20028015F2370871014C
:104B10000C7043872C7315F09BEEC5F11D085000F7
:104B20002308B1000C70438703F043870C722C718B
:104B300007F043870C7204F043870C702C70520806
:104B400000000C1F01102E71C16F001F43100C716B
:104B5000C141620FAFFB2242CAC6E078C341800068
:104B60004C1E20813470E07C0079E078C3418000E5
:104B7000341E1308B0001470E07D04810471E07FDE
:104B800004A105810471E07F05A1E078F1C0004334
:104B90002040DE0FEFFF28441B0B55015F2300036D
:104BA0003020830F8000501E05EB8140607B404128
:104BB00004F0AE0FEFFD4040D1C0E07EE2C2CB4535
:104BC0008000341E098D2185041D01105F20000323
:104BD000B8604880607A088D008D62092FFE2C71C4
:104BE000C2C6E078E4C2CB4580009C1E20950195AA
:104BF00036488926C31F2F2288830BF2018519614D
:104C00002A0FAFFB0C710095D86000B5C4C6B20F77
:104C1000CFFFC4C6E07EE078EEC2CB458000BC1E6C
:104C2000378D084602E9CEC6148DFF085080FB0878
:104C30001081001680708000EE1E12151311E89589
:104C400005169010520A2FF906169110001687705B
:104C50008000F11E1515861000434026C511E14065
:104C600062410242120A6FF90A244004C3408000E4
:104C7000F81F00180204CEC6E07EE0784688228045
:104C8000078804EA21024FF9E5014FF9E07EE07858
:104C9000F1C0C3428000BC1E378A04E9D1C0E07E67
:104CA000348AFD095080F9091081171AC300039056
:104CB0000CB2C2096FF90C71F2F1E078F1C0C34097
:104CC0008000BC1E37881B0951003488130950002E
:104CD0000F091001171843019A096FF90C70D1C020
:104CE000E07EE078C3418000D31E00891471E07D2E
:104CF0000C7081016FF900194301E078E1C5C341EF
:104D00008000CC1E8A251E108A2419100020830FD3
:104D10008000F11E1A611479001B0300041AC30FEE
:104D2000A1B180B1051AC301071A0300C2C4E0781B
:104D3000E2C2CB458000BC1E06092FFEA1400DD863
:104D400022D94C707A0860006C70171D0310141D76
:104D5000C31FC2C6E2C2CB458000BC1EE2082FFEC4
:104D6000A1400DD822D94C70560860006C70171DF8
:104D70000310141DC31FC2C6E4C3AAC128450846B8
:104D800080C02C70060C2EF826DAC3418000D71E96
:104D9000D86146885F26801161C5021C8330196185
:104DA00040248032081C4330031C4233920BEFF83E
:104DB000091C82303208600080C0C4C7E8C20847BE
:104DC00002882308910DCB468000BC1E378E0C69EB
:104DD0001508B4000A690F08B500AD70038F09E823
:104DE000B7AEC8C6038F20E8171E4310C8C6D3400D
:104DF0008000F81F1D09D1002C9607E9C140260844
:104E00002FFE061EC311001080200908100121DDAD
:104E10000CD821D94C70AA0F20006C700010802093
:104E20000E7118F00E701F097101AD7012082FFE7F
:104E3000C140C3408000F81F00887920000105B8F8
:104E4000A2680DD822D94C70760F20006C70FFD864
:104E5000171E021414AE47ED0F0DB1100C701E0F8B
:104E6000EFFF3CD9C8C6A2AFC3408000E81E208037
:104E70006079E140C8C6E078F1C0860EEFFF0C70A3
:104E8000C3408000EC1E4088C3418000C81E021849
:104E90000300D1C0E07F40A92288C2B9F02641704A
:104EA00032003C460079E078F81CC8B7C340800067
:104EB000BC1E37880F0950012109510034881D0993
:104EC00050007E0FCFFDC3408000E81E208022D816
:104ED000061C0430607981C0A20FCFFF08141F3474
:104EE000E07EE078E4C2CB458000BC1E978D48464A
:104EF000004203ECC4C62CB57922410024723B4D1C
:104F000037AD3E0AEFF860410C716A0F2FF9211D91
:104F10008213C4C6C3408000D31E20882477347215
:104F2000E020CD07C3418000F81F2089792141008E
:104F3000247420A83D072FF90C70E078E6C3A4C1C3
:104F400000431A0A200000909D081000228B2F09B0
:104F50001309CB458000D01F4709D0016309B00277
:104F60005DDF8709D0028109D10850888690C393FC
:104F7000E2836693208540D85DF0CB458000D01F4A
:104F8000A5091009C109D009D309300AC8E12CF4D8
:104F9000D088848BE690488B20856DD807F0D08828
:104FA000848BE690488B208539D8021C02308343DD
:104FB000C0B361C4031C0233E3B362C257F010886C
:104FC000248B4393888BC5936693A085001C043083
:104FD00080C0021CC43361C18B4743B762C4C5B7EC
:104FE000607D66B7C6C7498B8A8BE88BCB8B08BAC6
:104FF00010BCFA625BD918BE5C648B4721B7D964D8
:105000002C1843002AA010108B00248B039308DA7D
:1050100061C103B7984B82C0BE082EF8001CC43291
:10502000208525F050888690C393E283669320857F
:1050300041D8021C04308B4540B582B5C3B542C788
:1050400066B515F0D0888393448B208542D883437E
:1050500001B3C0B383B361C209F090884293208545
:1050600043D8834301B380B342B3607980C0C6C7DD
:10507000F1C008440E092000008833E8228C422148
:1050800041085F0995012520400007F009F016F05E
:1050900019F01FF022F02A0E2FF9069021F00E14BD
:1050A00006110C1405110A140411649443942294FB
:1050B0004E0D2FF9069015F0248C420D2FF9069015
:1050C0000FF043942294B60D2FF9069009F0229424
:1050D000EE0E2FF9069005F06E0D2FF90690D1C057
:1050E000E07EE078E8C24A2400711040CB458000A1
:1050F000041FED704A260010A8208001168D06E8D6
:1051000030E5C571AD7014F02C7030DA7E082EF8E1
:10511000A140A1402A08EFF80241016E2C1DC213E4
:10512000161D4310F1AD0C1DC51F10ADA140C8C622
:10513000E6C20847CB458000041FCD74168D07E8F2
:10514000A140EE0FAFF8E14185E88D26BF1E30E5A6
:10515000AD70A140C6C6E0784A2400710A21800FD4
:105160008000101FA82000024A8905EA40910D0A1C
:10517000000030E1E07F0C70E07F42210003E07826
:1051800004770F785F20010CC3408000041F386053
:1051900036883470E07DE07F0C70E078E6C2084726
:1051A000CB468000C41FAD750416011403E9607975
:1051B000E1408C253F1FC6C6E4C262880845096BE2
:1051C0001B08B50040258E126A0FEFFFC1400DE8A5
:1051D000238D2BE9021DC31629F0820FEFFF0095E6
:1051E000BA4B22AD23F04A240071C3408000041F53
:1051F000A820000436880DE935880D09100113092F
:105200009100E8F12690CD09808F0000FFFF30E08B
:10521000038D14700C70DEF5288DB9095180CA0E0B
:10522000EFFFC140D6F1021D031707E8308820B513
:10523000FA092000A141C4C6F1C00042460FEFFFA9
:10524000008805E8E60920004041D1C0E07EE07812
:105250004A2400710C70C34180001A1FA82040012D
:10526000301182045860E07F0F78E078E6C3A3C174
:10527000AD70CB468000101FED74021CC530081CB9
:10528000833561C50A8E09E80096834103B100B1F8
:105290002A0FEFFF80C08D273F1E30E66F29220CBA
:1052A000CB448000D81FC3408000ED1EC3433200B2
:1052B000A84623A4A6A8A0A840832183028340A4D3
:1052C00021A402A4C6C7E07820432491078B518B08
:1052D0001504EFFF0BE3E078E4C22845560AEFFF20
:1052E0000846C1406E082000A141C4C6E4C228455A
:1052F000260CEFFF0846C1405A082000A141C4C651
:10530000248985012FF90690E4C228454A0AEFFF57
:105310000846C1407A082000A141C4C6E4C228461C
:1053200030880845720A200028D8198D161D0310F0
:1053300028DD8BE81E0FCFFF87E80DD828D94C70E9
:105340007E0A20006C70C140560EEFFFA2AEC4C6AC
:10535000E4C259882845CD70D6A891EA0ED82C71A0
:105360004C705E0A20006C70EA0ECFFF87E80DD803
:1053700028D94C704A0A20006C7028D802ADA14090
:10538000C8AD1E0EEFFFC3B5C4C6E078E6C228461E
:105390000AE1AE0DAFF80845039606B59E0AEFF890
:1053A000098E13AD088EC3418000E01E19AD04E8DC
:1053B0000E8903F00D89E66D14AD85E8DA080FF962
:1053C00000417E0DAFF8E1403A4D760DAFF8AF4E9B
:1053D000484D6E0DAFF8BD4E198D0E1D051092E8AB
:1053E0000ED82C714C70DA0920006C70660ECFFF5D
:1053F000110871000CD827D94C70C60920006C70B8
:10540000308D9609200027D827D802AE920DEFFFE5
:10541000C140C6C629DBC3428000D01F62A94082BA
:105420002040007AE07EE078E4C255886289CB456E
:105430003200B446946A53238200547C9A65C18A30
:10544000412E82104422020F3022830F8000F81E6A
:10545000AA6455A805EBC3BEC24B407AC4C6CA0FA6
:10546000CFFFC4C6F1C0518808EA11180300229189
:1054700004E9920820002F79D1C0E07EE07EE07838
:10548000E4C208452810800011087E0028461E0846
:105490000FF925087F00246E118D07E80CD96608E6
:1054A0002000A140C4C60695246EF608EFF9111D30
:1054B0004310C4C6C2082FF90695C4C64289C2BAB1
:1054C00032228C0F32001047412C82104422020FEE
:1054D0003022830F8000E81F7470E07CC3BC824BD5
:1054E000007AE078F1C000429A0CEFFF008808E8EB
:1054F00035880D09F1004041C60FCFFFD1C0E07ED5
:10550000EC1CC8B762C1071C4230308806900016F8
:1055100003708000D01F29DA8B4405B481C0061CBB
:105520008230607B22B414141F34E07EE4C2C34195
:105530008000F01E008903E8C4C6CB468000B41486
:105540004A25001600194300041600140080407814
:105550008C253F1F96090FF9C4C6E078F1C0228858
:10556000C3428000E01E19091005190990041909A9
:10557000D0048EE9101A030020D907F085D905F070
:1055800087D903F086D922A822824079D1C0E07E53
:105590009D07CFFFF81CC8B7C3428000E8144082C3
:1055A000071C02306FD8061C0230428281C0607A2C
:1055B000041C443008141F34E07EE078F41CC8B7A3
:1055C000CB448000B814808462C2061C023081C0C3
:1055D0004284091CC230607A041C44300C141F340D
:1055E000E07EE078C3418000C014208121810079F1
:1055F000E07EE078E07EE078C3418000F01E208904
:10560000428805E95470E07D4C703222810F3200EF
:105610000848F02641708000B41421810079E078B8
:1056200000432B108000C3428000002004AA209376
:10563000048B20B2256B4023C202F506EFF81BE372
:105640001107CFF8EAC2CB478000FC1F238F430924
:105650007F0008451A4F2C73CA0BEFFC10400C8FCB
:105660002C700DDAC5B886B80CAF220BEEF71D4FC3
:10567000038F001682708000EC1E8A24410E81B8D0
:1056800003AF6095046D6609EFFC0241CAC68A202B
:105690001C0E01B5001601708000E81E6079A14063
:1056A000CAC6E07800410411030501118004C34219
:1056B000800002206D07EFF860B2E078E8C3A4C173
:1056C000CB478000FC1F238F0846CB458000E01E9F
:1056D00043093F003040578E388E198E8A96768E59
:1056E00060C2011C4230021C02304024C0302C70C9
:1056F0000DDA80B7960AEEF762AF4F20002003AFB5
:105700004C8D6096046E80C1E208EFFC8A24010E85
:10571000C8C78A20DC0D01B622856079C140C8C7A0
:10572000650120000488E07824885507EFF8008898
:10573000004104884B896D07EFF82475E6C241806B
:10574000CB448000FF1F608CE08AC28A218AA1BB03
:10575000C6A825A8E4A860AC678C498C288C0318DF
:10576000030049A828A867A8001602708000E81E58
:1057700038D9607A22A8C6C6E4C22180CB46800010
:10578000FC1F08454C733609EEF7C14014700C75C8
:10579000CA20210003AD038E37DAC3418000E81E22
:1057A000A0B803AE42AD20816079A140C4C6E078C4
:1057B0002288C2B9F026417032008C480079E07826
:1057C000E2C208450288422041053D09B501DEE0FC
:1057D000C3428000FC1FC3438000E01E2520400020
:1057E00006F015F018F022F022F02BF03AD802ADB6
:1057F000029200B5158B9EE8038D9CE8088A1AE892
:105800000C7111F01CF482D813F03BD802AD039256
:1058100000B510F0038D3CD922AD8CE8158B0AE859
:105820000C706608000006F03DD803F03ED802ADCB
:10583000C3408000E81E20806079A140C2C6038D6D
:105840003FD922ADF6E8298A4C707921000035ABAA
:105850000CE06E0DEFFF6C70ECF1E0782288C2B9BD
:10586000F026417032006C480079E078C341800036
:10587000F51EC3408000FF1F00190300E07F0018E1
:105880000300E078C34180000520C105EFF800A9BE
:10589000E4C3A2C10845C608EFFF009008462AE805
:1058A000028D422081032709B5002C72108E860CD0
:1058B000AFF84C70038D308E001C4430031C023056
:1058C00019E82DD8021C02301CF029081104079594
:1058D00089E8066DC3413200383EE20FAEF708DAC0
:1058E0001DE8E20BEFFC108E29E8DE0CEFF80095C6
:1058F000C4C7588E128E2CD9021C423057AE61C0DC
:105900005E09EFF880C0108E238D001C043080C02B
:10591000420BEFFC031C4230C4C7108E4A0BEFFC55
:105920004024C13100410BE807148030121E0310DF
:1059300018AE9A0CEFF80095C4C7108E2C72F60BB7
:10594000AFF84C71508E30D9121E4310C340800006
:10595000E81E22AD40B520806079A140C4C7E07840
:10596000E2C3A9C108450288C0E00CF2C1E024F4FA
:1059700034D802AD001601708000E81EA1401BF073
:10598000DE0F6FFD0285218533D8021C04307A08B2
:10599000AFF881C0CB458000282020856A08AFF889
:1059A00085C0BE0F6FFD0085001601708000E81EE7
:1059B00080C04079C2C7E078E4C20845C60FAFFF97
:1059C0000088084615E8028D2908500A2308310A84
:1059D0002C72108E5E0BAFF84C713E8D121E431070
:1059E000069638AE4E95AC4DC20CEFF8646DC4C649
:1059F000148D09E8358D069638AED20BEFF8246D7C
:105A0000C4C6108E2C722E0BAFF84C70BA0BEFF888
:105A10000696C4C61901CFFCF0C2084701880217D8
:105A20009010638F40281202008F00221220532210
:105A3000C0222209200010430845D90830008E708A
:105A40000C730CB808BB04220120ADB891092000EA
:105A50000020D020BD09810F00000020028506E84B
:105A6000FE088FFD081D01102F210824A50914210F
:105A7000058F448FC3418000602208B85860209190
:105A8000107AC46A8D0984039309A52308E010786D
:105A9000A208AFFD2C707D08300002A5216823A567
:105AA00000188204412B02220385216823A540A807
:105AB0000385216823A5C0A8412E011203854168F2
:105AC00043A520A8246F03850E0EAEF7224223853E
:105AD000022600140AB5227123A51CF002851AE8DB
:105AE0000A952F2608142D08A403246F0385EA0DB8
:105AF000AEF7C14203852A951E66022100042F26B7
:105B000008F0C3A50AB506F408151410081D011005
:105B10004E08AFFDE1408240D0C6F144FDF1E0788F
:105B2000F1C0BA0E0FFA00420BE8C3408000A0217A
:105B30002208AFFD2C72AA0E2FFA0C71F3F1C340AC
:105B40008000C0210088F609AFFD2C71D1C0E07E35
:105B50004A2400710042C3408000C421A820800173
:105B600028905071E07C1CE0E07F0C70E2C24A2477
:105B70000071CB458000C421A820800128950B0925
:105B800000001CE5C2C6008505E8D60F4FFD001DCC
:105B900001100285161D031005E8C60F4FFD081DF4
:105BA0000110198D360B2000101DC51FC2C6E078EC
:105BB0004A2400710A21800F8000C421A82000021D
:105BC00048910F0A800F0000FFFF1CE1E07E1719CB
:105BD000030008B1E07F18190500E078E8C24288A8
:105BE0000845EE0920004040190A300D0847190AFF
:105BF000D005190A3008CD70130A9100C88D07F03E
:105C0000CD8D05F0CE9503F0C595F8660E0F6FFDAE
:105C10001078104036E80240A141BE0CAEF7E142D8
:105C2000028D1F08100D2708D0052F0810083B080B
:105C3000B1000020C02304180020218512F00020AC
:105C4000C0231018002024850CF00020C023201849
:105C50000020288506F00020C0230C180020238592
:105C6000760CAEF7C142CB458000A0212C740242D5
:105C7000E20E6FFDA14020158010C208AFFD2C710F
:105C80000C71C8C6E6C208472040920E6FFD284638
:105C9000084517E8A140E1413E0CAEF7C142028D34
:105CA000CB468000A0212C7487B802ADA142A60E7D
:105CB0006FFDC140201680108208AFFD2C71C6C652
:105CC000E2C2C3403100DC5B1E0FCFF9C34031009C
:105CD000185DC3413100205BF60BCFF96E0FCFF991
:105CE000CB4580006222660FEFF908AD520FEFF945
:105CF00006AD00B5C2C6E078E07EE078F1C0620E85
:105D00004FFDD1C0E07F0C70E07EE078E07F0C704A
:105D1000E07EE078E07EE078E8C22845360EEFFFCE
:105D200010401EE8398858889788A279B34A39A864
:105D300078A812ECC3418000672240896F79190A64
:105D40004400C3418000B4214081171803002C7027
:105D5000607A024086092000A140C8C60016007083
:105D6000800088152280607902400AE824880016A5
:105D7000027080007815A27924A814F00016007033
:105D800080008C1522806079024069E82180238997
:105D900065E928880016027080007815A27928A885
:105DA000607AA140C8C6E0783D01CFF8F1C05988BB
:105DB0004471460C200059A8C34080006822208806
:105DC00003E9247720A8D1C0E07EE0780041B6E066
:105DD0000C74E020CD07F42640703200504BE07E7A
:105DE000E2C2084516881470204005F2099507E8BC
:105DF000C2C600E86A0D4FFDC2C6660D6FFD008584
:105E0000161D0310001D0110C2C6E078E4C208454B
:105E100094E84A240071C3408000D421A820800265
:105E200020900F09800F0000FFFF268884E91CE006
:105E30000C70C4C642200D04660EAFF8C9950B0E57
:105E40000510099503F05A0E8FF82F260890F2F3EB
:105E50002995708D4185027929B560AA318D4185DA
:105E600084B921AA218502A928B8218503A9A140C6
:105E70003E0FEFFF2185099514700C71DBF321852E
:105E8000D96121A5C4C6E078E07F1688E6C24847FC
:105E900028460E0EAFF808453708A5031B67124EBB
:105EA00041280102161D4310E0A561A549B523AFA5
:105EB00002AFA140FA0EEFFFE141CB46800068221D
:105EC000008E06E84A0FEFFFA140FCE8C6C6A140DD
:105ED000DE0EEFFFE141C6C6E2C3A1C1CB458000A3
:105EE0005422348D568D38600920800014AD23E88B
:105EF0001E0FEFFF0C709DE84024C1303E0C6FFD7B
:105F0000A140004317E8018B208B08B83860460C8D
:105F1000EFFF10780AE8238B428B08B9596130797A
:105F20006E0FEFFF604205F0360C6FFD6040148D80
:105F3000E0E8C2C7F1C0C34180009422208103E998
:105F40004079D1C0E07FFFD8EAC3084502882F27F7
:105F50000590C6002400A2C1BFE0F4000D00D341AB
:105F60003200C04BCB4680008815D3408000A02172
:105F70002520000040F0C2F03EF03EF03CF089F0F9
:105F80003AF03AF038F038F036F036F034F034F0D9
:105F900032F032F030F030F02EF093F091F074F0F7
:105FA0002AF02AF028F028F026F026F024F024F039
:105FB00022F022F020F020F01EF01EF01CF01CF069
:105FC0001AF067F018F068F084F074F086F0CCF006
:105FD00012F012F010F010F00EF00EF00CF00CF0C9
:105FE0000AF036F034F034F032F032F030F030F0C5
:105FF0002EF04AF0EF7832204F045F08B101E2AD95
:10600000208622816079039526E847D802AD1641A3
:106010006079A1402CF0C6BFCB468000A821330F89
:10602000F016E2AD2B0F9019550F1117218604E9D8
:106030006079A140198E0CE8C3418000902200894C
:106040003508F500047100A9860D8FF8CAC72186AE
:1060500097E9FEF1E28D16416079A140C7E708F2A9
:10606000ED0FD1900A0BEFFF0395CAC72086039569
:10607000208108F0191E0310021D03102086A14084
:106080004079CAC72C70B20EEFFFA140CAC7238D5A
:10609000E1091000038D8EE8190F711A6C714186A9
:1060A0003A8D058D838240250217607C492181014C
:1060B000038D8EE8190FD11A2186058D0CF01E4133
:1060C00046E93220400402AD1E41DBF10D0F911A6A
:1060D0002186048D24814079038D95081100910F4C
:1060E000311B6C704186348D058D8382402582156D
:1060F000607C492181013CF0CB4680006822D3417D
:106100008000902242260017520BEFF9001903205D
:10611000CB478000801501870F083E002C71760C5C
:106120002FFA20D801871108BE012C71660C2FFAB6
:1061300026D801870F08FE022C715A0C2FFA28D896
:1061400001870F083E0329D84A0C2FFA2C715E0BE9
:106150008FF80F089E01008F2908BF01294E111EDC
:10616000031012F0218624816079048DE28D44F1C0
:106170007B08D009210851813A0AEFFF03958CF181
:106180004A080FFA260B8FF825085E01008F2108B8
:106190007E014024803080C140248231A20FEFF97B
:1061A00081C38B472097E20D2FFA019740260216F4
:1061B000AE4ECA0BEFF93C4E4886768E2C96028E78
:1061C0007AAE2FB600AE05EA0C70607A2C701E40D5
:1061D00007E80011802004710019022036F121180F
:1061E0000320021D031016414BF1208621816079A6
:1061F000039552F1E8C22845920CEFFF104019E8D0
:10620000038D228D08B838600474107F2C70260925
:106210006FFDE140084614E8C140A141BA0E6EF797
:10622000E14262092FFAC1400240A14106F056093D
:106230002FFAA1402C700240AA0BCFFFC8C6E0780D
:10624000E07EE078E07EE078E07EE078E4C2084539
:106250000388228D08B83860107913093401666DFF
:10626000058D448D08B8586003F0646D0C70107A89
:10627000046A47084100018BC18D208B808D08B8CE
:1062800008BE3860DC641079C34380009C22170983
:1062900030015324C012130990011909510162837E
:1062A00004F0608302F061834041607BA14205F00D
:1062B0008883607CA143AA086FFDA140C4C6E07832
:1062C000E4C3A1C16A096FF82845001C043014E832
:1062D000CB468000A822208680C06079021C423311
:1062E000218680C06079021C4233228680C060799A
:1062F000021C4233C4C7E07839006FFD2C70E0788F
:10630000E6C2484628472A096FF8084511E8060AF8
:106310004FF8C34180009C2283E8668185EB130817
:106320005100678105EBA140E141607BC142C6C6D7
:10633000E6C208470ED84845C20FEFFF2846004383
:1063400010E8ACAB28BD0C754C76E1410B1B03008B
:106350000A1B8300C9AB081B43001E0A6FF9ADABD3
:10636000C6C6E078ECC248453042C6086FF8104116
:106370002FE8298D2DE9C3428000C4221B62148BB3
:1063800051092100081590100B8D8A8D08B898606E
:10639000107884683D0C81141108702078208C00DE
:1063A0007820C0248B7818F2141B0300D08BEC8D5E
:1063B000AD8D8E0A6FFD404008BD270EB114BF673A
:1063C0001671CA276110F079AE0A6FF82240CCC668
:1063D000FF0850A04C705E0FEFFF2240CCC6F07952
:1063E000760A6FF82240CCC63901A0010CD9E078BA
:1063F000E2C2920C200208456E0D6000A140C2C6A8
:10640000E2C208459F10000691B89F1D1810CE0FDC
:106410006004A140920B2000A140C2C6E4C208451E
:106420000D88A1B80DAD060E6004A140A9468026D6
:10643000C810008E09E85608A004A1406AD91A08BD
:106440006001A14006F02C764C70AA0CA002A1407D
:1064500002082005A140F20FE004A140001E031035
:10646000C4C6E078E2C208450D88A1B80DAD260883
:10647000A004A1408A0B6000A1403A0BE000A140BB
:10648000120DA002A140720D6004A140C2C6E078C6
:10649000E2C20845C34080002C2B4D8D2080A140D6
:1064A000A0BA4DAD24894E0CA0024C717E0D600443
:1064B000A140C2C6E2C208459F10000695B89F1DC4
:1064C0001810460F6004A1402A0FEFFFA140C2C67A
:1064D000E2C208450D88A0B80DAD3608A002A14063
:1064E000160D6004A140C2C6C3418000452335009B
:1064F000A00120899F100106F1B9E07CB1B99F1875
:1065000058002C701D00A001A0181900E2C2D2088A
:10651000600208459F15011625097E055625801C39
:106520004088B5B9A01D19109F1D581008EA018DAB
:106530000D08F0002C70360AA001A140C2C6E07818
:10654000E6C29E08600208479F170016C5087E0530
:10655000B5B8E9459F1F18102C70E140CD70A01F01
:1065600019100A0AA001802509104C178B104295BA
:10657000422341101109B5000195C6950AEE0C1D84
:1065800005100DF0170BF11006B880200F0405F070
:1065900003B85420000E09208E004D17801060951E
:1065A000FE150C91296834728A21050246F704957C
:1065B00011E8081D051014F02D08F100166C80205C
:1065C0000F040920C00064B50820810F0000900A64
:1065D0000AF0136C5420000E0920C0008C20458264
:1065E000CA210600130BF11020B546B508268E1FF0
:1065F0000000900A03F088260512001680708000C3
:10660000582911087E01C2B5D172CC23418003F410
:10661000C6C62C701208A001E140C6C6E2C20E0C2C
:10662000600408457E0D6004A140C2C6E2C2660D4A
:10663000600408450D8D80B80DAD3A0E6001A14093
:10664000C2C6E078E907CFFFE2C23A0A2002084555
:10665000260A2002A140120B6000A140C2C6E078C9
:10666000E2C24209E00008451A0A2002A1400A0AD3
:106670002002A140F20A6000A1408025C810001D40
:106680004310C2C6E2C22A0E60040845660DEFFF41
:10669000A140C2C6F107CFFFE2C2920B60040845D9
:1066A000C340800044232188008805207E8007F4B1
:1066B0006ED9B20D6002A140C2C6060E6004A140B0
:1066C000C2C6E078F1C0C343800038239F100206A1
:1066D000288BA0181900B1BA1509F0019F1898006D
:1066E000090950040F0951032D8B03F01AD9360EF6
:1066F0004001D1C0E07EE078E2C2320B6004084580
:106700009F1500162F087E05B5B8C34280003823B8
:10671000288AA01D19101709F0019F1D18100B09D8
:106720005004130951032D8A02F01AD93E08A00122
:10673000A140C2C6E4C2F60A600408458608E0002B
:10674000A1406E0AA002A1400A0DE004A140FA0C8B
:10675000E004A140A9468026C810008E05E8AA0CD6
:106760006001A14005F02C70620C6001A140001E88
:106770000310C4C6F50760010CD9E078001601705B
:10678000800070243470E07C0079E07823D96501C2
:10679000A0024C7100160170800040253470E07C2E
:1067A0000079E078E2C208458A20080808651908DF
:1067B0007F001AD96E0D6001A1406ED9A60C60024F
:1067C000A140C2C6320D6002A1402E0A6004A14061
:1067D000C2C6E078E4C3A1C100418021C9040845D4
:1067E000008941897D118400031C02307E118000E4
:1067F000FF118180021C8230042404004024C23036
:106800004024833026092000A14003148E30A1408B
:10681000560AA002C1413E0CE004A140021482309D
:10682000A1400608A002C141CE096004A140C4C72E
:10683000E6C308468A2089040966532140006D0892
:10684000F000A1C1C1408020C904408801884024D3
:106850008330031C8230021C02304024C2308C7012
:10686000CA082000C1404C168010C3410800020431
:1068700003148D3062B80F7A1473136A0129000073
:10688000CA2066000F78350D211002148F304D1686
:10689000801062B80F7A1473136A01290000CA20AD
:1068A00066000F78150F0110AA0BE004C1406ED9E5
:1068B000B20B6002C140C6C7C140AE09A002A141EF
:1068C000920BE004C140C140A141460F6002E14289
:1068D00026096004C140C6C7001601708000EC267E
:1068E0003470E07C0079E078E2C28A0D60020845ED
:1068F00006096004A140C2C6E2C2B20EA00008456B
:10690000A20EA000A140E20FE000A1409E0C600298
:10691000A140E6086004A1400D8D81B80DADB60E12
:10692000A000A140C2C6E078EEC2A08B684730420A
:106930000A23002150400F093F00104100108E2013
:1069400004F0720A000108460B0A5E20660A000184
:106950000845041180201F08DE01C47D2F2647F35F
:106960000DF20425C0941C75F2086000AF7808464B
:10697000084500188223A0AFCEC64C1180204D11CF
:10698000822062B80F7914731369012E0E7008000B
:106990000204190A3001CA266610DB0AF080AD74C1
:1069A0000D0AB100AD72E7F108DDE5F1AD71E3F17B
:1069B0006107EFF90C70E078F1C0FA0EEFF70C7197
:1069C0003E0A0000520E80024A0FEFF90C70D1C04F
:1069D000E07EE0783D07EFF90CD8E078F1C0D60E04
:1069E000EFF70C711A0A00002E0E8002D1C0E07E73
:1069F000F1C0960EEFF70C718E0ECFF9C3408000F8
:106A00002D2A00882C71001E42708000352904E870
:106A1000860ECFF9A60B8002D1C0E07EEEC3AAC1DC
:106A200000168070800035291470C1F2D3408000B8
:106A3000782500108020CB468000142A870810009B
:106A4000CB47800014261C1712145670ADF2552047
:106A500001284C714240660CAFF7E143522011000F
:106A6000BA082FFD58D808450CE8046D4022812053
:106A70006A0EA0041043360AE004624082E82E71D8
:106A8000B5707CF236707AF4C343800038264B8BA5
:106A900024830C7002AD341D82102CA58B8B2A8BA5
:106AA0006B0C6110484104170B100C17081040873D
:106AB000228707230B12277A0522FE8227F48143BF
:106AC0002EF0560D80020C8ED908710080C02C70FB
:106AD000BA0E2EF724DA6E8E458624863CD861C025
:106AE000C3400000053C021C043040248032091CD5
:106AF000C230081C4330241CC53F1A0EEFF7231C7C
:106B0000C33F560EEFF980C04CF04F214910341DA1
:106B100042120413080020838A8B6B8B12A511A5E7
:106B20002FA5401D00120187150B210340876387A5
:106B30008287077B477C0524FE9004F251A512A5AD
:106B40002140CA0D200001429AE8561DC51F541D60
:106B5000C31F391D0310361D4510198602108220EF
:106B600014A53886001680708000A829351D821073
:106B700033A506082FFDA1412F09102004EDE20FD7
:106B8000EFFCA140960FEFFC0C7400410AE88A204C
:106B90000C0101B1001680708000A829DA0FCFFC2B
:106BA000120DEFF70C715A080000CEC70016807066
:106BB000800035291470E07CC340800079259D0059
:106BC0002FFC03185300E078F1C0BE0CEFF70C71F6
:106BD000B60CCFF9C34080002D2A00882C71001E0E
:106BE00042708000352904E8AE0CCFF9CE0980024E
:106BF000220DEFF90C70D1C0E07EE078F1C06A0C94
:106C0000CFF9C34080002D2A00882C70001E4270EE
:106C10008000352903E8620CCFF9D1C0E07EE0782E
:106C2000EEC2D3428000382B4640221081000C7007
:106C300042213C8012F2001613708000302B2E701F
:106C4000A82000031C31902F000084030020D024D2
:106C50000010812003E92671CEC62C708A220E0115
:106C600000208D2F00002002220D2EF70240C3428B
:106C70008000A829CB4780003429CB440000015470
:106C80000012860024170910281708106587468708
:106C9000FB181C2359240C18CB4300000147F118A2
:106CA0001C23A9BC8A200502C318DC22BE1D0413C4
:106CB00012B510B54640CB468000742908188020D4
:106CC0000418C0201390619642968920C30E0BB51C
:106CD00006B8024180200F045620472F8A24440022
:106CE0008021880F0CB5024000184320C2185C2494
:106CF000F0185C24FA185C24BC1D4414221DC5162F
:106D00001E1DC5168918182288185822871818229F
:106D1000861858226C1D8291C41D8211001F8201A9
:106D2000DC1D82916DB54EB5A60920004C180421DA
:106D3000024118B58021880D960920000240468640
:106D40002A966D72978E38178810768E17B5C340C5
:106D50008000542B361DC212371DC212381DC212BC
:106D600039B59A1898200080721D8391341DC21085
:106D7000CA1D0212461D021306E8208004E960794C
:106D80002F204804048D4D085E00158F4508FE0134
:106D9000224246439C320E012C70627242138300E1
:106DA000404080200C0260A84643CD1A5800FA18D3
:106DB0004380F91842804313830035184200291894
:106DC00042000E180301C31A58002DA822A861A87A
:106DD0009C310E21078600235324D01B18200886DF
:106DE000D11B1820129680238D22001B45209A0A61
:106DF000EFF9FE1B04A0008F047100AF8A0AEFF7C1
:106E00000C71001600708000302B227026F1E078A3
:106E1000EAC210417C2100014921CF00154F2275A3
:106E2000802505130015C0105040FFE00BF2FEE076
:106E30000BF4C3408000382B0080281081002846C6
:106E400008F02C701AF0A60F6FFA2C70208D0846EF
:106E50000271110872202D79CD7810717FD883F6D8
:106E600020405A0F6FFA024100AD4C1181200B0FE8
:106E7000411042190220D1482D78CAC6E8C20846FE
:106E80000E70ED704A2500104516001646160116C4
:106E90009A0CEFF5A14213083E00F866E5718020D8
:106EA000040700180204A571E10D749906715626B5
:106EB0008018E0A8C8C6E078F1C06A0A8FF95320AC
:106EC000C1006D200001D1C0E07F38604C1082000D
:106ED00063911D0AB00082911B0AF100566C0823D1
:106EE000830F0000900A80220F0408F03CDA957AA4
:106EF00004F0536C5422020E4D1080000922C3008E
:106F000041912308B00020912108F100136906B9CE
:106F10000822800F0000900A80210F040921000040
:106F200008F03CD8357804F05420000E0920800089
:106F30001B6380238205E07F7078E0788A218B0FC5
:106F400029608A2204033320820019618021480AC3
:106F50000011C0001072C2208C00C3F6104A1179D3
:106F6000E07F2F78E6C20043D60FEFFF8023CC02EC
:106F70000844A08BFF138E80038BFE138F80FD13BC
:106F800083802708B000B24E330870007967147010
:106F90000C710AF42F79110924030C72DD65AF78A6
:106FA0003C200003C6C64F79FD0C64900C70F04B7A
:106FB0000F783D2400100471C6C62F79E909248397
:106FC0000C724F783D240010C6C6E0782B09D4021D
:106FD0008210020785100307046A1E30C2001A6A75
:106FE00053227E805860C02062000F08450002795D
:106FF000070995020AD9E07F2040E078E4C20846FC
:10700000004254268D1A8020460580224609EE0A49
:107010006FFAA141C1418021460D5426801CBA0857
:107020002EF708DA228E001603708000B8230C7049
:1070300078210200721E18107D1E0210731E181097
:10704000741E1810751E18107C1E82100BEBC340A6
:107050008000302B0080104E84280E010F79607B59
:10706000A140C4C6E2C24920C001F4260D7032001E
:10707000C0516E0F8FF7B8601078C2C6C34280004F
:107080004F29608A00420C70E3BBE07C192A420061
:10709000C7D88CB8C3418000382B1C330C00192A88
:1070A0000200008199630022BE8F0000F96E291052
:1070B0008000412141803860E07F10E0E4C2084553
:1070C000028822E8058D41089E00821500171CE801
:1070D0008A20090D086507E88A20C90E0865290875
:1070E00050049E094FFA85150E1700410685220FA0
:1070F000AFF79F269318110E2510284D5E0BEFFB5E
:10710000D91D4310C4C6E078E4C0C34380004C29B5
:1071100060830843490B33000C70C3438000382B55
:1071200060832213830042233C801AF2CB44800008
:10713000302B8084A8200005608C10EB82140E1682
:1071400081140D16477E277D0525BE9306F48A23FC
:1071500008036B640B0BC00280240E11C4C40C71B5
:10716000FEF1E078E2C20845160BEFFC5620400B1A
:1071700005E83ED9EE0A2002A140C2C6F0C3A2C172
:10718000084750224000C8450A2440210A23002114
:107190007042504130406C70CB468000722A061E0F
:1071A000C010021EC0102108710000AEC342800052
:1071B0003429118A08E807822882021843206FAA1E
:1071C0006C7109F0C3408000D02921800080021832
:1071D000C22021A539097E2000A580C3424062411A
:1071E000BA09AFF7824210E801C100C06C71021801
:1071F0004320001E421421A500A5061E4010021EB9
:10720000001004F0021083202185008554877470DB
:1072100015A7CF2262004F22000036A75C1FC014C2
:10722000601F00150D0A302014A74522400214A744
:10723000D0C7E078E2C2604108454040804266081D
:10724000AFF7A043C3408000612934850088A6B908
:1072500006B8257814A5C2C60041E1B80C72E07DDD
:10726000E0B90C71CA204100E07FC4202101E07820
:10727000E8C3A2C1484528473915811010404C7019
:1072800050214000CB468000722A061E8010021E4C
:1072900080101B08710000AE048D09E8638502852B
:1072A0000218432043AD4C7108F0C3408000D02940
:1072B000618000800218822065A53F097E0004A538
:1072C0004D852C853A158010D208AFF780C311E8A0
:1072D00001C300C0391581104C710218432065A507
:1072E00004A5061EC010021E001020AE05F0658524
:1072F00004850210822034873A158C1034150B1047
:10730000CC855470CF21620015A74F21000076A7CD
:10731000601FC012D7A714A704EC4521400214A790
:10732000C8C7E078E6C3A2C14845C34380006129CD
:1073300008463A158010608B4D8228472C857920AD
:107340000C0047A526A583AE20EB39158310370B1B
:107350007E0080C3041C01306208AFF7001C0130BE
:1073600088E84D852C853A1580103A0F6FF780C359
:1073700001C000C105213E8005F226A5031E431071
:1073800007A5148786B814A7C6C7E078F1C0960D84
:107390004FF9E0B8C34181000E02C3420402310834
:1073A000CA2241004128C1063221810F3200544DCA
:1073B0000420800F7A01C0F5457818B90421810FA7
:1073C00000FD0000D1C0E07F2578E078E2C2120C19
:1073D000AFF708452D08740507D92908F4072C765E
:1073E0002108F40C2C75CCE02C748CF7E5E02C73A0
:1073F00088F78C20C2852C7284F7BC20C30E004114
:1074000080258B1A008D19612F78C2C6F1C0160D28
:107410004FF9D1C0E07FD7B8F1C00A0D4FF9532022
:1074200082006D20010A6D20000459613860D1C0CE
:10743000E07F0475F1C0AA0B8FF72F08740507D9F8
:107440002708F4072C762308F40C2C75CCE02C7458
:107450008BF7E5E02C7389F78C20C2852C7285F7B9
:10746000BC20C30E0041C34080006C290088196114
:10747000D1C0E07F2F78E078EAC2284608472E7016
:10748000C3408000382B008022108000AB092520EB
:107490002241C3408000302B9C310E014080596155
:1074A0000089930830005040028923E8CB458000D2
:1074B000901541850085C77AE7780520BE803BF2AC
:1074C0008021080900892508FE018A20480D1C3109
:1074D000812F00008403002050203220002006E885
:1074E0009E0D0FFAF0180020E0A5C1A523F00016AC
:1074F000017080004C162F25481404E96079A140E2
:1075000016D9020CEFF8A1400CDD98E80E0EAFFC86
:107510000CD8004112E8C34200000116C3408000AD
:10752000A82941B10088E1A1C2A14E0EAFFC00190B
:1075300044042671A6F1AD70A140CAC6C3408000C4
:10754000382B00802C7022108200C3408000302B2A
:1075500000803904EEF69F220E01E078E4C237097C
:10756000B1084846001600708000C42313E8CB45DC
:1075700080005025FA0AAFF7281D4310008DE5B8AA
:10758000C34080007A2505F2208E0D095F010018A6
:107590000300C4C600184300C4C6E078E8C228450A
:1075A0003A894709710010400B850088A0B83B0854
:1075B000110124100E20018E16E8E9858A20460468
:1075C0000B660867210B040085170C17621701165C
:1075D000C3420000C409402A8B004A7C1C31C0020F
:1075E0000B080503B1400240C8C6FFEB8516001723
:1075F000621601160A7A1C31C002EF08A4808A20A4
:10760000C90E09678C21C38FEEF508668C20C38FE5
:10761000EBF56E0EAFFC5627401B66E8620EAFFC22
:107620005626401B61E88517021785160017412A68
:107630008100B508648022B8AD0A0580D5F1E078F4
:10764000ECC3A4C10A27801F80007429021C0530E6
:107650008E08E00140248030CB458000302BE708C5
:107660003000104202140E312085C9459F250E11AD
:107670003D65008DAF083000304081C0E60B6004EE
:1076800042416D1580101EE80016027080005824DB
:1076900006EA5425801A607A42411FE8D1419F21B1
:1076A0000E21002111247B1101267A0FAFFC5621F7
:1076B000802F76110126802107276A0FAFFC224018
:1076C00021C02968310995009F260E110276802677
:1076D000C614008E32E87608E0014240CA0B8FFCE7
:1076E000018F0471DA0BAFFC01AF48D9760DE001D0
:1076F000A140B0F11708D1000016027080003423B9
:1077000011EAA140607A42410DF0C3408000542B41
:10771000008009E8458007EA02140031607A42419E
:1077200098F12A08E00142407E0B8FFC018F047122
:107730008E0BAFFC01AF8EF1A1407A0FA001424148
:1077400088F1CB468000382B00865E0BAFFC221000
:107750008F0060850A24C073A820000483C0FA60EB
:10776000E577E1409C300E0178608020450E20884E
:1077700000180300FF1A4280460B8FFC0086CB45A1
:107780008000A42900150E1022108F0083C00477FA
:10779000E960E57705E905EE607EF078C085F8EFF1
:1077A000CCC7E078E8C24D108F0010400845CD707E
:1077B000110FF1108020CA214E15801078204E0044
:1077C0009D1080A011085E0000168070800049297D
:1077D0000F08DF0180258C10001D0310C8C6831020
:1077E000802011E8C315011604290100A140802062
:1077F0000C0433791E0EA0012D7983180320C31DBC
:1078000019108E108020DF673F083401CD70A14031
:107810001E0EA00180200C048110C220130A230038
:10782000EF79B9618021480B20891D091E00821063
:10783000C2201708A300EF79B9618021480B208985
:1078400007095F00164A8F10C020CD790B0923006D
:1078500013788D084280F41080A0850810870010EE
:1078600080207D083F810C76B20A8FFC004117E82A
:10787000C34200000128C3408000302B41B100808A
:10788000E5A9C4A9104D84280E010F7A0016807056
:107890008000A829E20AAFFC40B18E180320C8C6B8
:1078A000E2C2084511E9C7E116F2C8E111F2CCE1E4
:1078B0000AF4220F6000A140B60DE000A140460F7F
:1078C0006000A140C2C6FA0FE003A14004F0DA0B49
:1078D000E003A140018DA1418021090B011DC310CE
:1078E000E508B18000190300720BAFFB284DC2C63A
:1078F000E6C3CB478000382B0087FC1C09B0AA09DF
:10790000AFFC22108E00CB458000302B00150210FA
:107910000A248073A820C004896E81409C300E0127
:10792000586020880AE95620C00B208880C37E66F4
:1079300000180300FF1E4290894686098FFC0087CD
:1079400022108E0080C00477C960C57708E9C34063
:107950008000A029408004EA607AD078C947208559
:107960009C370E118A2006053F6708670AE8120B4C
:10797000AFFC5627401B06E83ED9EA0AE001E14089
:10798000E2EEC6C70C18C30F65882189004219D8DA
:107990007472CA202100E07F2DAAE078F1C008446B
:1079A000860A60040CE0258C19D83476D1C0E07FBB
:1079B000CA202100E4C248402846AA0860040845BD
:1079C0001966408919D8170AF50A48ADF026837060
:1079D0003200744DA140607B0142C4C6E07F19D8DB
:1079E0000844547019D8E07C0016827080005C292D
:1079F000E7BAE07C4189658C0C704CAC42897474A8
:107A00004DAC23892EACE07CE07F19D80043547143
:107A100019D8E07C0016827080005C29E7BAE07C0F
:107A20004A24807240230003A820800101118202B1
:107A300001189200058B8BE00C70E07CE07F19D878
:107A4000E6C2084719DE14EA40270D13DE0C2004B5
:107A5000A140058F19081102218513091508620E2E
:107A60002FF900850908B500CD701EDEC140C6C6DD
:107A7000E2C2084519D810EA0016027080005829A1
:107A8000150A5E07E60C20041C4D058D90E00C7075
:107A900002F219D8C2C6E078E2C2084519D810EA45
:107AA0000016027080005829150A5E071A0D20047E
:107AB0001C4D058DA4E00C7002F219D8C2C6E07806
:107AC000E2C20845230A700019D80016027080002F
:107AD0005829170A1E07D20D20041C4D058D89E078
:107AE0000C7003F219D8C2C60016827080005B29A0
:107AF00000434B22008C0CF241894CAB0289458B30
:107B00000DAB23890C7054742EABE07CE07F19D848
:107B1000F1C00016827080005829170A7E000844C0
:107B20006E0E20041C4C058C98E00C7002F219D8E3
:107B3000D1C0E07E0043547119D8E07CD507EFFF37
:107B40006040E078E4C2084419DE25EA40240D13C1
:107B5000A20E2004A140058C3B0811034894C343A6
:107B6000FFFF7FF3786210782908840F000085F307
:107B7000008D10E849224102190845000794150AB2
:107B80000400AA94786510780F08850F000089F327
:107B90001EDEC140C4C66994016B1E308100126DA7
:107BA000F10923808C23078DCD70B5F7F2F1E078D1
:107BB0000016827080005A291B0ABE0000432189EA
:107BC000458B0C7041298C01C4B954728DAB2CAB20
:107BD000E07CE07F19D8E0780016817080005A2997
:107BE0000C70E1B9E07FCA206106E07803EA0D007D
:107BF0000000E07F19D8E078E2C20845AE0E20040C
:107C00000CE0258D19D889E1CA202100C2C6E07890
:107C1000E2C208451E0E20040CE0258D19D889E12A
:107C2000CA202100C2C6E0780043547119D8E07C14
:107C30000016827080005A29E0BAE07C4189858B69
:107C40004CAB2289C2BA95734CAB2DABE07D0AEAEE
:107C5000422180090F788C20C3860C70E020CD076C
:107C6000E07F1ED80016827080005B29130ABE00D8
:107C70000043458B21890C7054722CABE07CE07F73
:107C800019D8E0780016827080005B29130ABE00C4
:107C90000043458B21890C7054722CABE07CE07F53
:107CA00019D8E078E2C20845230A700019D80016F6
:107CB000827080005829170ADE00F20D20041C4D46
:107CC000058D89E00C7003F219D8C2C6E2C2001615
:107CD000827080005B29170A7E000845E20D2004AF
:107CE0001C4D058DA3E00C7002F219D8C2C6E078D5
:107CF000E2C20016827080005B29170A7E000845E8
:107D00002A0E20041C4D058DABE00C7002F219D830
:107D1000C2C6E078F1C0001682708000592908447C
:107D20004B22408208F2B20E20041C4C058C1473C6
:107D30000C7003F219D8D1C0E07EE0780043547192
:107D400019D8E07CD107EFFF6040E078F1C008442B
:107D500019D811EA00168270800059294B224082FE
:107D600009F28A0E20041C4C058C14750C7003F269
:107D700019D8D1C0E07EE0780016827080005C29BE
:107D80001F0ABE00004341894CAB42894DAB0389B9
:107D9000458B0EAB24890C7054752FABE07CE07FD3
:107DA00019D8E0780016827080005C291B0A7E00DA
:107DB000004341894CAB0289458B0DAB23890C7084
:107DC00054742EABE07CE07F19D8E0780016827006
:107DD00080005C291F0A7E00004341894CAB428928
:107DE0004DAB0389458B0EAB24890C7054752FABBA
:107DF000E07CE07F19D8E078001682708000582976
:107E0000170ABE0000430189458B0CAB22890C7018
:107E100054732DABE07CE07F19D8E078E1C519DC24
:107E200025EA0016827080005C29430A5E014289BF
:107E3000618908BA7A6246B04489638908BA7A626D
:107E400047B046898589658808BA9A6248B04889EA
:107E5000A7898D7008BABA6249B04A89A98908BA57
:107E6000B9620B0BF0022AB019DC8140C2C4E07881
:107E7000E1C5510A700019DC0016827080005C298F
:107E8000410A5E014289618908BA7A6246B0448932
:107E9000638908BA7A6247B046898589658808BAD5
:107EA0009A6248B04889A7898D7008BABA6249B009
:107EB0004A89A98908BAB962090BF0022AB019DC0B
:107EC0008140C2C465882189004219D87472CA20D1
:107ED0002100E07F2CAAE07865882189004219D82A
:107EE0007472CA202100E07F2CAAE078E8C25040DA
:107EF0002847720B200408451F67011780142B6860
:107F00009D09750408AD19DE19D82520400019F027
:107F100030F03DF03DF041F03FF03FF034F039F00B
:107F20003BF03BF039F039F037F037F002F002F077
:107F3000001680708000582957081F012EF05D0838
:107F400030201C4D08DA9209AEF6E141098F288FE6
:107F500008DA08B838600AB52E4D7E09AEF69A4F99
:107F60003E4DAA4F7209AEF64C74058D97E013F0A2
:107F7000290870201C4D0CDA5E09AEF6E141058D32
:107F80008DE009F00B08112008F011085020058D34
:107F900014710C7002F40846C140C8C619D8FDF12E
:107FA000E07F6D180300E078E07F6C180300E07854
:107FB000F1C0BE0B8000D1C0E07F6D184300E078B7
:107FC000F1C0AE0B8000D1C0E07F6C184300E078B8
:107FD000EC1CC8B7C3418000302B40810041802198
:107FE000460F5248842A0E01E3100007061C453351
:107FF000834309B34F7804B302B340248032DA08D4
:10800000AEF608DA52096FF981C014141F34E07E0D
:10801000ECC20846048850403041E2B80C7024F4A9
:108020005E0ACFF9DE0F2FF7104285160D17258651
:1080300008479F2593180EE90281D60F2FF722419A
:10804000110D241022410586C60F2FF70280084526
:108050004240BE0F2FF722410277F8608020820550
:108060003C250010CCC6E078E6C200168270800085
:10807000582908450B0A3F01CD70C140C6C6F0E142
:1080800016F2D3E11FF2D4E11FF2F3091183C341C9
:108090008000382308891508D0048D089004DF0873
:1080A000D1810C89D70891842C7210F0A11500168B
:1080B000CB083E85B4B82C70A21D9813A11D1810D2
:1080C00004F02C7302F02C74A9478027C91EF11705
:1080D000809025087000CD71D1E8920A6001A1401E
:1080E000F31780904BE88025C91EF11F4390001DB7
:1080F0000315C5F1008F25083105A1406E0A400126
:10810000F317809077083180A140F11F0390160982
:10811000A003001FC31FB3F1A115001694B8A11D41
:108120001810ADF12C71D2F101883D006FF92C705F
:10813000E2C24A0D200008457A0F2FF70C71018D1D
:1081400026086FF92C70C2C601881D006FF90CD982
:108150000020820F0000D6083CD980208C0E001A27
:108160004300E07F20A8E078E2C208455620800B5B
:10817000008813087100A1405E0F0001120F20015A
:10818000A1406A0E2000A140C2C6E078E2C20845C4
:108190005620800B008813087100A1403A0F00019F
:1081A000EE0E2001A1401E0C2000A140C2C6E078C6
:1081B000E2C2CA0C20000845FA0E2FF70C712E0EF1
:1081C0002000A140C2C6E078E6C2084780270C1A0A
:1081D00008456E0C6FFCE140CB468000442B0086C6
:1081E000218011E949859C310F0A9622490C052905
:1081F000800029684C79E1402A0C6FFC85290F0A20
:1082000000862888018D80254C1EFF1D42902C7011
:10821000560F2FF9001D0310C6C6E078E2C20845CC
:10822000660E2FF70C71001602708000442BA140DF
:108230000025831F0000D6082C70888A80208C0EB1
:1082400020ABFE1B4280CF1D581020A8FF18428093
:10825000FE18028321824A09E002A14000410AE897
:10826000060F2FF9018D2C743208A001A140C2C65F
:10827000001600708000442B01807BE829859C302B
:108280000F0A80250C1A9621490C05284000047716
:108290000C79A1408E0B6FFC85290F0AC2C6E078CD
:1082A000ECC3B8C108473220800F0000D408F14267
:1082B00080220C2A36E80027901F00000809681069
:1082C00011208B09302055204E2886C0160CE00363
:1082D000224100210120060EE0038BC00027811FF0
:1082E000000054094C712240D20BEFF6C1431B141D
:1082F000813015E90EC20422810F000000C0522116
:10830000BE830DF4C3418000742A618180810524FD
:10831000FE9005F40DC341A160A1147082F4CDF06C
:108320001E0B6FFC4240560B2000E140860D2FF7DC
:108330000C7110128020A3083000111283209B0BB7
:10834000240043D9121A422049F03027911F00001F
:10835000480ACF09302096C08A0BE0032241002151
:1083600001207A0DE0038BC05B148030301408309C
:108370002C140B300EC10DC436C35A148230291C84
:10838000C3301C1C0032181CC03249C148C46AC327
:108390002A1C82302B1C023012E80421800F0000BE
:1083A00000C05220BE830CF4C3408000742A618058
:1083B00040800522FE8004F480A021A00027811FB8
:1083C000000054090027831F00008C0A86C07A0F22
:1083D000AFF64C7126F012128120018F520D2FF949
:1083E0004C70109744204007350871074C70C3410A
:1083F0000000FFFF34170510301704103A178310E0
:10840000018F45C1FFD944C13CD942C12C71CC7008
:10841000EC7043C241C25A09A00040C2CCC72E70C2
:10842000FA0E2FFC58D8930830000845021D03109F
:10843000018F224100B5AE0AE0038BC0002101206C
:108440009A0CE003046D6810002093081000971048
:108450008B20341DC21297108C20961080201B0C8C
:1084600001106186038640862286077B277A0522D3
:10847000FE8081420BF24F234B10341DC212038643
:10848000228696108C2097108220481D0110441DD2
:1084900001102FA510A50186150A210320866386E9
:1084A0004286077B277A0522FE8004F231A512A5B9
:1084B000361D43105CF08A200C02FE1904A0018FC7
:1084C000FC190CA0001680708000A829AA0E2FFCB1
:1084D0002241E20B2FF70C71CCC70027801F000050
:1084E0009F0AC088341D82136088FF10808010733B
:1084F0000027801F0000980A0FF42080F8100C80DD
:10850000FC100280F4100B80277C07238B100523BE
:108510003E93684409F281BE341D82132080FC1012
:10852000028066888788481D0110441D01104FA5F0
:10853000210CE11030A56080F8100280FC10018051
:10854000F4100080477B07790521FE8008F40AF0CB
:108550000027801F00008C0A4180008011A552A5D1
:108560003227801F0000E109361D0210371D43101D
:10857000561DC51F541DC31FC3408000742A21808F
:1085800034A500800027811F0000D00813A50081BA
:108590000CA50589351D021011128020381D02100E
:1085A000FC118180001680708000A829391D4210BE
:1085B000C60D2FFCA141C6082000E140CCC7E078E1
:1085C000E4C2084580250C1A084676086FFCA140D5
:1085D0009426D11A121D0310001E4310C4C6E07861
:1085E000E2C20845A20A2FF70C7100160270800043
:1085F000442BA1400025831F0000D6082C70888AD8
:1086000080208C0E20ABFE1B4280CF1D581020A86E
:10861000FF184280FE1802832182860DA002A1402D
:1086200000410AE8420B2FF9018D2C746E0C600199
:10863000A140C2C6C342800036293B158010208A63
:108640001470016900AA04F24E0A0FF900160070B6
:108650008000442B41800CEA2985A14080200C0A2F
:1086600085290F0A314ABE0F2FFC6AB9018DFA0A1B
:108670002FF92C70C2C6E078E4C200208E0F0000F3
:10868000480A0845008607E8D60C2FFC64B8001E8F
:10869000011000258E1F00007009008606E8C20C3C
:1086A0002FFC64B8001E01103B15801003E8CA09B6
:1086B0000FF9C340800036292088247720A8C4C63B
:1086C000C34180005C29150830074C711508D1069C
:1086D00000890F089E0006F0008909085F004C70B1
:1086E000E07F40402477004388E10C71E020CD0713
:1086F0002520400025F02AF00CF011F014F030F0A5
:108700003BF003F001F080230809008BE7B841F04B
:10871000710A91008023480336F080230808008BFB
:10872000E5B837F0228B730930005470670A3001C6
:108730005470E07D80238808008BE0B829F0028B1C
:108740004D087100547025F05470E07D228B347117
:10875000E07D80230808008BE3B81BF0370A300166
:108760005470E07D0016807080005B29E0B80C70CA
:10877000E07CE07F0C718023C808008BE2B809F030
:1087800080238803008BE07F7820000054740C71F4
:10879000E07DE07F0C70E07DFDF1E078C34180007A
:1087A000382B208100430C704C8942223C80E07CB5
:1087B000C3418000202B2081A820400241890B0A60
:1087C000C100408984EA96214508E07E2040FFF1FF
:1087D0009F100206F1BAE07C2C88B1BA9F1898006D
:1087E00041056000A0181900F1C000180300520EE6
:1087F0002FFC80200C0A72080FF9D1C0E07EE078CF
:10880000E8C3A1C1420E200108459E0A2FFC08477B
:10881000CB4680007429018EF860A60A2FFC01AEB9
:10882000E20CA0030A2040035625101B4024C1304F
:108830000A0B2FFC0240084711E8031480308C20FB
:10884000C38F09F2620A0FFC008E0471720A2FFCBA
:1088500000AE0E0B2FFCE140EAF1E60D2FFC562591
:10886000001CA140DA0D2FFC80200B06A140D20D88
:108870002FFC80200707CA0D2FFC5625801FC34000
:108880008000302B0080C3418000542B2081104D8C
:1088900084280E010F7E06E9218104E96079C14038
:1088A0000016017080002C2303E96079C140BE15D9
:1088B0000016001D031004E8A60A0FFCAA0FCFF84B
:1088C000C340800034292088247720A8E60FEFF6E3
:1088D0000C71C8C742200102C3408000F026B903D2
:1088E0000FFCE078E6C2CB46800044230845802098
:1088F000460F08DAE20F2EF6C1414496A1409A4E87
:1089000080204609E31D9C10CE0F2EF608DAA14008
:108910008020460D4C74C20F2EF6AA4EA140802036
:10892000460EFE0AAFF92C748025461B08D9F20AC0
:10893000AFF9A140C6C6E078E6C042218205470AE9
:10894000B4036C7120428022BE067B0AD50224202B
:108950008000FB010000D9000000990100002D01FA
:1089600000005F0000001B000000910100001D01DD
:108970000000C900000015010000C900000009DB6B
:10898000E6F024208000C901000037000000FD004F
:108990000000F9000000F500000095000000AF01A4
:1089A0000000E9000000E500000049010000DD00D2
:1089B0000000850000007D0000003D0100006C709B
:1089C000C6F0C9091103C34280003823288A2477DE
:1089D000B909950A25204000BAF0F3F156F056F097
:1089E00054F054F069F024F022F050F04EF0AFF063
:1089F00024F01EF04AF04AF020F048F046F07AF0F9
:108A000078F044F042F042F016F040F03EF012F000
:108A100072F072F03AF03AF038F038F036F036F0A2
:108A200034F034F032F06AF0ABF104F06C7290F094
:108A30006C768EF06C758CF08020C90E608888F0A2
:108A400021884909F000AD70A3100206410A1F00F9
:108A5000A1100F06430F3F104A248072084680265B
:108A6000091B8D704A210000A8208001390A4F009F
:108A7000857124714A2480724A210000A820800157
:108A80007D0F4F10A5712471FFDB62F0A0BAA4180E
:108A900058036C700EF0A0BFA21858036C70A11898
:108AA000D80356F0002B4100267AA41858038143BE
:108AB000A31898004CF02C8A4221000569089505FE
:108AC0002520000016F016F0E0F1E0F1DEF1DEF115
:108AD000DCF1DCF1DAF110F00EF0D8F1D6F1D6F1DC
:108AE000D4F138F036F038F0D0F1D0F106F049F199
:108AF0006C742EF007DB2CF008DB2AF04B8E387BF1
:108B0000667FA2181900A118D803A14320EA268E77
:108B10000B1E031003E9001E43108020C90EA14361
:108B2000A0A816F00969650895832520000010F0BB
:108B300047F1ACF1AAF1AAF1A8F1A8F178F178F126
:108B4000A4F1A4F103F0A2F172F16C736F78C6C4C2
:108B50001CDBFEF11BDBFCF164B8C3428000202B60
:108B60001C30830F0000080B00827A605622800BB5
:108B7000008814710C70E07D611200063470E07C96
:108B800062120206E07F40A1E2C3A1C10845402471
:108B9000C030C60AAFF9402481300214C03003143B
:108BA000C1303E204003B1711B78CA206A00C2C7A1
:108BB000C3408000582900802C73E8B829B8CA2126
:108BC000610044200001E07F2578E078E1C5C341E1
:108BD0008000582920816C734A240071E8B929B9B2
:108BE000CA236100442102017D628020480A547D2D
:108BF0002C717FDBA820800304214C037EDA2F2612
:108C000007F33B790118D200CA22C10022188280E2
:108C1000C2C4E0784D00600148D9E0782B68347216
:108C2000C341800059298AF71B0850000B08B10086
:108C30000C700089C0B8E07E008944200002E07F0B
:108C400023B8E07F0C71E0788020490B0088E07F3A
:108C50007820C000EAC21041422100031D083506F9
:108C60000E70AD70290E0F70E900008C1470D3F2F5
:108C700009087100AD740CF020408020BE061D086C
:108C8000F50277DA1122008085F2AD71AE0CEFFFAC
:108C900022400D08B40208460C70CAC62A47802735
:108CA000091DF81780905108700087E5147022F4B0
:108CB0000A6D1473000126002240C1412A0AEFFF09
:108CC000A1421470E4F2B572CB453200944C07F225
:108CD0005A260015A16060792240D572BC01260099
:108CE0002240F81F4390001F0214C7AFFE1F43909D
:108CF000850200003EF7CB4432008C4C2420400318
:108D0000210000001D0000006D020000A101000014
:108D100005020000BB010000D1010000D7010000E6
:108D20002240C141C209EFFFA1421470ABF288EDAD
:108D30009F1100260F2080039F191820078F13080A
:108D40008003A11100260F208003A11918208BEDAC
:108D50008A200C030F088F035A2600158160607962
:108D600022403B0E31900C715A260E15A31100269D
:108D7000A11102263026811F3200904C80B8A0BA83
:108D8000A31918202240A21918246079A11998204B
:108D9000F6F04C20008204022100AD768AE07EF5D8
:108DA000A4110226A3110026AD720520BE80CA259B
:108DB00061106EF12F0D7010B570DEF49F11012659
:108DC0008A200C03112080830F2180039F19182013
:108DD00009F45A2600153020810F32008C4C60793E
:108DE00022402240C1410209EFFFA1429708100032
:108DF0005A2600153020810F3200904C60792240B5
:108E0000F60B20032240FE1F4390C7AFF81F43908C
:108E1000B2F0C3408000402300884968A9E27C0684
:108E2000EDFFAD740C702520800032F129F037F190
:108E300035F135F133F1AFF02AF1AFF02FF12FF129
:108E40001FF0A9F024F12BF129F1A5F027F127F16A
:108E50001EF1A3F023F123F121F113F01FF11FF113
:108E60000FF016F199F01BF119F119F117F117F143
:108E700015F115F113F113F103F003F001F0AD73E7
:108E80008CF02240320A6000C14176F01AD94C7051
:108E9000620A6001224070F05A260E15DD652185B8
:108EA0004079820B200322400C71CAC6078F290E1D
:108EB00020104C7322403208EFFFC141B908100066
:108EC0005A2600151C6422846079224030F0078FF6
:108ED0006B0E01108A20CD0811088F035A26001549
:108EE0001C6424846079224022408A0A6000C141C7
:108EF00005F02240C2096000C141320B200322402C
:108F00002240FE1F0294071FC31F1A0B2003F81FE5
:108F1000029432F05A260D159D6522856079224013
:108F2000078F0D08D004790EB5104C74A3110026DC
:108F30000F208003A31918201EF0A1110026390864
:108F4000AE032C71438FD8792678A2191824A11961
:108F5000182004EA031F02148A20CD0811088F0389
:108F60005A2600151C642484607922402240060A97
:108F70006000C141D5702605E2FF0C71078F1470A7
:108F80000C7106F2388FE0B91205C1FF0119C32038
:108F9000CAC607DD02F0AD75F504CFFF22404A0FC7
:108FA000AFFFC14105E82385607922407EF11AD9DF
:108FB0004C7042096001224078F1E078ECC208462A
:108FC0001CDD4E7010406509320A8026C91E4C21F6
:108FD000008A020121008D70F0E12EF2E9E12E708D
:108FE00087F40016807080005C292E71E1B881F250
:108FF0008716801014717DF486168010F3083100F6
:109000008A200C08B208AFF885100127891E0210CB
:10901000960F2FFF024000160D7080002823D30DFD
:1090200030100240407D65F0410930038D74A50980
:1090300050035EF0A4100226A3100126A110002602
:109040008D720521BE804708FF06CA24611085087D
:109050001E07208E7D091008A210012675093F0009
:10906000BCB8A218982417F0C3418000382308899F
:109070002908F308A5E04908F00107DC09085003B6
:109080006D085104A08E07DC20F0A2189824BBB80C
:109090001BDDA11818201FF0A6F2A4E0A7F25108CA
:1090A000D108008E0D0830088D740D8E27081E0023
:1090B0003AD94C713E08600102401AF00C894220F6
:1090C000C0081108D500A08E4225C01607089400DC
:1090D000FFDD8C25C39F0CF2782500171B789BE5DC
:1090E0000477CA2021000F08B4000F7F2E702240A1
:1090F000CCC6F1168190350970002E71F9E90A6C21
:109100008108F500A140BE0D8FFF1470A4F2CB467C
:109110003200AC4E0F0CB0105F270D15C1656079A1
:109120000240B8662180E7F0C70C1592C3433200B5
:10913000A44E2520000309F007F0DBF15EF072F089
:1091400090F09BF09EF07E0DAFFFA140A3081000B1
:1091500087EC9F1000260F2040039F181820008ED8
:1091600011084003A11000260F204003A118182069
:109170007F0C11907B0DD0965F2700156160BBF0CE
:10918000290C50106B0C11909F1000260F204003EB
:10919000190DF0169F1818205F2700153020810F39
:1091A0003200A44E607902401A0DAFFFA14021E8C1
:1091B0000D0D1117A2100126E0B994F4150DD0166B
:1091C0005F2700153020810F3200A84E60790240E1
:1091D0002608200302402E71A0AEF71E4294F11E15
:1091E000429487F11BDD8D7375F18D7573F102402B
:1091F000520E2000A1417DF1008E1075A14033F286
:10920000C20CAFFFA140147073F35F2700157860A4
:10921000228060790240A31000260F20400319F03D
:109220005F270F157F67228760790240960CAFFF9A
:10923000A14012E8008EBD08D104A1100026A310A1
:1092400001260F2042030F214003A1189820A318E4
:1092500018204FF11AD94C709A0E2001024049F1A2
:10926000008E430D0110130DD0165F2700151B63F0
:109270002483607902400240AE0E2000A14106F036
:109280000240C20D2000A141A20FE00202400240B4
:10929000F71E8294001EC31F8A0FE002F11E829403
:1092A00027F1A11000262E711120408321F3FC1616
:1092B0008290002941232678A2189824A11818200A
:1092C00003EAFC1E8294130DD0165F270015786008
:1092D00024806079024002404E0E2000A1410DF032
:1092E000A1100026A21858209CB8A118182005F03B
:1092F000238760790240FB05CFFFE078E4C208468F
:109300000845C9E18026091B0DF62F097003A1400D
:109310002D09B0034C70C9E111F412092003A140DA
:109320001AF0CAE111F2D1E113F2F3E107F40E09E8
:109330002003A14010F0B60E0001C4C61ED9B60D20
:109340002001A140C4C6EE082003A14004F0F608A5
:109350002003A140018D001E0310E308B180011D10
:10936000C310FA08EFFA284DC4C6E0780042802204
:109370000800228A10E9218A608A6E18C200150945
:1093800071006F1842000041802184013CA004F06C
:1093900070180100E07F021A0300E078F41CC8B7DF
:1093A000C3418000302B2081061C4534227884285C
:1093B0000E010F78834104B102B19E0DAFF881C058
:1093C0000C141F34E07EE078F01CC8B7C342800064
:1093D000302B408262C1071C4230514884290E0163
:1093E0006D108000061CC3320D1C033063C02F7843
:1093F000834105B102B1620DAFF881C010141F3472
:10940000E07EE078F41CC8B7C3418000302B208197
:10941000081C0330061C0533227884280E010F78BF
:10942000834105B102B1320DAFF881C00C141F3475
:10943000E07EE078E2C3AAC1084580C02C704E0DE2
:10944000EEF526DAC3408000122A00882C7020DA5C
:109450001470CA21A10461C140244031A1417A0C99
:10946000EEF5021C0335F20CAFF880C0C2C7E078FD
:10947000E6C3A7C10846C3408000302B0080C94521
:1094800080250A1D104E84280E01F8150191FA1549
:109490000291AC160316181C01300F7F45C38340A0
:1094A00028B00F09A00049B0008D0F0A0400CA0BB4
:1094B0002FF884C006E81ED92A0D6FF8E140C6C710
:1094C000F815029185160017FC150391FA15019104
:1094D0001072CC21818015F482160017230B210015
:1094E0004041FE150091BF1601175F2080023070C9
:1094F000404107F484C1420D6FF8E140C6C7FE1534
:1095000000918B4465B424B406B480C043B4E2B483
:10951000021C0534420CAFF8E0B4D3E81AD9CEF1FE
:10952000EC1CC8B7C3428000302B408262C1071CCC
:1095300042305248842A0E013470101C05300C1C35
:109540000130061CC3314F79834225B222B20AF49E
:109550008A210A0AA9100206306043C2101C043096
:10956000F60BAFF881C014141F34E07EF2C3ACC117
:1095700019C64845084762C1061C0430001C043067
:10958000402480322C7019DA0A22C0210A2380215B
:109590000A2440210A250021091CC230021C433143
:1095A00061C6EA0BEEF5031C82331CC11BC06014BC
:1095B00010305C141130241C4430231C02300BED9D
:1095C000488532952B15801044C2141C4430161C5B
:1095D000023040248032A2413A0BAFF6824240244E
:1095E000403762412E0BAFF642424024C035224143
:1095F000220BAFF60242620BAFF880C002EED2C778
:10960000C340800059290088F708BE8121D81AC1BB
:10961000834215B28AC0F6B2F4B23E0BAFF82E1CEC
:109620004230D2C7EC1CC8B7C3428000302B408206
:10963000071C4230061C8334524880208900209049
:10964000842A0E0161908B4425B4FC100181FE1028
:10965000008166B427B408B44F7804B402B4FA0A9F
:10966000AFF881C014141F34E07EE078E2C3A3C1D8
:109670002C8808458C21C38F28F2C3408000302BF2
:10968000408062C18A20090F514D84290E0108656E
:10969000041C0330021C8531E0B82F78834103B1EC
:1096A00000B104F2081C8335001601708000BC2351
:1096B0000DE940790BE880250C1780C10ADA1A0AF7
:1096C000EEF5A140FE1D4390C2C78E0AAFF880C0E0
:1096D000C2C7E078F41CC8B762C0071C023081C062
:1096E000061C0330720AAFF8041C05300C141F343A
:1096F000E07EE078F41CC8B7C3418000302B808145
:109700003E08EFFE0043924B842A0E010A1C0230F1
:109710008A208C03086330D9834323B30B1C0230A7
:109720004F7804B302B3320AAFF881C00C141F346F
:10973000E07EE078F01CC8B7C3428000302B408246
:1097400062C18A21080A5248842A0E0128602ED953
:10975000834323B363C04F7805B302B3FA09AFF86C
:1097600081C010141F34E07EF01CC8B700160270D0
:109770008000302B62C1071C42305248842A0E01FF
:109780004C100001061C8335834106B14F7805B1AA
:1097900002B1C609AFF881C010141F34E07EE07832
:1097A000EC1CC8B7001602708000302B00160C703D
:1097B0008000382B101C01305248842A0E010C1CEA
:1097C000013062C1071C4230061C83324F7B83414B
:1097D00065B1448C110A750262B1891002068810C5
:1097E000010606F087100206861001065A0D6FFB6F
:1097F00083C06609AFF881C014141F34E07EE0789E
:10980000EC1CC8B7C3418000302B2081081C0330FA
:10981000061C4532314884290E01802008046088E6
:109820004190029063C38B4447B408B42F7805B4C9
:1098300002B42609AFF881C014141F34E07EE0782A
:10984000E4C29F100E064F0E6E10204200168C7060
:10985000800040236C71587B1AD9667EA0181900CD
:10986000350CF0119F189803090C50140D0C51136E
:1098700000168170800045231B0A11078A224B0ABB
:109880004A6009EA4C726C708C70AC70220920003E
:10989000CC70C4C6150AD006FB0A118789100206CF
:1098A000A1BA89189800ECF189100106A2B98918AB
:1098B0005800C4C6E4C29F100E063B0E6E104C71D9
:1098C0000016837080004023387A1ADC467EA01888
:1098D00019002D0BF0019F1898030B0B50040F0B70
:1098E000510300168C70800045230D09900031094A
:1098F000D001C4C6AE0EEFFF8141C4C61509D00128
:10990000EB09118188100106A5B988185800C4C652
:109910008810020611DCBABA881898001A0EEFFFF8
:109920008141C4C6E2C29F100306470B6E004C7112
:109930009CE1002A4100267BA01819009F18D8003E
:1099400017F4084580250B1FED15819011E9628DF4
:109950000015C6104C7279608021480B00118500FB
:10996000FC11C4804A0820002C70ED1D0390C2C673
:10997000F1C09F100306350B6E004C71387A467BA0
:10998000A01819001909F0019F18D8001909D00072
:109990001909B1002C700E0ECFFF08F09A0DEFFFE1
:1099A0002C7004F05E0ECFFFD1C0E07EEC1CC8B777
:1099B000CB448000302B8084071C42302FD9827822
:1099C00084280E01101C82310F1C42310E1C023102
:1099D0000D1CC2300F78834305B302B381C063C24C
:1099E000081C0330720F6FF8061C423014141F3429
:1099F000E07EE078E07EE078EAC21041B21190208B
:109A000028455520C20B2CD82C12810001AD4020D6
:109A1000402000ADBA11802002ADBA110021608A49
:109A2000BE110E2104208C0F0000003F4423400093
:109A30000EB80FBE9860D86028B803ADBE110021E3
:109A40001D7804ADBE110C21048A0FBC1BB88578AB
:109A500038B805ADC2118020C111832005B86578E2
:109A600006AD8282C211832008BC156B857828B8A8
:109A700007AD028228B808AD82820C8A08BC1CB8E7
:109A8000857838B809AD04820AAD048228B80BADD8
:109A9000148A648214B8657830B80CAD148AD21177
:109AA0000321848214B818BB8578657838B80E1DF8
:109AB00003100DAD06820FAD068228B810ADD61189
:109AC000002111ADD711802012AD078213AD07829E
:109AD00028B814AD1092678214B8657830B815AD07
:109AE0001092678214B8657838B816ADDE11802000
:109AF00017ADDF11802018AD2412800019ADE111DF
:109B000080201AADE21180201BADE31180201CAD36
:109B10006A8215694220000865781DAD3012800008
:109B20001EADED1180201FADEE118020201D021012
:109B3000EF118020211D02102D8238128000C6B93D
:109B400007B83860221D0210F51180200FE822416D
:109B50008021830D4B4D820DAEF508DA8021832FD5
:109B60005B4D10DA720DAEF52241402080200F7857
:109B7000CAC6E07828DA0019030241A9541082000D
:109B800042A95510820043A95610820044A95710DB
:109B9000820045A95810820046A95C10820047A99E
:109BA0005D10820009D8E07F48A9E07832DA001918
:109BB000430241A9451002065620C30842A9451098
:109BC000020628BA43A98B1002078020C40544A9C5
:109BD000408845A9408B46A9428847A9438848A99F
:109BE00044880AD8E07F49A9428980910043402AED
:109BF0000003857828B880AB01AB048902AB2589C6
:109C00000C74E07F23ABE078ECC3A3C1084710904D
:109C100050413042C2B8AD70CD70041CC33162C532
:109C2000071C4233061C42332708F501051C42334A
:109C30002520000034F007F005F00BF050F003F0A1
:109C400001F03D17801018DE78204000B66800272C
:109C5000901F000008090B0E1E118425C21F81C031
:109C60000241120EAFFEE14281C00241BA0EAFFEC8
:109C7000E1427097E1408020CC0E00180300AF7ADB
:109C8000C1BB40240431AC70EC700A268004E14072
:109C9000C141E20B2000001C4034CCC73427801F98
:109CA0000000CA083D1781108A22450C14707820E4
:109CB000030078214000496718DEB66BCA262110E0
:109CC0005668057D07E93227801F0000E20A83E815
:109CD00018DE530E3F11457D80BEBBF13427801F37
:109CE0000000CA083D1781108A22450C14707820A4
:109CF00000007668486778214D0018DEBB7A366D23
:109D0000657DCA262110457D07E83227801F0000A7
:109D1000E20A83E818DE1F0E3F11257D4526CE108E
:109D200097F1C340800049290088E5B8EC2562110D
:109D30008FF1C340800049290088E5B8C625621F1D
:109D400087F1E078E6C2FF8B6845CA0B6FF60846DC
:109D50005F8D066E820BAEF5A141066F0F78C6C609
:109D6000E4C0418900430489956A4289C3892089F6
:109D7000B66A08B8A579576E8578857928B8457987
:109D800001AB0C7220ABC4C4EEC3A3C10846304380
:109D9000309670415042C2B90C700026901F0000EE
:109DA000D409041CC33162C0071C0230061C0230F7
:109DB0003909F501051C02308A20CC0E09DF40DD8F
:109DC0002520400007F02DF02BF010F011F025F0C9
:109DD00025F009668A20450C086644214D0008DFFD
:109DE0008725411492E81DF0AD70ED7019F00866FA
:109DF0008A21450C296644204D0044208000872597
:109E0000411447208F020DE93226801F0000E20A2C
:109E100087E885BD05F00BDF03F00BDF48DD81C06F
:109E20000241520CAFFEC14281C00241FA0CAFFEAA
:109E3000C142709640240431EC72C1BBE141A142A1
:109E40000A2580040A26C004C1402A0A2000001CFA
:109E50004034CEC7F41CC8B7A1C168444045204671
:109E60002C70081CC33163C10B1C42300A1C4230E9
:109E7000091C423086EB20108100E1B908D903F2B9
:109E80002C704024043210DA6C70EC75E609200066
:109E900040C487740C141F34E07EE078ECC3A3C187
:109EA000504130420845081C0330041C013017E8BB
:109EB00000258E1F0000E40A00258F1F0000D40932
:109EC000C140E141A142AE0BAFFE001E0312C140F2
:109ED000E141560CAFFEA1421CF0CB468000282B7E
:109EE000008618E8CB478000242B008712E8FE0884
:109EF0004FF66086C9802B80104081C0C142607BD4
:109F0000041C03322C100120608781C0607BC14299
:109F10004024043105ED0025841F0000E40A2C7361
:109F20004C706C70AC70EC760A268004A140460937
:109F30002000001C4034CCC7E8C268454846304089
:109F40009E086FF608471908852F0300C4BF1C2020
:109F5000812F111112116C703D7A0BF01C20812F92
:109F6000D0699E361420022480DB3A622ABA7C2013
:109F7000C00C06B8C578657800AD3F17801041ADBC
:109F80007820C10014723B78CA2061000DB8057AB0
:109F900028BA42ADC8C6E078EAC3A3C1304108453B
:109FA000C341800048290C7000258E1F0000D40991
:109FB000E081504062C0071C0230061C0230051CC4
:109FC000023081C0C141A142AA0AAFFE041CC331C4
:109FD00081C0C141520BAFFEA142EBBF09D9A140E4
:109FE00080251A1840240431CA21610050DA6C70AF
:109FF000EC730A264004A1457A082000001C0034B6
:10A00000CAC7E078E6C2884668470A096FF608457D
:10A01000066DE141FE086FF6C1420CD8C6C6E07875
:10A02000E6C0E189A389C28945896489808902BF24
:10A0300041A803BE546D44270F11B56B44260E1280
:10A040004422030405270213C57A44250D18657AB6
:10A05000A57A40A844890AEA468927896C7306BA1A
:10A06000C4B9596122A803F06C726040C6C4E0789C
:10A07000FAC2FC1CC8B6A1C110C50A21C0210A271A
:10A0800080210A2540210A230031584038411040E0
:10A09000ED70CE7140C3170F7101041CC203792506
:10A0A00000101B784020910008F0C34080004B292D
:10A0B000008809081E00CE700020922F0000C00208
:10A0C0001B083020402713212010002117085E01B3
:10A0D0001309D0200F09902121F00B0990213F098D
:10A0E000D12017091F303708102033081E307B128B
:10A0F00080202B081F000D0810200E46064509F091
:10A10000EA0E0FF60980BA100206B9100106060819
:10A110006FF6624040279322ED7117095F302708E0
:10A12000102023085E307B1280201B085F003D0852
:10A13000302081BF1E461645DA0F2FF66240667644
:10A1400003F0630810201B09DF305B08DE307B1250
:10A1500080200F08DE0027ED0012802023E812ED9A
:10A16000024080208B0010F0820E0FF60980BC1098
:10A170000206BB1001069E0F2FF66240667613F0B2
:10A1800054200028009083BF021B1220421081201F
:10A190000420800F0000000F0CB9196128B9FF1BC3
:10A1A00042A023097F310227C02408464C701F08B3
:10A1B00030208026441017085E317B1281200F0961
:10A1C0005F018020C30B4C7108460B089F318E70D5
:10A1D0001FF00D09112111081120FBF111081020A9
:10A1E0000D09D1210C12802023089F011B0830206B
:10A1F0003674CC21E2A1EDF31309102220100021C6
:10A20000CF089E8103F0CB0911A2C5778E71D6705D
:10A210002F0D3020CA2621100A150121001500211A
:10A2200021083E3102205600190810200C1580200C
:10A2300088E84C1080201076CA260D1002F0CE70EF
:10A240001B091F310F083F312F2088056A456E70AA
:10A2500008F010767001260016704023CD2084BFD0
:10A260005278782012200520800413083F00024015
:10A270005E0C2000A14112E585BF2F200A050520B4
:10A2800080041B083F002C713320802F00000A0936
:10A290005A0BCFF8011D121086BF36744027D42008
:10A2A000CC21E2A10BF2710830206C706909912079
:10A2B0003220802F0000F90A2EE8792199200F70B2
:10A2C0004A2300000D08B13005227EA604F221F0D9
:10A2D0003F0810201C30803F0000600002705010CA
:10A2E00081002F0951005210820002244023542083
:10A2F00000080F79026A0F78170924000240F0263F
:10A3000002763200984E607AA1411D656C7107712A
:10A31000B508D4B00527FE90CA2501152F228885DF
:10A3200012F20227402380204400D170CA26051073
:10A330000A1501215076CA268D10CF7838600A1D83
:10A34000042003F0CD70022512150026801404713C
:10A35000041B0230E2400E0AEFFF634100C03B09DC
:10A36000712006B83220812F0000040B2578021FCF
:10A37000022000150221AE412F2088045A0D6EF5EF
:10A3800082700A15002100150121CF7A42783D65BF
:10A390000A1D042005F005208004021F02201B086E
:10A3A0003020001CC223024062416342E143320874
:10A3B00020000A2440040225C0150F788774041475
:10A3C0001B34DAC644F3367442F5661280201471E9
:10A3D0003EF364128020147041F53AF1E8C2304037
:10A3E0002D0C350208452520000109F007F043F047
:10A3F0000FF071F00CF00DF094F0CF1D18149520B3
:10A40000CA0D8025CC1E60AD00180100C8C600250D
:10A410008E1F0000DC0AF90830A0001E0110C37076
:10A420000000E3092088FD10808086E93225811F25
:10A430000000850A448ABA082FFA4472C34180009A
:10A44000382B208172850042C3402500D47E2A919A
:10A450003073CA21CD0059611071CA2045003A09F4
:10A460002FFA00A63225821F0000E00A004100A654
:10A4700053F09520CA0D990830A000180100448AB5
:10A4800000258E1F0000E209208EFE168090002518
:10A490008F1F0000E0095A082FFA4472C341800060
:10A4A000382B208152850043C3402500D47E2A9159
:10A4B0003072CA218D0079611071CA204500DA0816
:10A4C0002FFAFC1F0010FE1682100041FC1F001026
:10A4D00023F03D0830A0AD1D1910448A9420530C80
:10A4E0002088FE1080800A082FFA4472C341800041
:10A4F000382B208172858A244A1E4A91C341250047
:10A50000D47E5073CA22CD0058608A653070CA214B
:10A510000500AD1D5810A140220AEFFF0243C8C636
:10A52000AD1D1910C8C6E078ECC3A2C108450020D3
:10A530008E0F00000809304280C0C141A142041CB6
:10A540000330320D6FFE001C013080C0C141DA0DB6
:10A550006FFEA1421095C2B81708B00040229120AA
:10A56000150850011708D100001C033009F0001C29
:10A57000833107F0001C433003F0001C8330458515
:10A580002485920B2FF6224020C6290E71104022FE
:10A5900010220025801F000058096080478526850D
:10A5A00082BB60A06E0B2FF6024020C64022902393
:10A5B000270EF5112C7045D81F08AE038A205608C7
:10A5C0000F650BEF802596184927C21702400A0B2A
:10A5D0006EF5A141E141C3408000592900880F0870
:10A5E0009E010B0E9510011C433002204024386060
:10A5F00061C080C16E0FAFFF424021C004720F786E
:10A60000CCC7E078E6C30846391080002845130817
:10A61000F000F81C09B1490890000B085100021C19
:10A6200043308A275A1DE86680C1047661C0360F20
:10A63000AFFFA140458624861D65DA0A2FF6A140AA
:10A64000E9660AE980269A1D066D4921C2078A0A31
:10A650006EF5C14121C004720F78C6C7058604207B
:10A66000800F000000C05220BE83DBF3DBF1E078F6
:10A67000D5068FFFE4C3A3C168442046C3438000CE
:10A680005C29004180210C09A083A8118380C08926
:10A69000BD7940454C70842301004421010262C20F
:10A6A000071C8230061C8230051C8230526E657990
:10A6B000457984B9402404312F7A2C706C70EC7485
:10A6C000041CC331AE09EFFF40C4C4C7EEC2002072
:10A6D000910F0000F90A10400011802061100D2632
:10A6E000284712E88A20CC07322000205320BE8160
:10A6F0000AF2C6100126AF1002261C3100005D656B
:10A7000002250D100020922F0000B30100208E2F93
:10A710000000AC092086FA082FF6A1408C20448B5B
:10A7200045F7AF1000261D65F6F12086E2082FF6EA
:10A73000A1401908850F0300C4BF1C20800F111110
:10A7400012112C701D7812F0D3702500FF7F3C2071
:10A75000810F25000080CA202D001C20820FD069A7
:10A760009E36147858602AB80DB900AF257828B8FD
:10A7700001AFAF100026CB441A00E33619280203BC
:10A780007B79412AC007257802AFAF1000261C2034
:10A79000000327B803AFB4100D26B51013269A0C8A
:10A7A0006FFE412D0E165323132105B8412D0214BF
:10A7B000412D01126270C7AFA4AF46AF25AF08AFFD
:10A7C0006C10002609AF6C10002628B80AAFD9100B
:10A7D00000270BAF001280200CAF6D1000260DAFCC
:10A7E0006D10002628B80EAFDB1000270FAF001148
:10A7F000802013E88A20CC07322000205320BE811D
:10A800000BF25620C02B0088047110AFBC1000273B
:10A81000047128B807F05620C02B008810AFC6126C
:10A8200080A011AFCEC6E078E4C2084580250C12A6
:10A830000846088D02E8C4C62E0F2FFEC140268DA3
:10A840002B084000278D270861008A210C03458DC5
:10A850002B66216A2F7AE30AE48025AD06ADC1405C
:10A86000960E6FFF051D0310C4C607AD051D03102E
:10A87000C4C6E0788020C604E07F00184300E0787A
:10A8800080200605E07F00184300E078E2C208451A
:10A8900022082FF60C71001600708000202B104D3E
:10A8A0000428800F0000080B0474F20E2FFA0F78B2
:10A8B000B60FCFF7C2C6E078E2C2D60FEFFF084569
:10A8C000018DE6082FF82C70C2C6E0780188D90007
:10A8D0002FF80CD9E8C208450288A946350871004E
:10A8E000802616148A20450C086514E83425901F2C
:10A8F0000000CA082E08EFF7E086024132092FF661
:10A90000E1420025811F0000E20A0019430009B658
:10A910003225821F0000F90AA140A1416C708020FD
:10A92000850E80218A0E60A8F718C28000194300A6
:10A9300015EABE160096C3420000FF7F0020810F7B
:10A940000000080FFC198080F819C4809520CF0002
:10A9500060A1FFD936086EF50FDA8025051FFE0AC3
:10A960002FFAA140C8C6E078E8C2084508460C7135
:10A97000160FEFF580260B10ED70160A6FFEFA1E0B
:10A98000C2935D1D1810C34080006429218000809F
:10A99000B14080200B24B41D181002405F1EC2136A
:10A9A000BC1DDC13420EEFF7B51D58105D150016E7
:10A9B00000258F1F0000F90A608FBC150117412880
:10A9C000020447783E1E4310401E041004EB5F163D
:10A9D00080100779C20820000240208FF91E0290E3
:10A9E00009E90016017080004C2B05E96079A1404F
:10A9F00004F0020DE001A14008470BE82C73C60DDE
:10AA00006000A140018DA20FEFF7E141C8C6228D81
:10AA1000A1408020450C4B097100001843003225ED
:10AA2000801F0000E10A87E8A1408020850E001801
:10AA300043003425901F0000CA08EA0EAFF7B41691
:10AA40000F160241EA0FEFF5E142A1410025821FF6
:10AA50000000E20A80211604001A430009B1008EAA
:10AA60000EE83425901F0000CA08BA0EAFF7B416DE
:10AA70000F160241BA0FEFF5E14201B6018D2A0F20
:10AA8000EFF72C70020ECFF7C8C6E07801881907DF
:10AA9000EFF72C70E6C208451890C3420000F0F0B2
:10AAA000746A07790421880008B96479CB440C00E2
:10AAB000C0CC05210102D26C0421080304B9C47979
:10AAC000CB472A0080AA052101022F23C0130421AD
:10AAD000C80302B90421C1020521010227B95F217F
:10AAE000410419610421880008B964790521010233
:10AAF0000421080304B9C479052101020421C80313
:10AB000002B90421C1020521010227B95F214104D4
:10AB10001961247A08B96479257A346A447C247EE0
:10AB200005260113247F02B90421C102E57927B962
:10AB30005F214104196107210E001F26801F0000BC
:10AB400068DD218535B89E20FF061F660085DE0F73
:10AB5000EFF3F07A11081F002D158010CA7830B875
:10AB60001D65E88DEF78C6C6E4C208468026891BBD
:10AB70000845008E2908500091E809E93B0950007A
:10AB800045093001A1401709D100AA0C6000A1407D
:10AB9000660E2002A140001E4310C4C61B095000CF
:10ABA0001F093001A140F709B180A1407E0E0002CB
:10ABB000001E0310C4C69A0C6000A140C4C6E20F78
:10ABC0000FFFC4C6DA0F0FFF220A2000A140C4C63F
:10ABD000F1C023881909D0002709B000456857093A
:10ABE0005100FA0F8FF5120A000025F043802280F1
:10ABF0000521BE8010F23E08EFF505881BF0648841
:10AC000084802580747040200302814007F22A0965
:10AC1000CFF507F0C60F8FF50DF0BE08CFF58A0E01
:10AC2000CFFAC3408000EC2920882477920EEFFAF7
:10AC300020A8D1C0E07EE078F0C20A2340218847F6
:10AC4000704150423044620EEFFA1040CB45800014
:10AC5000EC296E0EEFFAC08D450E351118D8BE0ED8
:10AC6000CFFA00411CE88A228801C3408000A8294D
:10AC700041B1008810190004E2A105194204041929
:10AC8000820414190005F20EEFFA0C19C0041A0E12
:10AC9000CFFA008D04712A0EEFFA00ADD0C6E0782D
:10ACA000E8C208455620C00A20889CE9C3408000BD
:10ACB000542B008016E8448014EAC3408000302BF7
:10ACC0000080114D84290E01607A2F78910831009F
:10ACD0000E708025881D5E0A20000095104040F00F
:10ACE000A94680268516008EF7168390677871082E
:10ACF0003F000E70DC160011438E84685B0C8410DC
:10AD00002BEA24775309D500CB4780007529208F83
:10AD100026E9220A000024E8C34180004825608F0C
:10AD20004081296B20AF14EA6D15811010E96F1571
:10AD300081108EE9741501167515031640214280A5
:10AD400041230180741D9810751D5810F7168190CD
:10AD50001040016902F0016BF71E02900240C8C664
:10AD6000E2C2084480244515248CFD148290477962
:10AD700044214D8018F2608C216AFD1C429010EB3A
:10AD80005620810A20891309D1002514811005E974
:10AD90002477251C4210260F400206F08020C50EA5
:10ADA00000180300A140C2C6AD008002E1C5CB453A
:10ADB00080000423608DCB448000082342233C8024
:10ADC00009F28141A820C001041102040F0A000009
:10ADD000E078416B757C40AD00A4C2C48020490579
:10ADE000E07F00180300E0787B10010635002FFBA0
:10ADF0005620800FC3418000A829C3408000E82965
:10AE000040892080C3408000602425002FFB4CA88F
:10AE100044881A6220AA258844886169216A3474AA
:10AE2000CA21210065A8E07F24A8E0784A240071A7
:10AE30004A210000A82040010110C204596122B932
:10AE4000E07F2D78E4C3A1C156208E0B4A25001067
:10AE50004024C130E60CEFFAC14006E8020DCFFAFB
:10AE6000A571F8F1AF78C4C7E2C3A2C15620800B28
:10AE7000CA0CEFFA4024C13108451AE8028D0714C4
:10AE80008130438DC1B8834320B31308700042B3AF
:10AE900011089100021C833006F0021C433004F0BC
:10AEA000021CC33080C1460D6FFFA140A140C2C744
:10AEB000E2C2001602708000302B084542788428D8
:10AEC0000E01204262BA0F798A0CEFFA5625801BD8
:10AED0008025451E008D047100ADC2C6E2C3A1C12C
:10AEE0000845C34080007C29520CEFFA4024C13051
:10AEF00006E803148130047220B5C2C70C70C2C7C3
:10AF0000F1C04043004241290002FE1A4A8001AAD2
:10AF1000C34080007C293E0CEFFA6F79C34080006B
:10AF2000A8290088160EEFFA2C72D1C0E07EE078D6
:10AF3000F1C00CE0E60BEFFA10781470047203F421
:10AF40000C70D1C0E07EE0781504EFFA62B8E078CA
:10AF5000E6C248465470684720430845CA26C110D7
:10AF60000EF2C3408000302B008083150117104D76
:10AF700084280E010F7A8E0FEFFF604014EFC3405C
:10AF800080004825408018EA6D15801014E86F1580
:10AF900080101F0870002C708EE87515011674154E
:10AFA000001609F004EEA60FEFFFC140C6C68315D8
:10AFB0000017407A8025881D009504761079760E5A
:10AFC000AFF5C140C6C6E078DC1CC8B7C3408000FE
:10AFD000122A008889E881C0FFD9B2092EF520DA4B
:10AFE000560C2FFF81C024141F34E07EE4C3CB46EF
:10AFF0008000D424008ECB458000102A2F087000DA
:10B000008224023A9308B10080C2C3408000F82431
:10B01000C3418000D824420B4FF81E0C2FFF80C084
:10B02000001E0310001D031037F0018DCB4580007A
:10B03000F02994E892C0EA0B6FF820D94A240078EE
:10B040000024813F000067000A204003A8208001FF
:10B05000FF118284011892009AC14A0B6FF8A14037
:10B0600080C02C7026092EF546DA402440319AC162
:10B0700020DA66082EF5021CC334402440395524DA
:10B08000813856082EF520DACE08EFF780C0201D53
:10B090000310001E03100C70C4C7E0780B807821E9
:10B0A00001035B8079220000E07F2478E4C2084538
:10B0B00000208E0F0000E00A80250D105E0B0FFEB1
:10B0C000208E00AD1A611E32810F000068DD35B997
:10B0D0009E21FF063862C3418000642900AE0F7ACA
:10B0E00000814A0AEFF32181D5081E80C4C6E078AA
:10B0F000E6C2084583100007A1150117C3420000EE
:10B10000F0F0746A27780420880008B86478CB448B
:10B110000C00C0CC05200002D26C0420080304B847
:10B12000C478CB472A0080AA052000022F23C01331
:10B130000420C80302B80420C0020520000227B87A
:10B140005F20400438600420880008B86478052037
:10B1500000020420080304B8C4780520000204207B
:10B16000C80302B80420C0020520000227B85F20EF
:10B1700040043860047A08B86478057A146A447C1C
:10B18000047E05260013047F02B80420C002E5787F
:10B1900027B85F204E043E66277E1F26801F0000D2
:10B1A00068DDA1418021840335B89E20FF061F661B
:10B1B000E0A945150016461501167209EFF3F07A5D
:10B1C00017083F00562580180088CA7830B81D65DA
:10B1D00080250417E08DEF78C6C6E078E6C200430C
:10B1E0008023C403408B084501691C308000FF1395
:10B1F0008E80A1411E66D0781908740980218403CD
:10B200001F20800F000068DD35B89E20FF061E66F7
:10B21000C0A94515001646150116D07F0E09EFF39B
:10B22000E1422F083F00562580180088190F24108E
:10B2300092E0C2260D1008F700260E10027ECF798C
:10B24000FD090580CF781D6580250417C08DCF7856
:10B25000C6C6E078E4C208450A26001080250A1E0A
:10B2600080264A1EB6090FFE208E00AD1A611E32DE
:10B27000810F000068DD35B99E21FF063862C341A9
:10B280008000642900AE0F7A0081A208EFF32181CB
:10B29000D5081E80C4C6E078E4C208460C747E0857
:10B2A000EFFA284500410DE8C3408000A829418EEF
:10B2B0000088A3A940B1C208EFFA02190302C4C66C
:10B2C000ECC210404E0F200208D8A30830000845F9
:10B2D00083100E275620402B6609EFFA1041CB470A
:10B2E0008000382B208733911E305200E608600220
:10B2F00002400041C20D6FF7424014760C7690F781
:10B300003E09EFFA2240208733911E304F00C608D5
:10B31000600202400041A20D6FF7E1408210022757
:10B32000024180218D0244710C7A00914978D860E5
:10B3300082190480001D43107A11808001AD7B11B9
:10B34000808002AD7C11808003AD7D11808004ADD2
:10B350007E11808005AD8211808006AD83118080D2
:10B36000A14107ADEA0E20020240CCC6E4C2084566
:10B3700002880AE89F150016A01D1910A8B89F1D85
:10B38000181033F08E0E20020C740041CB46800062
:10B390002C2B10E828D800A90086048801A9008673
:10B3A000058802A90086068803A9A60E2002A140EE
:10B3B0004086A1408020480D248A7921010020A8E0
:10B3C000058A1C3600700300400DB60E2FF8EC1DE8
:10B3D00000109F150116EC150210A8B942789F1DA8
:10B3E0005810E81D00106ED97A082000A140C4C68C
:10B3F000EAC210401E0E20020BD808432E7025E82A
:10B4000029D8CB4580002C2B8D7061414A26001035
:10B41000001B02100085CF7A98606488210A7502AB
:10B4200024714588E688078802BA04BF657A06B8A1
:10B43000457FE578C571857400A9EEF160A90240E9
:10B440000E0E200261419F1000266ED9A0185824CC
:10B45000A9B89F1818200E0820000240CAC6E0783C
:10B46000E4C208460C74B60EAFFA2845004114E851
:10B47000C3408000302B0080C3428000A829A3A9CC
:10B48000104E84280E01021943000F7B008AEA0E39
:10B49000AFFA60B1C4C6E078EAC2104118D8704073
:10B4A0004846720D20022847084525E8E0AD008E89
:10B4B00022418021840101AD018E0CDA02AD028EA1
:10B4C00003AD038E04AD048E05AD058E06AD068E6C
:10B4D00007AD078E091D021408AD00890AAD018968
:10B4E000FFD90BADA60CEEF41C4D2240620D2002DC
:10B4F000A141CAC6004280220A0521926C7487E1EC
:10B50000CA232D029507EFFF0FD9E078C3418000D1
:10B510002C2B20816C7144698107EFFF10D9E078F2
:10B52000E8C2104009D8EE0C20022845004129E865
:10B530000A44A0A98024881DE0148090639441945B
:10B5400006E8EB1480903D08FF00A9D848D88BB8D6
:10B550000923030009220200008C412A0D0201A9DF
:10B56000018CA4A943A902A9048C412B020205A9BC
:10B57000058C48A967A906A9D60C20020240C8C6B6
:10B580004D1088204C108B2004B81573C822010080
:10B590007573C8230100E2F18907EFFF14D9E07841
:10B5A0008107EFFF15D9E078E4C20846660C200257
:10B5B0000DD8084515E8C1418021460B016D08DA18
:10B5C000160BEEF4001D0311C1418021460E194DEA
:10B5D000060BEEF44C74C140760C2002A141C4C6A7
:10B5E000E4C208452E0C200209D808461BE8228D2B
:10B5F0000ED8C342800058293470CA20210200AE00
:10B60000208201820421810F87F32FCF0420820F33
:10B610000000EF1B320F6FFA016EA140320C2002C6
:10B62000C141C4C6E4C20846EA0B200209D8084555
:10B630001EE8001D4312C3428000582988160016D8
:10B64000608241820420810F00002FCF0423800FED
:10B6500087F3000005790422820F0000EF1BEA0E39
:10B660006FFA016DC140EA0B2002A141C4C6E07827
:10B67000E2C208459E0B20020C71004106E8A14081
:10B68000CE0B20020019C302C2C6E078E8C2084609
:10B6900080268B1FE08EFE168D901040760B2002C8
:10B6A0000C74004116E823DB792702114927C010EA
:10B6B00060A95248008E8D7102720477187CA2A98D
:10B6C0008022050381A9008A03A9860B200202407B
:10B6D000C8C6E078E8C2084680260B1FEF168190A6
:10B6E000084509E94C710E0A2000A140EF1E0390A5
:10B6F000C8C6028E792001014920C0002278B860B6
:10B70000802005030010CF000A0B20020C751040AA
:10B7100014E824D800180220720CAFFEE140011892
:10B720000220008E02410418C32F02180220A140FB
:10B730001E0B20020318C22380254B1F001D43103F
:10B74000C8C6E078E07EE078E4C2004180210B0AC0
:10B7500008460089C343800034291708500090E848
:10B760000211C2003813C000130A020008F00211CF
:10B77000C2003813C0000908830002A9960A2002FB
:10B780000C7208450BE8C140460CEFFD001D431745
:10B7900001ADC140BA0A2002A141C4C6E4C20846B4
:10B7A000720A20020C7208450BE8C140220CEFFD22
:10B7B000001D831701ADC140960A2002A141C4C6F5
:10B7C000E4C208460C74560BAFFA284500410DE858
:10B7D000C3408000A829418E0088A3A940B19A0BDC
:10B7E000AFFA02198302C4C6E8C210400C7368475E
:10B7F0004846220A20022845004108E80240E2A902
:10B80000C1A94E0A2002A0A9C8C6E0784043204240
:10B81000004180214B0460A9FF198280CD07EFFF12
:10B8200016D9E07840432042C107EFFF17D9E078EE
:10B83000E2C20845DE0920020C71004106E8A14081
:10B840000E0A200200198304C2C6E078E2C208454D
:10B85000C20920020C71004106E8A140F209200251
:10B860000019C304C2C6E078EEC210418A204B0F13
:10B87000322100200A23002170404847304239E835
:10B88000920920020C75084533E8422241204C7190
:10B89000387A2A464F784E701B083101802685136E
:10B8A000130B1020208E018E307039205200CA22D6
:10B8B000210325D800AD0240D20AAFFE41AD02AD52
:10B8C0002240A141041D021486092002E3AD230A8F
:10B8D00010200116CE10011D0312B20AAFFEC140A6
:10B8E00002AD2240A141C4AD66092002E3ADCEC63F
:10B8F000E4C2284608450C718CEA8A2008080865CD
:10B90000E2B80C7006F28A208805086579200000EC
:10B910008A218C0F296503E944DE10E8F60820022D
:10B920000C73004115E800194304C3408000402314
:10B930000088C2A901A90AF0DA0820020C720041AD
:10B9400007E8C1A90019430306092002A140C4C6A3
:10B95000E2C20845BE0820020C7300410DE8A14078
:10B960000019430680208907408841A9018802A95F
:10B97000DE082002A1409F1500166ED9A01D1910E7
:10B98000A5B89F1D1810DE0AEFFFA140C2C6E078DF
:10B99000E2C208457E0820020C71004106E8A14081
:10B9A000AE08200200194301C2C6E078E2C2084591
:10B9B000620820020C71004106E8A14092082002B2
:10B9C00000198301C2C6E078E2C208454608200299
:10B9D0000C72004108E8001983000C8D01A972085F
:10B9E0002002A140C2C6E078E2C208452608200233
:10B9F0000C7200410BE80019C301C34080004023D2
:10BA0000008801A94A082002A140C2C6E8C200413C
:10BA1000802148031040008907E824D94C70D60ED5
:10BA2000EFFF0240C8C60C76EA0FE00100194300A0
:10BA300000417AE800190303C3428000382B0082DA
:10BA4000048801A90082008802A90082018803A954
:10BA50000082428844A9038805A9F60FE00102404C
:10BA6000C8C6E07880204905E07F20A8EAC3A9C1C4
:10BA70000847304108458027C51E86E9E0178090B9
:10BA80001470ABF256258E1A82C14024C238A140F0
:10BA9000CA0A2002001EC31F208F1040ADE95B08B8
:10BAA00010202314803014700C7109F4048DE1B857
:10BAB0000C7005F2028D7820400003C1D81F02905F
:10BAC000231C02304189DA1F829000895320408074
:10BAD00000AE3CF4C3408000542B008036E8628006
:10BAE00034EBC3408000302B0080124D842A0E01BD
:10BAF000607B4F7843F0B10930205625C01A80256D
:10BB0000C5147920002000ADC34080003023C1411E
:10BB1000001E43100E0D2FFF021D0310C340320004
:10BB2000743C2180008041C140C080C0720B6FF521
:10BB30002C712815801000140131281D431052204B
:10BB40000000291D02105EF000894620020740A96E
:10BB5000D617809002B844200001057A40A9D71773
:10BB6000809003B844200002057A40A9D81780903D
:10BB700004B844200004457800A903C1C3408000F4
:10BB80004C254080C08933EA6C1580102FE86F1572
:10BB90008010550870002C70A9E8731501167215F5
:10BBA000001624F000885B081180C3408000542BED
:10BBB00000804F0810804380470A1080C3408000F7
:10BBC000302B0080114D84290E01607A2F783308C4
:10BBD00031802C7016F0D8178090147054F52C70AA
:10BBE00010EA52F183150017407A82C0B20A6FF54D
:10BBF000024103C0E5BE21880C73CA20A10019616F
:10BC00003078CAC73020810F0000EC0A3470E07C25
:10BC1000018800793020810F0000F00A3470E07C48
:10BC2000018800795420000A2C706105AEF460DAB6
:10BC3000501081003471E07CC34180001C2B2081B6
:10BC4000BC100207666A418122815C18C400521848
:10BC5000030250184300C3185800C218980036A0B9
:10BC6000E07F55A056208308208B3471E07CC410FF
:10BC7000010608445620C2084518580080200C05CB
:10BC8000208880248414001C431220AA288841881C
:10BC9000098828AC49ABE07F0BABE0782C704618E4
:10BCA000580045185800E07F44185800E6C2084480
:10BCB00002888C20C38F0EF2E60A6FFE008C22E809
:10BCC000001E007380001C2B3E082000238C1AF0FD
:10BCD000C3408000382BA0808C8D14ECCD70ED70AB
:10BCE000BE0A6FFECF780AE85420000A2C709E0C22
:10BCF000AEF48A2204088C8DE571E90F2493C57196
:10BD0000C6C6E078E6C24509B50108452D7832205F
:10BD10008E0F3200C13C32208F0F3200BB3C126EBE
:10BD2000F6783020810F32000C4C04E96079A14094
:10BD30009F270118FD6550158010147E3226801F44
:10BD40003200244C501D0210C6C6E078E8C20845F7
:10BD5000084654200F0A0E7080250B1460178014BB
:10BD6000510851004D081120BC1601175C16001136
:10BD7000410841001586368600A5A1406A0A6FF782
:10BD800021A52C71820FEFFFC14001854085C316AC
:10BD90000116C2160316841E00100779477B05237F
:10BDA0007E80801E801006F22C705E0FEFFFC14077
:10BDB0000671AD08D4A0C8C6F4C3A6C1D3408000A4
:10BDC0004929CB458000142A101080200C159310AF
:10BDD000ED7061C71508BE0140C7110B752113D85E
:10BDE0000908CE04011C4330D34280005025402274
:10BDF0000E2B2C70CCDAC140920BAEF45422942B53
:10BE000017108320C340310040C08A244410C3422D
:10BE100055005555C341898ED6BE2C1E00151A1EDD
:10BE20004310181E8310301EC31008A607A69EB626
:10BE30004EA62DA62B0B7020321EC210230B1021F4
:10BE4000398D53217E800DF2E0B928D8CA2021080F
:10BE5000E1B9CA202102C3418000FA2500B10010D7
:10BE60008120588DD341800018260C701509BE0121
:10BE700013198220AE0A0FF74928C0000C15931041
:10BE8000767492012D0012190220D3408000F8250B
:10BE90002520C00405F008F017F01CF00FF028D89A
:10BEA00060C710F0C3410000A60EC3401300008815
:10BEB000E1A51219C22322A500A520D8001C4330F9
:10BEC0000018042008F000180522001C833104F03B
:10BED000001C833014150510101504106E8D4D8D47
:10BEE00080C1402406349A0AAFFD82401415041024
:10BEF00064854E8D402405322C70824043C73A0B36
:10BF0000AFFD42C70C8D0F08500057083101402289
:10BF100080200C14043002C34E8D0523008178204C
:10BF2000000005F414150410648514141330101463
:10BF300014301279792200002578C0B8031C023031
:10BF40004022802082416242BE082FFF1046AA167E
:10BF50000120104561C082B9AA1E40200EF005C222
:10BF600004C14025031730445043DE0DEFFE7046F8
:10BF70001045201EC22361C080C14240E60DEFFE85
:10BF8000402296202C8D0025802502208004C01A96
:10BF900080242D097501D81A02202509F0004020BF
:10BFA00000271018800F3100B4C20C18800F310028
:10BFB00070C20018800F8000842604F01C18C02373
:10BFC00081B93D09B1003DE51F8D80C1001C0331E1
:10BFD000047661C04021002D8A0DEFFE104010450F
:10BFE0000270824162428E0E2FFFA143A270201D7B
:10BFF000C213001900241119022004F02018C023D4
:10C000002C70C1404E0A2FF9281AC4234E0B6FF929
:10C01000C140D4C7C34080001426E07F001801004F
:10C02000F81CC8B73FD810B841C02E096FF781C0BF
:10C0300008141F34E07EE078050220000388E078D1
:10C04000EEC3A2C1C34180007825408921890846FA
:10C050000521BE80E4F4D340800034290F108120F4
:10C06000CB478000712A2C161210018F0AE915089F
:10C070005100201011201C1013200F18032014F061
:10C080004F087E0080C3C3408000222A06100200B1
:10C0900002100100060B2FF500881BE80414113074
:10C0A00000141330CB4580005225624122426608BD
:10C0B0006FF5A140409521950295FC1D8410FE1D51
:10C0C0004410801D1C10581A4024541AC024CB451B
:10C0D0008000142A0C8D0B081001310851005012F9
:10C0E000012084210101C4E110F4458524850E8DD1
:10C0F000CA0A2FF580C309E801C2C3408000582551
:10C1000012086FF500C10C8D310850002D08100188
:10C11000C3408000502A008810E8BC4D5F89C343AB
:10C120008000502520190300184A7C1A0220184B61
:10C13000866AA60F6EF481AB008F14E8C3418000BD
:10C14000512A5F89C34080004D26201903004022F8
:10C150000C02666A7D1A02237E0F6EF40718D20065
:10C160002C70F2082FF9C1400C8D2A680D09D400FB
:10C17000610870004C71ADE81B10802013085E0050
:10C180003A0D4FFD22869C30490C386002A642854C
:10C1900021851B09A100C1400286386002A62C70CF
:10C1A0003E0D2FF9C1406AE809F01A0F0FF987E830
:10C1B00022850286386002A6E0F10E8F09E800169B
:10C1C00080708000A8292C70720B6FFA8EB9CEC7D0
:10C1D000E08508161010E1411CE9390A3E00C14013
:10C1E00042852E086FF9218510410F093120028602
:10C1F0002285386002A61A0E2FF502416285114F82
:10C20000522102207860F170CA21260020A5E6F1B3
:10C210005278792101002578B7081F80FE086FFA4F
:10C220000C74004155E88A20100101B1001680709D
:10C230008000A82942094FFACEC7E078E4C2CB4675
:10C2400080007725408E08455F2201051579302151
:10C25000800F3200284C04E84078408E5F22400175
:10C26000B8603220800F3200784C00AEC4C6E0784F
:10C27000E4C2CB802042AD7094168010210870017A
:10C28000951681102D08D1009816801012E85B8653
:10C290007821000379220D00047D0CF0C20A8FFD85
:10C2A00080160010C341800048265620000B00A1D4
:10C2B000A140C4C6E6C2AB8055254E18108E630857
:10C2C000D100148E2DE895158010570811031B8599
:10C2D00027E8C34080007C2A008823E83E086FFAE4
:10C2E00018D800421DE897158110961580106386B6
:10C2F0008286E186C0862CAA00AAC34080007426EC
:10C300002C7065A284A2E2A24A086FFAC1A20016AC
:10C3100080708000A829260A6FFA8A211000C6C6FC
:10C32000F1C0DA0F8FF4C340800050252C705E0EF0
:10C330006EF48A22040C2A0F0FF7D1C0E07EE07859
:10C34000EEC2C98010412C110F20C1400026821F6F
:10C350000000D60880204C0E208A60883470216B43
:10C3600020A813F43226801F0000D4088DE88A200C
:10C370000C0E08661CE82F7935092400C14043D90A
:10C3800080208C0E20A80026801F0000E10A0018E3
:10C3900003000026801F0000D808C2086FF9001AA9
:10C3A00043002C74F60E6FFFC140CEC60F8F86E897
:10C3B000C34080007D2A0088D1420EAF8022162320
:10C3C0001412802000268D1F0000B4062FE8D143F0
:10C3D00080231629B7150096C141FD1382A0802144
:10C3E000160800190300F20C6EF46241FD1380A0E0
:10C3F000EB158290771503970026901F0000CA085E
:10C40000C14180210D026C1D1C9000180420F41BFA
:10C4100082A04C70C140F60FAFFE401EC410CF1674
:10C4200001169B093000BA180220008D1AE8F01599
:10C430000090418DC14180211A0E9E0C6EF4001DAA
:10C440000310018D4195FF1581100026831F000008
:10C45000C80800B3EC1D0490401E8410F81D4290E3
:10C460000026801F0000E20A208808E9771501975E
:10C4700000180300401E44104D862C86AE0EEFF4CB
:10C480003A16801016E8C14180214E0C6C70424271
:10C49000C140FA08EFFE711D1D90B71502963426B3
:10C4A000811F0000CA08641F04105CA76C1F4410A1
:10C4B000C140960A20002241CEC60026801F0000FF
:10C4C000E10A00180300CEC6E4C208458A20160619
:10C4D000086528462C7084E84C158110760DEFF81D
:10C4E000C1403E15801016E829851C310200302518
:10C4F000811F0000E408C3402500D47E96229308E3
:10C500001072CA2085003070CA210D00D11D58104C
:10C51000A140360A2000C141C4C6E078E8C200202C
:10C520008D0F0000A40908462C708A22040E5E0CB0
:10C530006EF4A1403C16CC103226811F0000E00AA8
:10C540000026821F0000D4090026831F0000CA08AD
:10C55000C340310040C3FFE41A1D4310181D83106F
:10C56000301DC311C9A54BA56AA508A507A5311D96
:10C57000421006F4C3408000602980883F16811075
:10C58000451688100026801F0000DC0920160B11BC
:10C59000C342898ED6BE25A824A842204110FC188B
:10C5A00080802F7AC343550055553474336A60A098
:10C5B00044234311012E41700102010220DFCA21F0
:10C5C0002600FA1802834418C40327A8190B710027
:10C5D00026A83B16801011085E000026801F000070
:10C5E000220AE0B0C140D140C141802096058020A0
:10C5F000162300268F1F00003C0A80214E0C0018D5
:10C6000005006C70C1400242820FAFFE20A70E42AF
:10C6100047170197FC1F049028D842A7FE0C2FFA59
:10C6200022B70EE80026811F00006C0A047400196E
:10C63000800F31008CEBDC1900800BF0C1408020B2
:10C640008C0E0018C3072C74520C6FFFC140C141FF
:10C6500000268F1F0000500A8021CF0C4C70C14073
:10C660003E08EFFE20A7FC1F0490C1405E0EEFFFC6
:10C67000A141C8C6E6C200208D0F0000A4090846EB
:10C680002C708A22040E060B6EF4A1403C16CC10CE
:10C690003226811F0000E00A0026831F0000D40913
:10C6A0000026821F0000CA08C340310040C3FFE4D7
:10C6B0001A1D4310181D4310301DC311C9A56BA5C9
:10C6C0004AA508A507A5311D421006F4C340800005
:10C6D0006029808845168810C1400026821F00000E
:10C6E000DC09C14180204E0C80219605841A00008F
:10C6F00018A242204010001905000F791474136924
:10C700003F168F10012E007001020102CA20260080
:10C71000A01B800F31000CEFCB4355005555C34390
:10C72000898ED6BE07AA06AAC140A141001AC0023E
:10C73000FC1AC080FA1A0283E5AA920DEFFFE4AA60
:10C74000C6C6E078E8C23020900F0000E408084533
:10C75000B2082FF528468C20448B8A20040B84F7DE
:10C76000A2080FF5CB478000382B20875285002088
:10C770001020C3402500D47E2A913072CA218D003A
:10C7800002711071120EEFF8CA2045008A211606B8
:10C790002965104034702C7003F44C158110B60AD2
:10C7A000EFF8C140D11502163025801F0000E008C7
:10C7B00002A60FEA00872B90C140560A2FF902719A
:10C7C00094E8D11502160286586002A6F4F14A8553
:10C7D00000872B90C140EE082FF9027186E84A8548
:10C7E0000286586002A6F6F1C8C6E078E6C20020CC
:10C7F0008D0F0000A40908462C708A22040E8E09B1
:10C800006EF4A1403C16CC103226811F0000E00AD5
:10C810000026831F0000D4090026821F0000C808DC
:10C82000C340310040C3FFE41A1D4310181D83109C
:10C83000301DC311C9A56BA54AA508A507A5311DC3
:10C84000421006F4C3408000602980883F168010A3
:10C85000451681100026821F0000DC09F09605AA0B
:10C8600004AA09690F79C343898ED6BE147413696B
:10C87000FC1AC08044278311012E007001020102BE
:10C88000CB4355005555CA202600001AC002FA1A9B
:10C890000283441A050207AA1B0BB10006AA3B1625
:10C8A000801013081E000026801F0000220A0018B6
:10C8B0000502C140C1418020960500268F1F00005F
:10C8C0003C0A80214E0C001805004C706C70C14071
:10C8D000BA0CAFFE20A7FC1F0490420A2FFA12D810
:10C8E00011E80026811F0000700A04740019800FEF
:10C8F00031006CEDFC19808F3100F0ECD81900800C
:10C900000AF0C14080208C0E0018C3072C748E09D9
:10C910006FFFC1400026801F0000740A6C10830066
:10C92000C141C1428021CF0C0018800F3100B4EF0B
:10C9300080229A0ADC184080EC1840806118C2807E
:10C94000C140A141860BEFFF001A0500C6C6E07882
:10C950008020C90B0088E07F7820C0008020C90EAD
:10C96000008862B80F78E07F7C20C00000418A20F8
:10C97000C90E086191E00C70E07D8021C90B20890F
:10C980003472E07DE07F0C718A21C90E296095E147
:10C990002C7009F48020490C008804770708950062
:10C9A0002C71E07F2040E0788020C90E0088E07F75
:10C9B00078200007F1C00844B608E0000980160B93
:10C9C00020008140D1C0E07EE6C2A980A946018D49
:10C9D0002308F1008026881D3F16801005E84016C8
:10C9E0008010B4E807F03616801030E85A150016AB
:10C9F0002CE8C3408000542B00800DE846800BEAF1
:10CA0000C3408000302B0080114D84290E01607AD4
:10CA10002F785E08E000A1401A0D2FFF009608470E
:10CA200014E8001602708000482516EA6D15801083
:10CA300012E86F1580101B0870002C708CE87515BB
:10CA400001167415001607F0260ECFF4C6C683151E
:10CA50000017407A009604761079DA0BEFF4E14083
:10CA6000C6C6E078F4C2D34180002C2B00110E2002
:10CA7000084555204F0A10E02C70B8DA0E0F2EF43E
:10CA8000104639168010B142542515188E710E715A
:10CA90008022882F07E8361680107820C0004020BA
:10CAA00090002C161311CA1D04152886078635160A
:10CAB00083103DA71CA7031AC2A02E16831032961E
:10CAC0002F168010A14280224500CE1AC2809A0DF6
:10CAD0002FFD851D5C1012B714965396C3410000BC
:10CAE00030755F208002521F5810601F8410BF1DD8
:10CAF0001C10DE0C2FFDA14052962A16811000203A
:10CB0000D0245F2282012F20082402713A626686B7
:10CB1000412A810053227E8059614D1F1810C02187
:10CB200062005625001C3D1AC32FFA0A2FFAA01FD7
:10CB3000C0104E0B2FFDA140C3418000382B6081F7
:10CB40004686058600110C2052A528138200412834
:10CB5000010411A52778401D4311A11D1C10421D81
:10CB60008210361480104D1D02104C1D02106208F8
:10CB70002FFEA1405625801A0018C30FA140424144
:10CB80004E0B2FFD6E1D0215A141121A04208021AB
:10CB9000880D3E0B2FFDA1402A168E109F20932852
:10CBA00032979F269318101A0420D60C2FFD0026CA
:10CBB0000014264185150C170016027080003C2BCE
:10CBC000001603708000402B2C819F24931814269C
:10CBD000111002714021532080218C291049A81D79
:10CBE000801F3100C8C9AC1D801F310088CCB01D2A
:10CBF000801F3100B4D8B41D801F310088D62C1D91
:10CC0000801F3100D0CC301D801F3100B4C92A1DD7
:10CC100002153C1D4015281D0415CAA7001FC0148D
:10CC20001C1D4014ADA545A766A789A52C1F401063
:10CC300006A5031280A02C70F02602708000182335
:10CC4000607AA140411D0210C34131009C75920AD7
:10CC5000EFF8C24099E88315001785150E17329733
:10CC600004710A7E831D1C109C369318120C2FFD34
:10CC7000C1406B870020410414230220104E27A5D9
:10CC800040A77860D6F1D4C6E07EE078E4C20845DB
:10CC90000288CB4680002C2B8C20C38F06F2A1404B
:10CCA0007E0F2000A0A6C4C64A21000020B5C340C4
:10CCB0008000382B0080221082003078EB08A5809D
:10CCC000A1405E0F2000A0A600952168F0F1E07859
:10CCD000FAC2FC1CC8B6A98008472C171910B1422B
:10CCE000D9158010B14180220D2D9108300080218E
:10CCF00008288E0D4FF70041028785150E17120B7D
:10CD0000EFF4304038E802870241060BEFF49F262B
:10CD10009318650E25100241F60AEFF40287320BD4
:10CD2000AFF6C14183150117211182A00279831D3D
:10CD30005C10A2EAA1438023C403208B1C30420074
:10CD4000FF138080A141802184031072C2208E00D5
:10CD5000D1F7027A0B0AB5094E2240090BF01E32B8
:10CD6000800F000068DD35B89E20FF0658604E2019
:10CD7000400900A9D91D03108E1281A08411C23070
:10CD8000A14055258E1C802004034109710040A854
:10CD90008A214403296504E97FDA40A88D1280A026
:10CDA0001D08500092E891160016961283A0514873
:10CDB000016B911E5810961A02A008F0001601701F
:10CDC000800054246079A140DB1580100DE88315A4
:10CDD000011746860C7003A601A6711902A001690D
:10CDE00042A6CA1D04105625901C00108120148EE6
:10CDF00009E931E8BF1501172A082FFA5625001C4A
:10CE000029F085E8DA15801025E80C8D0908910FC6
:10CE10000C1D0312BF1501170A082FFA5625001C16
:10CE2000C34080004829008027081F028E1281A07D
:10CE30001F0951008D1281A08BE91708FE038A207B
:10CE40000C08760AAFF685150117901A02A0001893
:10CE5000432098160216D3468000302B07EAC640BE
:10CE6000114D84290E01607A2F78018D2908D10097
:10CE7000011280A007E8021280A01470CE04020004
:10CE80000AF04C118020147004F2A01600101470E7
:10CE9000BA040100C3408000542B008009E8478099
:10CEA00007EAC640114D84290E01607A2F780512D9
:10CEB00080A00BE8041280A087E840D9A140A60D0D
:10CEC0002FFF041A43A04011802013E84111802055
:10CED0004019032006E8001601708000382506F08E
:10CEE0000016017080003C2503E96079A14007121B
:10CEF00080A023087104A1405A0ACFFF0BE8361224
:10CF000001A1831500170F0861002C71D209600080
:10CF1000A140151180208F0810000A868708100094
:10CF20002786EE08EFF4028728867B0905002A860B
:10CF3000DE08EFF40287298667084500028707A606
:10CF4000DA0BEFF92AD810432BE8C3400000016B3D
:10CF5000021B0420C640D340800034294023152101
:10CF6000104D84280E018E702F200700001B042016
:10CF70003010002034100120B20BEFF28242E0B8F2
:10CF80000C708671CA20E100E90C74A9011D122001
:10CF9000001680708000A829DE0BEFF96241281E80
:10CFA0000110CA15011100161070800000238315AE
:10CFB00000173708302002205400C3418000AC26FF
:10CFC000C3408000B026209100904C7138601079E9
:10CFD00023200004A140D61202A13E9610432A7AD3
:10CFE0000020900004F03E966E703040D9158010FD
:10CFF00014707003210086712F26C8F413F22111DA
:10D0000081A083150017F0264270800018236270FB
:10D01000831D1C10422340201079607AA140002417
:10D02000D424B1470A2040338A2393388027882D9F
:10D030008020883F8671851502171E3313358315AE
:10D04000031703861E3382202096647158603208CD
:10D050002FFD831DDC1085151517AA0FAFF41040A6
:10D060008C20828596D884F79A0F8FF41E33422540
:10D070005D7910490C2000A0D20226000222010492
:10D080000286071283A0386002A7018645A70270B6
:10D090008020840D03A721867923400414210104F4
:10D0A0006419403018AF071280A0330850005308AD
:10D0B00090036108700591E0B9F4831500173612EA
:10D0C00002A1216809098100711983A05070AFF491
:10D0D0002C700E086000A140A9F0581201A1831520
:10D0E00000173070A3F4B1150016B2150116451DD6
:10D0F0001810A1408A0DEFFC461D581007F062126F
:10D1000001A183150017307091F4001A43A08FF02D
:10D11000601201A183150017307089F44C1580103E
:10D120004D158C105F1283A02A6862BC2F78C34211
:10D130000800020434738F7903B803B9012A000090
:10D14000012A5000CA2066009573990B3000CA204E
:10D1500066200F788D0B20000A6B6C718D7019089A
:10D16000F5012C710D793221810F3200C73CC6B810
:10D1700078208C004C1D421005EC4E158010792053
:10D1800043007049B860802005039F150216001007
:10D19000C00095BAFEE09F1D9810421D021022F4B7
:10D1A000C3428000382B6082B8618020C5022813FA
:10D1B000C300421DC21060A806EC00822810800047
:10D1C0002F1902A00411802019089E0000160C706F
:10D1D0008000442506EC4C708C7123200003A14094
:10D1E0005E1280A015E82F2107042708600062B8AE
:10D1F0001108F5012C710D783220810F3200C73CE7
:10D200009F1500164D1D421095B89F1D1810A14086
:10D210000341BE0CEFFC001A43A06E1A1CA0A140F3
:10D22000AE0CEFFCE2416D1A1CA08E1280A05308D8
:10D2300051008D1280A0A5E8C340800034291588D4
:10D240003F08DE01901280A004772F2607F0901A85
:10D2500002A017F4C608EFF908D8004111E8C3404E
:10D260000000016901B1C640124D842A0E0100166A
:10D2700080708000A8294F7AFE08EFF940B1211193
:10D2800080A02C70F026027080001823607AA140E4
:10D29000711181A04309B0000119023085150C17E6
:10D2A000BF1503178A2084019F2493189F230F0A18
:10D2B000CA1582100965052B0003427924712F7964
:10D2C00041690F780B0A0100711943A005F00B09A1
:10D2D0000400711983A0C34131009C75020CAFF8A2
:10D2E000E14014705005C1FF781280A0C9081000F9
:10D2F0007E1201A183150017BD0844004C11802047
:10D30000B50811004D158010A908F5000C740E0821
:10D31000CFF9004111E8C3400000016D01B1C640E2
:10D32000124D842A0E01001680708000A8294F7AC1
:10D330004608EFF940B17A1200A179081000831570
:10D34000011738607E1A04A036F04CD916092FFF59
:10D35000A140EE0AEFF95625001C04141B34DAC66E
:10D360000B8DE4B859F2347057F20012802014701B
:10D3700053F4108E147051F2148E14704DF2020991
:10D38000EFF95625401B147047F2018D147345F2D6
:10D39000071280A08C20C38F0A2300243DF2350899
:10D3A0005104B20DAFFFA14012E8361202A125F0E0
:10D3B000781A03A080258D1E008D51E87C11033062
:10D3C0004DEB2C704C70607BE140C9F1071280A0DE
:10D3D00019087005147105F4521180201471460467
:10D3E000C2FF581202A109F0061280A01470360480
:10D3F000C1FF601202A1831501172F200804616884
:10D40000304A107970710A23002407F71472160449
:10D41000EBFF42209300E503CFFFE0784090C3414B
:10D420008000302B20819F220E010043586120880C
:10D430003470E07CC34180002C2B60A109002000E7
:10D44000238BE078EAC2A6C108450188890830002C
:10D4500030402B0850005F08F0008C2041A414726B
:10D46000020222004220402F8BE0F0000D00112626
:10D4700000F00000010CF7F470F042204025B708DE
:10D48000D5032520000010F068F068F066F066F023
:10D4900064F0B5F0BAF062F060F0BFF0C4F0CBF029
:10D4A000D0F0D7F0A11502169F15011691BA91B9C7
:10D4B000D5F0D9F49F150016A01D1910A0B89F1D16
:10D4C0001810820FE000A140A1408020090B001835
:10D4D0000300C9F04C20C0A2C5F4B141A1408A0D9F
:10D4E000AFFF80218D2DA60EE000A14001857708B9
:10D4F0005F0211083E0066D95E0FAFFDA1400185B5
:10D500000F083E0267D9520FAFFDA1400185950873
:10D51000BE01CD72621100A711081507631100A7A3
:10D520008C2045827C00050068D92E0FAFFDA140FC
:10D5300038F0024080207E0E14722A0125004C2013
:10D5400040AF91F28C2001A008F470D9A140160FD1
:10D55000EFFE011D831087F0A140D608A000024114
:10D5600081F011081E00A115011683B9A11D5810E4
:10D570000F081E02A115011682B9A11D5810250819
:10D58000BE01CD71621100A70F081507631100A736
:10D590008C20458286F7A115001684B8A11D1810AD
:10D5A000001602708000302BC34080002C2B20809E
:10D5B000524D842A0E01C1AD8A204500021103217B
:10D5C0000E6534118B00148100118F204411060068
:10D5D000401105003C11040048110700938145C328
:10D5E00041C04F7844692C71614344C743C640C46D
:10D5F0007E0FEFFD081C013035F0A11502169F15B6
:10D60000011682BA82B92BF0A11502169F150116D8
:10D6100083BA83B923F0A11502169F15011684BAA7
:10D6200084B91DF0A11502169F15011695BA95B97A
:10D6300015F0A11502169F15011685BA85B90FF0D0
:10D64000A11502169F15011686BA86B907F0A11515
:10D6500002169F15011687BA87B9A11D98109F1D44
:10D660005810A1403E0A2FFD0241A6C0CAC6E0786C
:10D67000F1C0C20C0FF41609CFF8C60ECFFC9A0900
:10D680008FF6D1C0E07EE078F2C2A98050403042EF
:10D69000A9468026091424168310A1408020440343
:10D6A00040A81AEB2B16801025087100241E0310C9
:10D6B0000016027080004C160AEAC3408000302B2E
:10D6C0000080114D84290E01607A2F786ED9960D55
:10D6D000EFFEA1408308B02055250F1C018D1F08C7
:10D6E000D1002516801006E826168010AAE807F05B
:10D6F0001C8E28E8A817001024E85B0850204D086D
:10D70000D020DB1580108DE80F08102013081121A0
:10D7100001850F08DF040087DB1D431008A756258D
:10D72000C01A420B600142413222112016740C7162
:10D730006C70B0F22F081120DA1DC2101CAF13F06C
:10D740000908D0200F081121B01700160471B01F6E
:10D7500018101E098FF4F60FAFFE42402E706C7148
:10D760000C702C702B08912193EB93E90A16829090
:10D770000116809047781D083F00A140E60CEFFE9F
:10D7800048D9EE088FF4C60FAFFE4240D2C600E87B
:10D79000AE708E70A6E90D16809008E8C340800038
:10D7A000B0262090247120B0281680105625D31A58
:10D7B0008AE8001380201108D000058D09085E005A
:10D7C000291E4310DE0CAFFEA1401044960DAFFEA3
:10D7D000A140388F84E904E8181F43106B0810201B
:10D7E0004C71A1408A0A2FFF02418308300010418A
:10D7F000281680101BE8DE0F4FF4BBE8110810213B
:10D800000B16809084E80316809033E84C15801046
:10D81000E087EA0C6FF822414096E1411A62F60F68
:10D820002FFDA1405220150023F02916801065E835
:10D83000058DC7087E805625801A0088BB08D180D8
:10D84000291E0310D9F1001380209908D180950971
:10D8500091A11C8E8D0851802B1680108508F184B3
:10D86000A140EA0B8FFD7D08108006088FF43E0D65
:10D87000AFFEA1405625C01A00880B08D100261E15
:10D880000310A14042418242CA0EAFFEA243D2C65B
:10D89000DA15811024712F7A170AB400DA1D4210AC
:10D8A000CE0F4FF4A60EAFFE42400C706C712C717F
:10D8B0005AF1E07802E9E07E09808A214505296075
:10D8C0008020890D001843003470E07CC340800044
:10D8D000AC2620902471E07F20B0E078F0C20845AB
:10D8E00083100007CA150C118515101740204B0036
:10D8F000022300131F200020A94755254E1A802718
:10D90000091D9C3093085B976B861B63090A2003F3
:10D910006BA60CA61A97789759975F208902BF15B6
:10D92000141760161311CA1DC412851DDC10601E69
:10D930008410BF1D5C12A5E92E1711112C1792102F
:10D9400032969F2193289F229328360FAFFC002206
:10D9500040242B8646851C150B1000160810BF1599
:10D9600009170221032014220C2022717A626170AF
:10D970000174281E80142BA646A507A580A6412861
:10D98000802053207EA00270C02062002F21480218
:10D990001961920CAFF95625001C85150017170860
:10D9A0000120601600110F0B0120BF150017110C8C
:10D9B00000207616001691B8761E1810341E03103B
:10D9C000001F4310D0C6E078E8C208450088304008
:10D9D0001EE8428DC34080003823DE0FEFFC024179
:10D9E000084610E8428DC34080003823020D2FFD09
:10D9F000024108E8110E90170D08B0070DD905F087
:10DA00000CD903F00ED9420AEFFFA140C8C6E07856
:10DA1000E4C208458025491B408D28465F22030744
:10DA2000357B3023810F3200BC4F04E94079408DB3
:10DA30005F22C001D8603220800F3200805000ADDC
:10DA4000C4C6E078E8C208468026491B0845261669
:10DA5000809019E8422140030F08B500A140BA099F
:10DA60008FFD0E7116F01F091103C3408000402383
:10DA7000008891E00C010D00112600F002004C2CF2
:10DA800080F200168070800058290D083F000E704B
:10DA90000240C8C63B09B00FED763D097006ED7433
:10DAA0003509B006ED75ED091183C34080004023B0
:10DAB000008863B8DD0875820F7A8A214602D5098D
:10DAC000AE800D7832208F0F3200CE3C04F00E8EE7
:10DAD000C108D184FF168090270870000E71DAE823
:10DAE000A140320FEFFFE141008E82B8A5083081DE
:10DAF0008025C91EFF1E4390001DC314CAF14F2785
:10DB000040104108B100A140660E4FFF91E8520E4F
:10DB10006FFFA1408DE8001601708000A82609E97A
:10DB20006079A14085E8860E6FFFA1400AE82E8E3D
:10DB3000A11500160E1EC3140F204000A11D1810C1
:10DB40000E8E3508F104A140CA0EEFFFE141008EB0
:10DB500082B8410811810D8D261681900E1EC31FBB
:10DB6000A1B8FF1E03902D0931800DADB60EA000A7
:10DB7000A14090F1A115001693B8A11D18108AF1CB
:10DB80009608AFFDA1400E7084F1E0782980C37142
:10DB90000000E30A2503200000194300EAC2002028
:10DBA0008D0F0000D808304008462C7094DADE0D46
:10DBB000AEF3A1403C16C1100026801F00000809EA
:10DBC000CB4780003429FFE11A1D4310181DC310F4
:10DBD000301DC310C9A5201D801F31008CDB1C1D0A
:10DBE000801F3100B8DE0BA503F42C17C1104416BA
:10DBF0008610CB438000802A3D1682100013CB1084
:10DC00000026801F00001009C3435500555560A031
:10DC100042264300909645A844A80921C2026F7984
:10DC200003B97474012E417001020102CB41898E47
:10DC3000D6BE4A20001ACA212600FC184082441889
:10DC40000402FA18828027A8330CBF1026A80026E9
:10DC5000811F00005609170C7E1020D83B16821039
:10DC60000B0A1E0028D8001905021F0C1E103B16B7
:10DC70008210170A5E0000B107F00026801F000026
:10DC8000580900180101158F3816831000268F1FC0
:10DC9000000087090026821F00007809C341310077
:10DCA00060F020A20B08BF0160AF0C7005F0760C8D
:10DCB0000FF69096C1B80026811F000086091D0C42
:10DCC0003F1100A94B0CFF11C14180210D024C7086
:10DCD0003A0FEFFDC1402BF04424401725085107AF
:10DCE000C3408000442B0080C3420000A60E241EC7
:10DCF0000110001903004AA601809C300F0A0BA6F0
:10DD0000C14180210D0226086FFEC1400FF00016B0
:10DD10000C708000502410ECC141C14280210D02E2
:10DD200080221E0D6C70607CC1400026811F0000A7
:10DD3000840900A93096C1400026821F00006C09AA
:10DD400080200D0265093E0100A253217E802EF243
:10DD5000CA0D6FF928D84C200080080121001FD976
:10DD6000201682100026811F00008009047400190B
:10DD7000800F310030EEFC19808F3100D4ED2D0A78
:10DD80007E00F0190080C94780278E12C1407A08B2
:10DD90006FFEE1410026811F0000850900A90026D1
:10DDA000801F00007409E0A0060BAFFEC140CF1633
:10DDB00003160AEB3226821F0000E00A2C707E094F
:10DDC0002FFEC1402C708E0C2FF8A140C340800064
:10DDD000442B0080018017E800268F1F0000E00818
:10DDE0009E0CCFF61E0A6FF410419C300F2A227051
:10DDF00000A72C70A140CE0A6FF8024286E812D923
:10DE000030F05A0D6FF8A140CF16001629E8109691
:10DE1000C1B85108F00012D9110850002308B10010
:10DE2000C140CE094FFF10F0C3408000382B008066
:10DE30002210800016E8EA0E2FFFC14004F03A08D5
:10DE40006FFFC1403026811F0000E0080026801FC0
:10DE50000000E10A001843000A0AA000A1402C704B
:10DE60002040CAC6E8C20845C3408000442BA0A099
:10DE7000028D8C20C38F0AF226096FFD008D05E804
:10DE8000D60A2000238DC8C6CB478000382B2087B8
:10DE9000CD700E700C89F30805A0C3408000202BC4
:10DEA0000080D860408806EAAE0A2000238D2087D3
:10DEB000962645180671F0F1EEC3A2C1A980104262
:10DEC0002C1201200025901F0000E10A0010802084
:10DED00039E80F89D3438000742A84E8091380202D
:10DEE0000EA9109500258E1F0000A00593083F0184
:10DEF0002C120F20208E30411BE9F0160090418E2D
:10DF0000A14180211609D209AEF3001E0310218E13
:10DF10004196FF168C1010950025831F0000CA083B
:10DF200020B3EC1E4490401D8410F81E02939F08FD
:10DF3000FF01A14180210D024C70D20CEFFDA140E8
:10DF400053F03225801F0000E30A88E8A1408020BA
:10DF50004C0E4088447140A80025821F0000D6085E
:10DF6000008A88E83225801F0000D4081470E2F28D
:10DF70002C74A140260BAFFE001A4300CEC7238DA0
:10DF8000C3408000722ACF0930000088C7085100C2
:10DF9000038508151110031D031005A51040101D61
:10DFA0004014B14380238D226240224166096FF400
:10DFB0000242A14080200E034C761E09AEF362415E
:10DFC000581F0014541F40145CF000160C708000A1
:10DFD00050240DECA141A14280210D0280221E0D92
:10DFE0006C70607CA1407C1F02101D091020001085
:10DFF00080208AE8CF15001606E87E0E2FFFA1408C
:10E0000000184320A1418021850E008912E88A2052
:10E01000450C08650EE8CF1500160CE800108020AE
:10E0200088E8A140520E2FFF00190300001843207A
:10E030000025811F0000E20A0089E9081000001095
:10E040008020E1081100019600190300401D041012
:10E0500068F031087E0080C34D852C853E0B2FF47F
:10E060003A1580100EE80414103000141130141DFD
:10E070000014101D4014041B0024001B402493F1C5
:10E080002015801035089E00148784200101C4E00B
:10E0900014F44D852C853A158010220B2FF480C383
:10E0A0000CE801C200C1A1406A086FF480200D0491
:10E0B00001C100C027A506A5008E1BE8001E0310A5
:10E0C0005987008AC3B82B08F50145D923092E00CA
:10E0D000A141018E8021960808E07C1F0210018E6C
:10E0E000047601AA1987418EEE0F6EF308E0A14075
:10E0F00080201A0D208816E98A215A0D2A650018F9
:10E100000300184A7D1F021028655B87047601AA68
:10E110001B872A6580259A1D08E0BE0F6EF3A1417A
:10E120002C7032092FF842405E0820004240CEC7D2
:10E130008A200C0E086514709A05E1FF8A234C0EA4
:10E140006B6510738E05E5FFA14043D980208C0ECE
:10E1500020A810F1E4C24288084528465F22000644
:10E1600035783020810F3200204E05E96079A140DA
:10E17000428D5F228001D8603220800F3200804EB5
:10E1800002ADC4C6E8C2A9800846109544204007E5
:10E190004F085107EB851BEF0816101028150210C9
:10E1A00029856E086FF8C1409708310022860A85DC
:10E1B000386002415A0E2FF402A64A85114F58606A
:10E1C000F170CA2126002BA5ECE9A1413CD88021A1
:10E1D0008C0E00A92C74C608AFFEA140C8C632251B
:10E1E000801F0000E10A238606E83025801F00001A
:10E1F000B0091961E9850025801F0000E30A3B7A18
:10E200002088F172CA278D1007E9001803004E0913
:10E210006FF8C140C8C60016807080004F291508ED
:10E220005E009A0C4FFC22869C30490C386002A696
:10E230006F224300E1418E0E2FF8C140C8C6204036
:10E24000CE0D2FF402414A85114F5860F170CA215A
:10E2500026002BA5C8C6E078F1C0A208CFF3B2080B
:10E26000CFF3160C8FF5D1C0E07EE0782C70C3435D
:10E270008000AC26C3428000B026E0184000DC18C5
:10E280004200DA18440020B3E07F20B2EAC2084618
:10E2900008450E701B09B3078026C91E3F093003CD
:10E2A000ED708F09500561097107ED7241F0830926
:10E2B000B007ED73EEE124F2F0E126F4A1150016AB
:10E2C000A21501165220400405207E801CF407DFB1
:10E2D000A21D1814A11D18142BF0C341800038236F
:10E2E000088929087203ED743B087003ED753B083B
:10E2F0007004ED751108F103ED711BF0008EED76E1
:10E300002F0850042E70AFF013E8FD08D1810C895E
:10E31000F508F183ED7588150016A1B8881D181051
:10E3200007F0008EEEF10C896FB8DD089580F116CC
:10E3300080904B0870002E71147095F4F416809044
:10E340003568F5793021810F32001C4F05E960797D
:10E35000A140F4168090167F3227801F32009C4F18
:10E360001470F41E02907FF28025C91EF11E4294A3
:10E37000001D4314F91D029475F00B0F5010330F5C
:10E380001111008E2A681309D4002B08700511D9C9
:10E390002F08F1010041A115021611D9001E4314E6
:10E3A000FC1E42940F220000A11D181009F0208EBF
:10E3B00007F0A1150016001E431495B8F6F14F0999
:10E3C0005104F41680903568F5793021810F3200C0
:10E3D0001C4F06E96079A140F4168090167F322721
:10E3E000801F32009C4F7F083100F41E02903E0EC9
:10E3F0006000A1400D8DF11E0294001EC31FA0B845
:10E400000DAD220E6000A1402DF00CEF270F701013
:10E410002AD92D0F50114F0F31112AD94C700CF001
:10E42000BA0F6000A140A115001691B8A11D1810E7
:10E4300019F04C71BE0CAFFEA14015F0A1150016ED
:10E44000F4168190A21D1814B1B8A11D181004E98A
:10E45000F41E0294C340800045232088C608AFFD07
:10E46000A1402240CAC6E078ECC208452E70104098
:10E470003509B20F8025C91E3B09B00FCD76EEE1FC
:10E480001BF2F0E11EF4A1100026A210012652207A
:10E49000400505207E8016F4CD75A2185824A118D9
:10E4A000582420F0210930030C7055093008CD7034
:10E4B00008F0008D03F0008DCD7495E00C7020F213
:10E4C0004E70B4F0C3418000382308891908520403
:10E4D000230850042708B005CD72E9083186CD71B4
:10E4E0000C700EF00F08D001D9087183CD73008D28
:10E4F000E5F10C89CD7396E0E2F10C71F115819094
:10E50000570970004E71347090F4F61580905F20BA
:10E510000107D5793021810F3200B45005E96079C7
:10E520000240F61580905F20C001D8603220800F35
:10E5300032005C5178204101F61D0290ED08300058
:10E54000FF1D42908020C92EF11D829400184325A2
:10E55000F91842A46AF0208D13E80A690D08D40066
:10E56000230950056D09D101A1100026001D431596
:10E57000FC1D82940F204000A118182003F05509BB
:10E580005105F61580905F200107D5793021810F64
:10E590003200B45005E960790240F61580905F20A2
:10E5A000C001D8603220800F32005C5178204101D8
:10E5B000F61D0290FF1D4290B8E8720C6000024008
:10E5C0000240001DC31F5E0C6000F11D42942EF03E
:10E5D0000BEE330ED010550EB1102AD94C71160B1C
:10E5E000AFFE024022F0220E600002409F10022681
:10E5F000A110012695BA95B99F189820A118582006
:10E6000014F0A1100026F6158190A2185824B5B870
:10E61000A118182003E9F61D4294C3408000452349
:10E6200020884A09AFFD02404240CCC6E6C22846D7
:10E630001709310708458A208803086505E8C609D7
:10E64000AFFDA140C6C6CB478000BC26408706EA86
:10E65000A140607AC141F8E8418706EAA140607AAA
:10E66000C141F2E8428706EAA140607AC141ECE884
:10E67000438706EAA140607AC141E6E8448706EA9A
:10E68000A140607AC141E0E8458706EAA140607A8E
:10E69000C141DAE8468706EAA140607AC141D4E880
:10E6A000478706EAA140607AC141CEE8488706EA7A
:10E6B000A140607AC141C8E8498707EAA140607A71
:10E6C000C141850811804A8706EAA140607AC141AC
:10E6D000750811804B8707EAA140607AC14169083B
:10E6E0001180A1401A0C6FFDC141C6C6690200002D
:10E6F000F2C3A1C10845B1418021052F08462C7005
:10E7000094DA2240860A6EF38026861BB142B1401D
:10E71000A9478022062B8020112EE81E4390E61E7A
:10E720004390671D981F3100ECE6661D981F31006D
:10E7300054E9681D581380270A1E6A1D9814DE0CC0
:10E740006FFC691D18143C15C110418F00AFFFE12B
:10E75000FE1E0392FF1E829005F4C34080006029D4
:10E7600020885D15001620AEA60C6FFC6C1D1810DD
:10E7700045158C106D1D1810A140A1418020500D31
:10E78000802192008E1D1810851D1810096C00192B
:10E7900005000F79147413693F158310012E007062
:10E7A00001020102CA2026005625C21D0DAE0CAE84
:10E7B0002C702240A01A802F3100ACF06BAE960A6C
:10E7C000EFF760AACB478000382B00873285B2155F
:10E7D0001416B1151316141012018A200C090865BD
:10E7E0005271CA224D200AE8C3408000FC22C0803A
:10E7F00004EE407E104503F0AE70001004213F157A
:10E8000080102F2688142C70AC71CC72EC70A24250
:10E810000E0DEFF7C14320872E9121092500AC7121
:10E82000001004213F1580102C70CC72EC70A242B5
:10E83000EE0CEFF7C1430041621504169071CA2433
:10E840004D000F0C6520621D181145DE58F0CB47B6
:10E850008000202B0087D3420000080B7271104DFE
:10E8600004288004CA234D20402405302C71C3465F
:10E870003100588B04740F786242420C2FF88243A7
:10E880007D08300043DE3025901F0000AC0900C237
:10E89000AF1D981013083120641D9810E2098FF6FF
:10E8A000AF150216104000876C708C70104D042854
:10E8B0008004CD7004740F7940405A0C2FF8024246
:10E8C0002985090841003D780270ED710A22007027
:10E8D0000A2000202C702240060EEFF7611D981EC2
:10E8E0008EE8BC150017AF1501160A2200740471DA
:10E8F0001F31FE03BC1D1C10E571EEF1C140D2C7F3
:10E90000E8C2001E00708000482B084502888C2059
:10E91000C38F0AF28A0EEFFC008D05E8EE08200096
:10E92000238DC8C6CB478000382B2087CD700E7052
:10E930000C89F30805A0C3408000202B0080D8601C
:10E94000408806EAC6082000238D208796264518B1
:10E950000671F0F1E8C2A98008468A208A0E08658F
:10E9600006E82C735E0E6FFEA1404EF02B86B14080
:10E97000CB4780007D2A802012240F8982E8008FF7
:10E980000EA9FC1080A013E8EC1000A0FD1082A0DE
:10E990000241460F2EF3FC1803A0FD1081A0FE10CB
:10E9A00000A1E81844A019181CA0018F0BE8081654
:10E9B0000410AF150316BC150117018D0E082FF6B4
:10E9C0004C70AF150016A947B14080274A1E802021
:10E9D0000B2405A6AF1500162286BC150217196177
:10E9E000016ABC1D1C10A140660BAFFE22A6BC151F
:10E9F0000117A6082FFE024000AF2C70E20CEFF7C3
:10EA0000C1406AE8C8C6E078E4C256208D0B408D4C
:10EA10002846346AD5793021810F3200CC4E04E982
:10EA20004079408D557E3226801F32000C4F00AD5C
:10EA3000C4C6E078EAC230401041ED70CD70AD70D0
:10EA4000C3408000382B0080B0790C883F09050056
:10EA5000C3408000481620806079CF7813E8BE0854
:10EA60002FF90CD8004112E802198503C340800039
:10EA7000A82900880419400408190004FA082FF98D
:10EA8000A0B1C571A571DEF10CDFE140CAC6E07826
:10EA9000E8C2A6C18E092FFC0845104022E83415B3
:10EAA00083105415821056150B11D0858F850240A6
:10EAB00002418020080380218D0DCB4780002C2B44
:10EAC00060A840A9B618DC020BD902400218432006
:10EAD000A0A78218982372096FFF811818231FF0CE
:10EAE000548554158110561500114815071044150A
:10EAF0000610401505103C1504103415831093853D
:10EB000045C044C141C2446D0C702C710C1C0130D5
:10EB100040C45E0A6FFD081C4132541580108C20E1
:10EB2000C38F1DF4561500113308810F0000FFFF3D
:10EB3000820DEFF30C713715801011E8C34080008F
:10EB4000302B0080381583100220012084290E010B
:10EB5000008D2F7ADA0DEFF52C70A6C0C8C6E078CC
:10EB6000E2C20845008812E8C340800038234A0EFC
:10EB70006FFC428D0F08B0070ED984E80CD903F062
:10EB80000DD9C6086FFFA140C2C6E078ECC3B2C180
:10EB9000A980CB468000E4221040C140460BA00073
:10EBA000304100210120360DA00087C0048EED7099
:10EBB000A2E09EF4008E14759AF400160070800096
:10EBC000C423147094F2E608E00087C0147090F239
:10EBD0000AC309C2208E01962C100B2008C707C457
:10EBE0000025901F00008C0A43C342C264C1121C5E
:10EBF00004305423811980C04C700243111CC3306F
:10EC000041C7460F6FF340C4E5083000ED70322570
:10EC1000801F0000A00AD9083000A1400E42064122
:10EC2000F20CEFF380204F0F0025801F0000E70A51
:10EC3000B7108180C38E20A87A0DEFF34021002207
:10EC4000084739158010B142B14120430025901F7B
:10EC50000000E40ACB448000142A8022CF2D8021BA
:10EC6000CF2C46C111087F0045C7641C0110601CF1
:10EC7000011018F00423800F000000C05220BE8352
:10EC800010F40025801F0000980A4080FC100180CD
:10EC9000078879A485C38609EFF3F8A406C305C7DE
:10ECA0004240E1416E0CEFF3604200258F1F0000EF
:10ECB000E60A22400241AE08AFFDC0AF00258E1F1C
:10ECC0000000D4088A204400962545149F1781909F
:10ECD00000B6591580906D16101624DAED71E60F06
:10ECE000AFF7F81E43900270FC1E0090E140CCC7C5
:10ECF000EAC3A5C12C101000CB458000E4221041CE
:10ED0000A140E209A0002846008D14730C702DF478
:10ED1000248D57093103226ECB468000EC22EA0E87
:10ED2000A000C1406286408D21952C110020041660
:10ED30000B10E086838642C364C2121C4430552007
:10ED4000832B5420810980C04C70111CC330041CDB
:10ED5000C03240C7F20D6FF343C408E8CC108020E6
:10ED600014700C7102F2CAC70C70CAC7E4C2A98041
:10ED70004315811017E90B8055208C0BCB108100B7
:10ED8000CA1080006384170921004284C184008472
:10ED9000677E47780520BE8302F281B9520CEFF5F9
:10EDA000018DC4C6F41CC8B7C3408000B4268E0DC4
:10EDB000EFF84024C13241C008E89E0BEFF581C056
:10EDC0009E0DEFF801C0F2F1EA0800000C141F34A8
:10EDD000E07EE078E6C26B80941382001D0A700129
:10EDE000AD704D0AD1009813810022E9B20A2FFEBE
:10EDF0009513810008451CF0C980CB478000E422B0
:10EE0000E208A000E140048F25089108008F210846
:10EE10005101001600708000C4230AE89526C81C22
:10EE2000001E03104A0AEFF3081E4310A140C6C695
:10EE3000E2C22B8055210208348A190970018A2404
:10EE40000D120F09D100388A03E932080000C2C64A
:10EE500069800082C3418000E52256200D0B208985
:10EE600088630023820F0000D0087921010025B8B3
:10EE70002478A0A205AAC2C6E4C2A98043158110C5
:10EE800017E90B8055204C089710810096108000E0
:10EE90006384170921004284C1840084677E477817
:10EEA0000520BE8302F281B9460BEFF5018DC4C681
:10EEB000E4C3A7C115DE10BEC340800074267E0CDB
:10EEC000EFF84024C136084521E8141C0130101C1D
:10EED00001300585248540C643C04C8D42C161C2C6
:10EEE000828561858778677905213E8004F4008DED
:10EEF0000D0A000081BA44C345C461C25A0AEFF545
:10EF000080C05E0CEFF8A140D8F1C4C7EAC2A98066
:10EF10003025821F0000DC0A84EA990931000E7056
:10EF2000C3408000382B0080347032258C1F0000D5
:10EF3000E00AA9462B90B1410025831F0000D509A6
:10EF400080261614802116230022500080AB1EF26A
:10EF50003425801F0000CA08E3960D0F2510A1403C
:10EF60004E090FFEA14180214E0C6C70A140EA0EAB
:10EF70006FFD2242208643969525CA1500B5F9619A
:10EF8000F04A23A504B516F0A14026092FFE061E5F
:10EF90000510A14180214E0C6C702242EE0D6FFDD8
:10EFA000A140408623969625C51100B543A524B5FA
:10EFB0000240CAC6EAC2A9803025821F0000DC0ACE
:10EFC00084EA9B0931000E70C3408000382B00801A
:10EFD00034703225831F0000E00AA9462B900025DB
:10EFE0008C1F0000D50980269A1A0022500060ACC0
:10EFF00021F2E0963425801F0000C808B141110FAE
:10F00000251080211A28AA082FFEA140A1418021A5
:10F01000CF0C6C702242420E6FFDA1409525CA159F
:10F0200020961215029600B5F0495F6704B5E3A576
:10F0300015F0A1407A082FFE001E0510A141802185
:10F04000CF0C4C70560F6FFDA1409525CA14409609
:10F050001615019600B544B523A50240CAC6E0784E
:10F06000E6C2A980CF15001621E83225801F0000D6
:10F07000E10A1DE800258E1F0000AC09920FAFF3D6
:10F0800000865816039008476A1681907C13820008
:10F09000320CAFF70C8B3225821F0000E00ACF152F
:10F0A0000316A140960E6FFDE141C6C6F0C22410C2
:10F0B0001000347010410A4655200D2B80260C1983
:10F0C000951681908115141602400A230024802091
:10F0D000460B8023112E20A826F2008EAF160D17A6
:10F0E00004E8028E047702AEAA160017090D041078
:10F0F000028E05E862092FFE024002418021500D78
:10F100006C710240520D6FFD624256160116AF1629
:10F110000217101E0490B961B04A90185820181EAA
:10F12000049068F000208F2F0000F90A008F4E70C5
:10F13000AF1E9C1484E822092FFE0240008D750842
:10F1400051003641018522788C20C98510F7BE1008
:10F150000321C1108C204F8530859F239308002206
:10F1600002834121018078604FA530A51908850FE1
:10F170000700C47F1C20810F111112110C1D821475
:10F180003D7A0CF01C20810FD0699E3614200200BD
:10F190000C1D43103A622ABABE100121BA1884200D
:10F1A00005E99F2193080D0905004E71001DC31F3D
:10F1B000008F09E83020812F0000000B60790240A9
:10F1C0000BF002418021500D6C716242AA0CAFFD20
:10F1D0000240761E1C900B0A1020001D4310802058
:10F1E000112FAF16011706407A1E5C90681818A000
:10F1F0008240D0C6F1C000420B8825087E01404005
:10F2000080200B06A41081800D093F0028D9220C14
:10F21000CFF806F00E0CEFF8BF120107D1C0E07E68
:10F2200041022FFE70D9E0782B88E5B9E07C11040B
:10F23000EFF880200B06E078E2C2C341800044234F
:10F24000831003074281A0818181714A3079B1180E
:10F250005803B2181803B31898001B09850F000053
:10F26000FF7FB2100206B11001060521BE8003F235
:10F27000C2C6F2092FFE49D9C2C6E078C341800058
:10F280002C2B208142812181B2189800E07FB11897
:10F290005800E078E4C222882509710055204D0EFF
:10F2A000C341800038234C890B0A95006D89270BD8
:10F2B00055011ED93E0E2FFE4C71C4C666150116AF
:10F2C000671D1910A8B9661D58109A092FFE6ED92E
:10F2D000C4C62E898C2182852DF7DB0974818C238D
:10F2E000828529F7CF09E48079220E00CB44030000
:10F2F000400D54701C3442101C34C1108020480D45
:10F30000C0A842A521A505F2760F0FF603A5720F3E
:10F310000FF600A5C4C6E078E2C20845028807E8F7
:10F320006ED942092FFEA140C2C68A20480D086549
:10F3300078E84E0F0FF6DA0CAFF3E8150110EC1574
:10F340000110E908648054250C184C700022810FCC
:10F3500080004423008915248310C1B8CD0A75822A
:10F36000811B02000089447144200003821B0200BB
:10F3700000894420000C831B020000896C2040019E
:10F38000841B0200E4F1E0783ED9E07F2CA8E0780D
:10F3900080200A0BC341800044233D05EEF218DAB9
:10F3A000E4C2CB45800038230846831001070B9543
:10F3B000227810781108840F0000FF7F49D9A60831
:10F3C0002FFEC140438524850585A81E9810A91EDF
:10F3D0005810AA1E1810C4C6C34180002C2B2081CF
:10F3E00041816281A51898002381A618D800E07F8A
:10F3F000A7185800C34180002C2B20812489E07F6E
:10F400002CA8E078C34180002C2B60810041802132
:10F410008904448B40A9458B41A9468B42A9288B7E
:10F42000E07F4F184200E07828D9E07F2CA8E078F0
:10F43000E07F0C188307E07830D9E07F2CA8E078D3
:10F4400022D9E07F2CA8E078E2C2C34180002C2BB7
:10F450004081004128458025881E029200B5039214
:10F4600001B520406A0AEFFB8021880D0AB5C2C6AB
:10F47000C34180002C2B208180208907448940A82B
:10F480002589E07F21A8E078E07F0C188301E078EF
:10F49000C34180002C2B20818020460510DA3904DE
:10F4A000EEF224743DD9E07F2CA8E078C3418000BF
:10F4B0004423209180200B04E07F20B0E8C2CB469B
:10F4C000800038230C16D0108108322008450D1614
:10F4D000CF10790F32100520FEA304F46ED937F057
:10F4E000831501170796227810780F08840F000003
:10F4F000FF7F49D92BF013081020BA0E8FFC0B2088
:10F50000008424F2ED8E2F26C7F306F2A60E8FFCA0
:10F51000EB781CF20C8E1108750117D911210080AF
:10F520000C7107F44AD93E0FEFFDA1400C702D8EEF
:10F53000190955011509D00007E826960796802578
:10F540008B1420B501B5C8C64AD91A0FEFFDA140EA
:10F55000C8C6E078EEC2D340800038230C10832068
:10F560000E10CF204A2400711042104380220C203C
:10F570004C71CD714A204000EB1A03A0A820400234
:10F580002968002A41000D09E0000471C571FFDE01
:10F59000CF788C20C38F10410AF2860EAFFC224038
:10F5A00006E8FEE708F4EB1A83A7CEC620D8EB1ACC
:10F5B00002A0CEC60012802000234D248025481AC8
:10F5C00014E8208DEF7825092000E140BE0D8FFC66
:10F5D000208D00454C71304F2F2605002C70624065
:10F5E0002243CE0B2FFDE144E0AD0D10C22062405E
:10F5F0002208EFFB2241FE1A82A3FC1A02A057E860
:10F60000FF1280A053E83674CA26E110CF79792121
:10F6100002217921C00045781049627080200503DD
:10F620000010CD00660DAFFCA140FC12C6A0004545
:10F630002C704C7062402243760B2FFDA144CEC645
:10F64000ECC20847F14280270C10C34080004423DD
:10F65000208F03109000C28801109100A08816E945
:10F66000FE1783900022C0208020480A00881D0ECB
:10F670002010104E2F2605002F2485032C704C716E
:10F6800042402E0B2FFDA145FE1780904270802036
:10F69000480AC0A8FE17809042708020480BA0A89E
:10F6A000FE17809042708020480C00180204FE175C
:10F6B000809042708020480A0010C000FFE016F2DF
:10F6C000FEE014F2038F04E8031F0310018F1D08EE
:10F6D0005100108F0AE842408E08EFFB101F031004
:10F6E0000EAF16082FFD424080220B2F001A422435
:10F6F000CCC6E078E4C208458A200C000865CB46F9
:10F700008000382318E84D1583102C8E096B2909C9
:10F710002E0038658020480A0F16C41000880D1688
:10F7200085102C700E2000012F2605004C71820AD6
:10F730002FFDA1402C8E0F8EB9618021480A00A9AF
:10F74000C4C6E078E2C20845C34080004423428D2D
:10F750000088A1418021080A0F0A710000A90A0946
:10F76000CFFBC81D0410C2C6E1C5C34180002C2BCD
:10F770002081004280220B0F648960AA85891D6464
:10F780008025C512208D82AAFEE115F4C3418000B8
:10F79000382B408195732812820040AD8BF7408151
:10F7A0002C72CA21E1001961281282008021050310
:10F7B00040A98A21CC0029600521FE8005F4802023
:10F7C0004B0A00184300C2C4EAC2C341800044236C
:10F7D0006291C30BF40610404091BB0AD40603911A
:10F7E0008C20058284F721918C210582A6002500BA
:10F7F0000A4580250910D6158C90F8150991FC153D
:10F80000089106ECE1158C90110CDF1048DC8BBCE4
:10F810000920081309210913FA150691F615079115
:10F820004D108420E295C1958095FE150B9109201D
:10F83000411009210010092682000927C30022B5C2
:10F8400000B541B5130CF100FE1DC4900820800FD7
:10F850000000900A00B54C1088201108D110082132
:10F86000810F0000900A22B510740020912F000033
:10F870003E02CC274190CC268190CC23C19006F249
:10F880002C70A60DEFFC02400240460EAFFB224159
:10F8900008B5CAC6004280228803208A3470E07D01
:10F8A000C3418000442360812291001A43008418E0
:10F8B000D80080200805E07F20B0E078E07F0C18B9
:10F8C000C30FE078C34180002C2B208180200B0ADD
:10F8D0002489E07F20A8E078C34380004423208B64
:10F8E0004A24C0704A220000A820C00211098E00DC
:10F8F000818B59608021890580A9208B4471650323
:10F90000EFFD6ED9C3418000442320892CA88020BC
:10F91000490DE07F00184300E8C20845428DC3400E
:10F9200080004423CB46800034292180547000801D
:10F930004A866986CB440000EF1BCB4787F32FCF65
:10F94000B140042108034479047B80208C200420EA
:10F95000CB036D2082026D204002247C647F14184A
:10F9600043A0871D1812861DD812511D8210501DEC
:10F970000210891D1813881DD8130EF2221080A0C2
:10F9800013085E00001080200B085100FF1080A0BB
:10F9900034E8C8C6331080A0F2E8E509DE81068DA0
:10F9A000DD08BE8008D876098FF8004168E8C342B8
:10F9B0000000016CC3408000302BC3438000382B13
:10F9C00041B14080008396DB524D842A0E014410E1
:10F9D0008C0004194300814069E00F78EEE00016C6
:10F9E00080708000A8294F7ACA23060365A940B118
:10F9F0008609AFF866A9C4F1158E9B08FE818A209E
:10FA00000C08B60E2FF58515011702180220C8C67E
:10FA1000E4C3A2C108460609AFF8047608452C7075
:10FA200013E861C1031C4230021C4230011C423009
:10FA3000061C443080C1A140051C8233E60D2FFD19
:10FA4000001CC33019652040C4C7E078E8C21040EC
:10FA50008020850E80882042C34380005C24216C76
:10FA600020A88083008A7820C0060472154A08EC1A
:10FA7000618D5420802AA141607C5B635620402B1D
:10FA8000FFD9D208AFF8A142C3408000A82900885E
:10FA9000AA0AAFF82C742A0EAFFB0240C8C6E07861
:10FAA000FAC2FC1CC8B6A2C1041214011047C3401C
:10FAB0008000F02648477041A609AFF83040782012
:10FAC0000100147040200D02D3093100CA25211015
:10FAD0000297CD704021132109201620C7AD001DCB
:10FAE000C01402B5A30C3020061D8215228F0A21F6
:10FAF000C02554279B2A0F704A2000208021452FC3
:10FB00000224002410780920920541C640C611093C
:10FB10007000041F841409E960C60BF000118020F6
:10FB2000001C433005E800198223001C83302F207D
:10FB30000706162515104025802280C1051C823439
:10FB4000E20C2FFD1841C34080005C248080081D1A
:10FB500083200CEC4025032363402341607C6242F8
:10FB600004E8091D032104F0091D822300209024CC
:10FB70002F20080413082505021F43102C710023B1
:10FB800093240771BEF1208F5627402BC60F6FF8C4
:10FB9000A1422E0DAFFBE24018F0C60F6FF82240D5
:10FBA000C3418000A02900974081607A2C71FA0E31
:10FBB0004FF8C3408000742920882471020F6FF829
:10FBC00020A8160BEFFC07D8A2C004141B34DAC619
:10FBD000004280220901718A4C1081000BEB11094F
:10FBE0005000130991000B0B3E002C722C710F0B6F
:10FBF0009F001F0990002D09D10020924C708C218C
:10FC00000F8499F7C3713F0030FD26B912F020929E
:10FC10002309340F4C70C3710300D4FF22B90AF0DA
:10FC200020924C70F0E187F7C3710700B0FF23B951
:10FC30004C6980208900009050794821C106E07FFE
:10FC400009204000EEC2CB478000382B408710418E
:10FC50003043AD701392C3418000502BCB468000DF
:10FC6000F0261E3600700100692F0A204024A0A152
:10FC7000C3701E00AAD032B86C2092004022122419
:10FC8000A1A6A0A623128000250D251002404A0E31
:10FC90004FF800209004004102204024170B04205C
:10FCA000F60F6FF8C1404087A571EEF102204024A5
:10FCB000CEC60C70CEC6E078E2C20845802045056D
:10FCC000001803003A092000A1400DE8C34080005D
:10FCD0004C25008007E86C15801005E86F15801032
:10FCE00002E8C2C672150016731502164020418044
:10FCF00041220080721D5810731D1810C2C6E07892
:10FD0000E6C3A1C156204F0B4A2500104024C13044
:10FD10002A0E6FF8E14008461DE8031480308C205D
:10FD2000C38F06F43A0E6FF8C140F2F10086320E2E
:10FD30006FF864B8A20B6FFCC1406E0D4FF8C34161
:10FD40008000742900890471760D6FF800A9A571EF
:10FD5000DEF1AF78C6C7E078EAC3A3C156204F0BE7
:10FD600028454024C130E140FE0D6FF85040084660
:10FD700027E89E0D6FF8E1400314813010418C217B
:10FD8000C38F22F2678E868E02961F24CF1099674A
:10FD900007084500F4481626C0109A4821A548884F
:10FDA0000988208684B5F96140B523A518E8984EE6
:10FDB00008B51621C0006D73047405A511F02C70F0
:10FDC0006D7018F081C09E0C2000C141418E5221FF
:10FDD00001206D715860C1A500B50CF06D7213095A
:10FDE0003020907822961F673C27411002F02C713A
:10FDF00044214000001802206140CAC7E6C3A1C1E7
:10FE000056204F0B4024C1305E0D6FF8E14008458D
:10FE10001FE803148C30C3428000502BC343800082
:10FE2000F8268C24C39F0BF2078D268DC295047192
:10FE30000A791109850307AD0BF0001BC30F03F00E
:10FE400080AB4024C130E140F20C6FF8A0A27925CC
:10FE50000010C6C7E6C2CB458000502BC0850847BE
:10FE60002BEEC3408000F82600888C20C38F19F247
:10FE70000086EE0C6FF864B85E0A6FFCC1402A0C75
:10FE80004FF8C3418000742900890471320C6FF867
:10FE900000A95627C11B0089047100A904F0C20CF7
:10FEA0006FF8C140C3408000A82900882C718E0ED5
:10FEB0006FF8001D0110C6C620432189808B0042C7
:10FEC00008B998615320C1026D20000B20B202AA2C
:10FED000238B028B08B919610C74E07F22B2E078A1
:10FEE000E4C0004201892089001603708000382B8D
:10FEF00008B838605320CC000F7980AA4129CC0182
:10FF00006D218D016D214E01248B0420800F000096
:10FF100000FF28B888E1D3206E01A2AAC1AA04AAD2
:10FF20000C7283AAC4C4E07820430111BA0022896C
:10FF30004A230070438B8F290400248B1B2ABE0F99
:10FF400001000000004218B900224CF0258B41232B
:10FF500000F080A2386001A2278B068B08B91961D6
:10FF600008D8E07F24B2E078628920420041838A89
:10FF7000018A402B0B02648A10BC617018BB986028
:10FF8000786000A1668A878A058A08BB10BC786001
:10FF9000986001A1698A8A8A088A08BB10BC7860C7
:10FFA000986002A16C8A8D8A0B8A08BB10BC7860AD
:10FFB000986003A16F8A0E8A08BB1B6310D8E07F8C
:10FFC00068B1E0786189004260A8028901AA0389CA
:10FFD00002AA048903AA0689658908B878605320B3
:10FFE000C3020420800F000000802FB863B204AA6F
:10FFF0000889678908B87860CBB804B20A896B8928
:020000040032C8
:10000000898908B810BB98607860D3B803A20D89BD
:100010006E898C8908B810BB98607860D3B804A248
:1000200010896F8908B878600AB21289718908B896
:1000300078600BB2138918AA15897689948908B853
:1000400010BB9860786007A217895320C30024B8BA
:10005000201AC200211A02001889221A02001989E6
:10006000231A02001B897A8908B8786012B21D89A8
:100070007E899C8908B810BB986078600AA220111C
:100080008000211183009F8908B810BB98607860B8
:100090000BA2231180002211830008B8796024D8B4
:1000A000E07F38B22043004202892389818B08B85F
:1000B00010B99860386000A2058B268B848B08B835
:1000C00010B99860386001A2288B078B08B91961B4
:1000D00009D8E07F24B2E078E4C208452040D60881
:1000E0006FF3284600A5066ECA086FF321A523A565
:1000F00002A56D8E4E8E8C8E2F8E08BB10BA986323
:1001000018B95860386004A5118E328E508E08B828
:1001100010B95860386005A5138E4A230070261D5B
:100120000210158E348E08B8386014B5178E368ECE
:1001300008B8386010B5198E388E08B8386011B517
:100140001B8E3A8E08B8386012B51C16BA101D8E78
:100150003E8E8F2804001F8E1B29BE0F0100000059
:100160002016811018B8002202F0412300F03860F8
:1001700046A507A52116811022D85321020125B9D1
:100180002A1D82102B1D4210C4C6E0784289618965
:100190004A24807108BA7A620218940044896389FB
:1001A00008BA7A62021894004689658908BA7A62A8
:1001B000021894004889678908BA7A620218940084
:1001C0004989021892004B896A8908BA0022C20044
:1001D0000218940040210203A82080020112830427
:1001E0000112810408B9796102185400E07F18D81F
:1001F00020432189004220A8228B038B08B8386055
:1002000001B2058B248B08B8386002B2078B268BAD
:1002100008B8386003B2098B288B08B8386004B27C
:100220002B8B0A8B08B919610CD8E07F25B2E078D6
:1002300020432289818B004208B9986100B2048B67
:10024000238B08B8386001B2068B258B08B838605C
:1002500002B2288B078B08B9196109D8E07F23B255
:10026000E1C5418960896D7208BA7A62412A0C023F
:10027000532243004F7A85A860A86D224D816D22DC
:100280000C016D22C3006D228200A4A883A862A87D
:1002900041A809F222896D7341298201C4B946A897
:1002A00027A86140C2C4E078E2C208452A0F2FF3B4
:1002B000016900A509D821A5C2C6E078E4C20845B5
:1002C000028941894A24807408B828465860226D02
:1002D00000B5036EA820800101108204011992006C
:1002E000168E558E08B8586000B1188E378E08B833
:1002F00038600BB5198E412842015320C1006D2092
:1003000000015AAD38AD19AD1A8E1BADA60E2FF3F4
:100310003B4E28A507A5221681102116801008B98A
:10032000196123D832B5C4C6E4C20845028941899F
:100330004A24807408B828465860226D00B5036EC0
:10034000A82080010110820401199200168E558E9A
:1003500008B8586000B1188E378E08B838600BB5F1
:10036000198E412842015320C1006D2000015AAD71
:1003700038AD19AD1A8E1BAD3A0E2FF33B4E28A5A2
:1003800007A5221680102116811008B8386012B512
:100390002416811025168C10231682102616831021
:1003A00008B910BC586118BB986078600AA5271678
:1003B00080102C1D0210281680102D1D02102916E9
:1003C00080102E1D02102A1681102BD82F1D4210CE
:1003D000C4C6E0784189004340A82289C2BA40A837
:1003E000C2B90C73E07F21AB20432189004220A8D1
:1003F000028B01AA248B038B08B919610C75E07F6D
:1004000021B2E078E4C208452040AA0D2FF3284627
:1004100000A5066E9E0D2FF321A502A50CD823A5DD
:10042000C4C6E07820432189004220A8228B038B98
:1004300008B8386001B2258B048B08B919610C76B5
:10044000E07F22B28020C604E07F00180300E0783D
:10045000E8C3A2C108458020060556250F1B0018D9
:1004600003001E086FF8E1409FE86A0FAFFFA1404C
:100470000A2000204024C131C20E2FF8E140084676
:100480000CE880C0360AEFFFC14180C2A1400241A2
:10049000120EAFFFC143F0F1001680708000A82952
:1004A0009A086FF82C74C8C750903490C343FFFF6C
:1004B0007FF30D0A650079624C700CF026108C00F9
:1004C00030793C264270000084F37C244112247A67
:1004D0002780868005247E900DF28B2103880BF403
:1004E0003290796130793C264170000088F344797C
:1004F00002F02C702A10800071B80F7ABD22030D13
:10050000E07F04224000E078E4C3B0C14A240078D0
:100510002846BF4840240330A8208001FF11828470
:10052000011B92004A2400784020C10FA8208001BE
:10053000FF118284011B9200660FAFF5C14108458F
:100540008AE80AEEC3408000A82900882C70EE0FCC
:100550002FF88CB9A140C4C7E2C22042CB4580002D
:1005600030270EE8270870002C703308F1003C4D4E
:10057000E20D2FF82C70008D10D90EF01C4DD60D09
:100580002FF82C70008D2C7206F0CA0D2FF8046D18
:10059000008D2C71A60F0FF8C2C6C60D2FF8404073
:1005A000C2C6E078F1C000421471204018F23D0A42
:1005B000D0007F0A910020887309910F2288422180
:1005C000C202670A9507410E8E7080241500C34150
:1005D00080002C274089447740A929F0820D0FF82C
:1005E000FE0BEFF40C7125F00016017080009C27C3
:1005F0001FE96E0D0FF80016017080009C276079CE
:100600000C7117F0C34380001427130E8E70000086
:10061000000C598B447759AB09F00F0A1102408B3B
:10062000447740AB03F0AB099080360D0FF8C34020
:10063000800030270088060F2FF82C74D1C0E07E90
:10064000ECC3A1C1CB4580004427748D48462847A0
:1006500010420E70B5EB4024C130E20C2FF8A140DF
:100660000AE821880E71141D4310001A832000A689
:10067000026926F0001600708000A4270BE840787D
:1006800009E8228843880E71141D4310001AC32004
:1006900012F0001611708000A027270930200E707C
:1006A000222040040DE8228843880E71141D021494
:1006B000001A022408BA00A65861047400B7024068
:1006C000CCC7E078E2C22388CB458000AC27C3408A
:1006D000800034291D0950008BE9088809E8AA0C1C
:1006E000AFF40C70008D0B08D100001D0311C2C6C1
:1006F0000818030072092FF5001D0310C2C6E07828
:10070000C3408000AC272C7081026EF28A22060260
:10071000ECC2084551097000018040954B0A9100D8
:100720000C15111041880088FF1982A03709F400C8
:10073000FE190AA00495E38510151011CB46800020
:10074000942B1F672F220704E141C1408A096EF2F2
:1007500050422585E1404242081E02147A096EF299
:10076000E1A62240CCC6CB468000A82B00416A09F6
:100770006EF2C1400095238544955E096EF2D86003
:10078000C140CCC6EEC22847C3418000842B084636
:1007900014740691704250402E71AD710471F400D2
:1007A0002D0006B119D81120808374F2078140888A
:1007B0001091626A1073047602F7194AC3428000EE
:1007C000A62B408A547019087020C02022011908F5
:1007D000D0201D08312108DA06B807F008DA152202
:1007E000000008F004B85420000A04F016220000AB
:1007F0004A89CB458000602B05EA4285F860524863
:1008000003F040811A62108D2B08F00049A54708BB
:1008100090007B087100802282050E896F890F0885
:10082000E00040A18608EFF53989FE09EFF596D87A
:100830002FF0068505E8EE0FAFF501884985349560
:1008400003858022820549A51961B60FAFF593D8BB
:100850001FF0068510E8CA0FAFF501800685E60F88
:10086000AFF502800685BE0FAFF5018806856E08DC
:10087000200014E0428505853495427809A563B8C7
:10088000320FAFF52476084504F0CE08CFF5AD71F0
:100890007820D3201674150E7511CA23A120CD78A7
:1008A0003220910F3200D73CCB468000642B8086EB
:1008B0004C7022404241E143232000030A24C0043B
:1008C0008AED80860C714C704241E1432320000385
:1008D0000A24C004CEC6E078E2C2084539881888E8
:1008E000C3428000A62B820FAFF520AA188D84E8A2
:1008F000198D10E84208EFF5A140920FAFF5284D91
:100900005A0FAFF528158010760FAFF52915801016
:10091000C2C6E078E8C2CB458000842B1040069523
:10092000CB468000602B21682308302026B5058542
:1009300008E810E5488DA20F2EF2A141041D011018
:100940002086607979200020C8C6108E2108D0004A
:10095000450890008B085100008522958020820573
:1009600000A524769A0EAFF593D8E3F1068605E844
:10097000B20EAFF5018820850E8D4F8D8021820546
:100980000D08A00020A5260FAFF5398D9A08EFF5C8
:1009900096D8CFF1068612E8860EAFF5018006865E
:1009A000A20EAFF5028006867A0EAFF501880686A4
:1009B0002A0FEFFF14E0389662864586307814716E
:1009C000704A09A60AF44E8D2F8D110A4000398D08
:1009D000DA0EAFF540400085FE0F8FF5A9F17A0FD2
:1009E0008FF5A7F1E2C2C20F2EF1084517081000DB
:1009F0004A248071A820800101108104011D521039
:100A0000C2C64A2480714C70A820C0014040A14158
:100A100040AD4471A5718520030000A9C2C6E078ED
:100A20004A2400742C700042A8204001011A520090
:100A3000247167882888C3BBC5B986BB87B967A8F6
:100A4000E07F28A8E6C04A24007208434A24001028
:100A5000A8208004182102031D8AFE8ADF8A5C8A8E
:100A600008B810BF1A6218BEFA6215230D138571FB
:100A7000DA6240A5C6C4E078E2C208452E0BAFF5A5
:100A800010D81B0DF0100C7392ED0C70360CEFF5B6
:100A90002C70C3408000D82C07F02A0CEFF52C7086
:100AA000C3408000DC2C008002E84078C2C6E078B9
:100AB000E4C2860FAFF50845C341F0000818008175
:100AC000104D42208E82100024000C71A6A1560CFD
:100AD000EFF52C716E0F8FF5D2783FB8C4C6E07871
:100AE000EAC20846C60AAFF510D8CB458000E02C14
:100AF000008D3708700042260012150815015A0EA5
:100B00008FF52215821081850C7116F01D0E501183
:100B10002D0ED1103395149500160270F000541864
:100B20003860104A06A5CAC62E0E8FF5221582100F
:100B300081850C722C706C70407CCAC6339500168F
:100B40000070F0004C182278E60C6FF605A527859A
:100B50001041160A6FF6C1892215901017089120CE
:100B600000160170F00054400E738B210C80CA20D7
:100B700021212709302044288F02C34080000F2DF7
:100B8000008806E804EEBE0C4FF60CE82685818549
:100B9000ED7B0C700AF026858185ED7B0C7306F0E9
:100BA00026858185ED7B0C740242C8F1E2C20845BE
:100BB000FA09AFF510D8B570CB458000E02C08F2EB
:100BC000960D8FF5228560790C71C2C6329500169C
:100BD0000070F00048184285386005A5607A0C70F6
:100BE000C2C6E078F1C010E80D0890001508510069
:100BF000018105F002810019430006E8407804F005
:100C000000190300D1C0E07EF1C0B20A8FF1A2C189
:100C1000004384C040C04024C13140240434C34058
:100C20003100D8177A0C6FF84C77A2C0D1C0E07FA2
:100C3000A8C0E078E07F00194300E078E8C2C34034
:100C40008000702D620EEFF700101000320E4FF58D
:100C5000B20BEFF2084508471640B60BEFF2A14180
:100C600040274E161508A40308451640C34132001C
:100C7000DC0F7608AFF5E278460EEFF73D258D13D1
:100C8000A140C8C6FAC2384110479D0830000E7016
:100C9000C3408000882DE080EA452E70258507E955
:100CA000198D110851000D091130A185F8ED3DF0A5
:100CB000F643028543857648D8620528C0038B2019
:100CC000038833F40529C103052ECE132F2447A032
:100CD00008F2CF794E21010804290105247103F09F
:100CE0002C71C27804712F2047306E702F2207209C
:100CF0002F20C704B7082586CF7E270A3020D1468B
:100D00004A2500200C712C70F60DEFF0C242A6713E
:100D10000521512005201020ED0DA4A4C671827676
:100D20006671E8F12E7002402241DAC6E6C2CB4677
:100D30008000602D0486018004A605E800180100EB
:100D400003F0141E0110A78623ED360D4FF5B60AE9
:100D5000EFF2084719670886B60AEFF222A513E8F2
:100D6000248618E944850285628158601073320038
:100D70000400008121A500A5A0A1008514E8A1A080
:100D800013F0288503E96079A1401C1E0110C6C636
:100D90000C70A5A6A4A601A500A507A607F00786C6
:100DA000F7E805F0A4A61C1E0110660A0000C6C6DE
:100DB000C3418000602D6581110B2000408021809F
:100DC00021A20180E07F40A045A105EAE07F041A4E
:100DD0000100E07F10190100ECC2CB478000842D98
:100DE000808F684550413042104010EC0016017071
:100DF0008000702DCD700C7017091000058188E8F7
:100E00002181FEE90C7005F00C71CCC620407A0EF1
:100E1000EFFF2C7105207E800FF2618744204C008B
:100E20001D7A4029C007937C3D794578647C052074
:100E30007E809E66F4F519ED5F200D23684FA86053
:100E400027082104FD65BE09EFF2381510104D8505
:100E500021870270052A41002F22478007F220D9FE
:100E60000529810004F0C94508F02C712C78154E35
:100E70003C2640131470C07D8A09CFF2418722704E
:100E8000052A92202F23878405F220D90529C10045
:100E900002F02C712C7805BA1D653C258010CCC65B
:100EA000E6C2CB478000842D628748462845084328
:100EB00010EB270B60038A20490C092D3E9008F2A5
:100EC0005F230013F860311803000CF0B17352F780
:100ED000220FE000A1405F230013F86031184300A7
:100EE0005F230013F860CEA0ADA03018C202C6C6C2
:100EF00033F7F8F1E1C574718A23490C10F4052920
:100F0000CC008C22898C86F7052AC300052CCC10D6
:100F10004C7C10748143CA23450012F00528CC0094
:100F20008C22898C85F7052AC300052CCC101A2445
:100F300083100D0B2500016C1A2083004A240072D7
:100F40008D70CB458000942D4A200000A82080039E
:100F5000150C00114085110AC4000D09A40010727F
:100F6000CA208600A574857102E8C2C43C21C00075
:100F700014703C736040C2C4E2C3CB458000602D56
:100F8000008D04772508B500A1C14A0D4FF50185F4
:100F900041681965C1BA0C19830040C200C1018DB6
:100FA00021A59A0DEFF72C71C2C7E078F81CC8B7DD
:100FB000C3438000602D008B1F08910001834168AE
:100FC0001963C1BA0C19430041C201C1018B21A3AD
:100FD0006A0DEFF72C7108141F34E07EF81CC8B7B7
:100FE000C3438000602D008B1F08510001834168BE
:100FF0001963C1BA0C19030041C201C1018B21A3BD
:101000003A0DEFF72C7108141F34E07EE2C3A1C142
:10101000CB458000602D008D05E825085100B60CF9
:101020004FF5018541681965C1BA0C19C30040C26A
:1010300000C1018D21A5060DEFF72C71C2C7E07824
:1010400035108300004220E0A84A6D012FF78C7014
:10105000E4C24846084510E0247510DA8608EFF728
:1010600001A5C140120BEFF7A141C4C6EC1CC8B7E3
:101070002C8000420C7044C02811830041C043C042
:1010800042C0046981C132092FF78C7114141F34D6
:10109000E07EE078E8C2EC80084633EF40260D148D
:1010A00024756609EFF2A1402917801055089000B9
:1010B00049085000A5E8EC86A1412C4F4A09EFF2FF
:1010C000104056082000024007E8231780108720B0
:1010D000C201231F0210261780105320FE800CF23D
:1010E00036082000024008E8231780108720C2013C
:1010F000231F0210291F43104E082000C140C8C6FC
:101100000C86A1A620802810800022A66A0AEFF78C
:10111000C141C8C6E4C0A0884A2300007C6010DA40
:101120000D0BF0032C70218C416B27B9C08C404310
:10113000D479ED0A348420AC84250210412DC011ED
:10114000C4C4E078E8C3A4C1AC80104080C7329525
:101150001415021409952278107E5961310E751408
:1011600080C0760FEEF1C142170E3014DF674E26B5
:1011700002142C7016082EF2E14080D800AF80C017
:101180009608EFF2A141151D831004F07A08CFF202
:1011900008950AE8402001247E08EFF280C00895F7
:1011A00010E003F010D8748D08B54225001480C1FA
:1011B0008C7106082FF70242C8C7E078E6C3A1C1C8
:1011C00008460288CB458000142E3908F006021C20
:1011D00003307F0890097F08500927083107256EE2
:1011E0003915801008DAF20EEEF1162500103915C7
:1011F000801014720471CA202D00391D0210C6C758
:101200001B8510D934108F00BE0EAFF7056E6A0B28
:10121000CFF71525C1131B85701582106F81C14151
:10122000607B711D03107115801090E8484D4024BB
:10123000C1300A09EFF7031C033008E803148130BA
:10124000357D358560790C805E0BCFF7C6C7684D5C
:1012500002F0584DE608EFF74024813051E8341091
:10126000810002148230357D6F85607BC141C6C725
:10127000E07F42184300E078E4C208454210800055
:1012800028460EE809D9A140E20BA000421D031038
:101290003E082000C1414E0C2000A140C4C6E078A9
:1012A00041040000E2C29A0820000845B6082FF762
:1012B0003D1580100041284D6A0BEFF7161D0314F1
:1012C000421D0310C2C6E078E07EE0782040C342B1
:1012D00000002B098907EFF241B1E0782040C342BA
:1012E00000002BE17907EFF241B1E078E2C2220978
:1012F000200008450C8510D92A0FEFF630E02C8528
:10130000A1407A0920004021020CC2C64181650239
:1013100020002C80E4C2C18108450C8009E610DA67
:1013200010E0B60DEEF1C1412C85A1404E09200020
:10133000C142C4C641813D0220002C80E4C2284540
:1013400023892A0BA0000846C1403E082000A14185
:10135000C4C6E078E2C3A2C18A0B200008453D154F
:1013600080102C71CE09EFF24C703D1580104015A5
:1013700082102AD9834300B380C021B3E20EEFF27A
:1013800061C2C2C7E4C228465A0B200008453D1579
:1013900080102C719E09EFF24C702BD802AEC20E59
:1013A000EFF2C140C4C6E078E4C208463D108000B8
:1013B0007209EFF2284509E8C140A141FE0AA000E8
:1013C000021DC317C4C6C140BE0FEFFFA141C4C672
:1013D000E6C208463A1080002847782000000473CF
:1013E0003F1E02102E0BA000C140120E200019D883
:1013F00008450DE8081DC3102187194DDA0CEEF1E0
:1014000010DAC140860AA000A141C6C6E4C208465F
:1014100054890C802845C20CEEF12474148D1308F5
:10142000F1002C700C860DDA620DEEF10473C4C667
:10143000E41CC8B740108300250BBF003D108C0092
:1014400081C1181CC3300A1C0330081C0530061C5F
:1014500003316A0AA000041C04330DF02ED8061CC8
:10146000023081C0091C823062C1F60DEFF2041C0B
:1014700004331C141F34E07EECC3A5C13A10830072
:1014800010403D108000504230411AEB3A08CFF234
:10149000B60C8FF2AD71CD7106E81E08EFF23D106B
:1014A000802008464A08EFF23D1080209A0C8FF207
:1014B0001EE82E08EFF23D10802019F03208CFF21E
:1014C000860C8FF2AD71CD7106E81608EFF23D1073
:1014D00080200846F20FAFF23D1080206A0C8FF298
:1014E00006E8D60FAFF23D10802008450112802497
:1014F000011281244A24C071C778A779011C4230A7
:101500004020012840248330001C0230A8208002A3
:10151000011182040112802407208000011B1200A7
:101520004A24C0714020C129A82040020111820430
:10153000011280244778011B1200C3408000C02F95
:101540003D108320408880C14A24C0029E0AEFF6E5
:1015500022408C20C38F4118022003F2CCC70C73A9
:101560008BB8121C043084C15209A0000240CCC7C1
:10157000ECC3A5C13A10830010403D1080004846DE
:1015800030421AEB420F8FF2BE0BAFF2104107E868
:101590001A0FAFF23D1080201041560FAFF23D10F0
:1015A0008020A60BAFF208451EE82A0FAFF23D10CF
:1015B000802019F03A0F8FF28E0BAFF2104107E83E
:1015C000120FAFF23D1080201041FE0EAFF23D1021
:1015D0008020760BAFF2084506E8D20EAFF23D1040
:1015E000802008454A24807180C2C143A82080021F
:1015F000011581140113800407204000011A120014
:101600004A248071A8204002011181240113800422
:101610002778011A1200208B0D8E8E8E20AA0D1CA9
:101620000230C3408000C02FAF8E3D108320408821
:1016300080C14A24C00242400E1C0233AE09EFF6BC
:101640000F1C42338C20C38F4118022002F2CCC7FA
:101650000C738BB8121C043084C16208A0000240D5
:10166000CCC7E078E6C3A5C12847084581C06041E2
:101670009E0BAFF2484683C0960BAFF2C141C34008
:101680008000C02F3D158310408881C14A24C002CC
:101690005A09EFF6E1408C20C38F411D021003F27E
:1016A000C6C70C738BB8021C043080C10E08A000A2
:1016B000A140C6C700419F2101030021800F800087
:1016C0003C2EE07EF1C06A0D8FF209E804779C3071
:1016D0000103C3708000882E02F00C70D1C0E07E40
:1016E000E2C208450C8006E8760A8FF7301D01102B
:1016F0004E0FAFF7A1404A0FAFF7284D3A158010B3
:101700000BD93B1D03101470CA216100431D031047
:101710003F1D4210C2C6E078EAC2C60DAFF20846CD
:101720001A0F8FF20845AE0DAFF2C140CB468000D4
:10173000D02F10414A20802040260F165608200046
:10174000E1400AE8068F11086103E140E209AFF2C7
:1017500022419CE88D203F2D18E740260F166C7221
:1017600032082000E14007E88D233F0F18E7ED70B5
:101770000BF02C7018DA160AEEF1E140E14022413C
:10178000BE09AFF2A6AF03EFE946C140CAC6E07892
:101790000042078814700C7102F2E07E23823470DC
:1017A000E07D0492E07F79200000E078C340800073
:1017B00018302D883470E07D6906AFF78A210F0A52
:1017C000EAC3A1C108460088428ECB478000CA2EDA
:1017D000A968810AF1099C3501133A0D8FF2147042
:1017E0002C71CA21E102FD6578200000F81D0290ED
:1017F000FD1D429003960E70F61D0490008EFA1D9A
:101800000294F91D0294FB1D02900E0BEFF6008E60
:10181000011D021400AD021D0214FC1D0294A08ED5
:10182000020BEFF6A140790830001041C340800060
:10183000CC2F00109000A140DA0CAFF2C96D7820D7
:1018400040005F083020792000001B78CC482AF047
:101850002D6FA96124E9490A310AF140E965802028
:10186000BE2F0020502300275113CE0BEFF66EBF82
:10187000088E2096021C833220E0001C4430031C9A
:10188000023080C1360E60000240FD650085FB1904
:1018900003A006E8CA0A8FF7001D0110CAC79C48BA
:1018A0009C3601134227801CDF67FC1F4290D860E2
:1018B0002241720DAFF7D41F0394CAC7E4C2AC80B3
:1018C0000846046D5E09EFF6201581102015811081
:1018D000386504744E210204B208EEF12C70311503
:1018E00080103015811008DA08B838600EB52C4D1C
:1018F000E60FAEF1EA4D1E1D4310401681100C722A
:101900002FDAE2B9CA2061001FADA1405209EFF2FF
:1019100042ADC4C6128080DB83884580412CC11053
:101920004E21C0030F7820E04A60C2BC81D811224A
:101930000083E07FCA20C10040108100E2B92C7111
:101940000BF22B10810024108000092040000B08AE
:1019500030042C732C72E07F2040E078E8C2104005
:101960000088CB478000882EC9689C3601137D4FC4
:10197000C8601BE802108020DD67782041002B083A
:1019800070003C1D42102D8506E9A140FE0C600050
:10199000341D01103EE7C86707E8A14002411E0D53
:1019A000600002180323C8C6E4C3A6C148451A0D47
:1019B000EFFF284621E8488D296A3F099503322226
:1019C000810F3200285233098103130A5101298DF6
:1019D000021CC331031C423007F03F1081001B0A78
:1019E0004100021C83313D10810041C5001C443080
:1019F000CA0C600080C1C4C73901AFF72C70E07811
:101A0000E2C38D7080AA80A922108300150B71009B
:101A1000A1C1291083000D0B51000019430018F0DB
:101A2000231081000F09BF00AD712A1081001F092A
:101A30009E0021108300170BD000281081000F0991
:101A4000D000890B9500850995008D7123108200C7
:101A50002A108100C3438000B015447916EC3A1077
:101A60008C0040835021830023D995704018C20018
:101A7000CA21A10A688A2960647919099E003D106B
:101A800081008A22CC0019F0408382B940184200BC
:101A9000258A24108C001B0C44102B108300130B80
:101AA0004400268A0B09240330732C71CCF73D10B7
:101AB00081008A22D800834320B380C1FE0B6000DE
:101AC00041B32C702040C2C7150B94000F0B31019D
:101AD00034723C75F825221102F0AD70A0AA2810CE
:101AE00081000F09910021108100650990803A1052
:101AF0008100A7795221010020AAAAF1E8C2888AB0
:101B0000084770400E6C2845CD70710875016C70E7
:101B1000994A2520000006F009F004F017F021F0A2
:101B2000E60E6FF2046D6C7028F00A8A298A08B8F4
:101B300038600EB52C4D9B4A9E0DAEF108DA401769
:101B400081100C721E1D831013F0098A9A4A1AAD77
:101B5000EE0D6FF22C4D1E1D03116C710EF0AA0ECE
:101B60006FF2046D401781100C721E1D0312E2B952
:101B70006C71CA2061001FAD3F1780100908100268
:101B80001D0891010471CD703F1F021006EB2FD884
:101B900002ADCE0EAFF2A140C140C8C60F085E2014
:101BA0000B08D1013F1F0312F2F1E508BEA0CD7171
:101BB00009085002D908D181CD703F1F8312E8F186
:101BC000E6C3A1C108461280A18120DA0280160D69
:101BD0006FF7994D1286D94D20DA0280060D6FF706
:101BE00020E0B2863D168010C34132007C3C20DAF2
:101BF000E385001C0430031C0330C20CAEF1E1404D
:101C000007E8028520DAB60CAEF1E1410DE8018D5E
:101C1000110810011D0890001F08D0000B0851008A
:101C2000021CC3340BF00C738BB8021C043007F099
:101C3000021C433503F0021C033580C17E0A60009C
:101C4000C140C6C7E6C20845128028462181BA0DA8
:101C50006FF2068035D8A1413609EFF6C142084738
:101C600028E8016FC341320038524C74F209EFF694
:101C7000001F43103285FA09EFF625813285258150
:101C8000EE09EFF610E100413E0C2000A1400041BA
:101C90008E0C2000A140011803000018430035DA23
:101CA0001285E141A143C1440680D209EFF610E05C
:101CB000C6C6E078E6C20845128028462181068023
:101CC000460D6FF210E035D8A141C608EFF6C142CB
:101CD000084729E8016FC341320038524C74820929
:101CE000EFF6001F031032858609EFF62581328555
:101CF00025817E09EFF610E10041CE0B2000A140C6
:101D000000411E0C2000A1400118030000184300F0
:101D100035DA1285E141A143C14406805E09EFF640
:101D200010E0C6C6E6C3A4C12845238908460DE9CC
:101D30003D1680100BDACA09EFF6A141C1407E09B9
:101D40006000A141C6C720D8C1414608EFF6A142B4
:101D500008477AE880C0C34132009C3C7A0BAEF160
:101D600010DA246D20DA720BAEF1E14080C020DA87
:101D7000E141C1430609EFF6A144C6C7E6C3B8C1B5
:101D8000F2802846084580C02487542000084A0B6A
:101D9000AEF120DA228780C03E0BAEF120DA228736
:101DA00088C020DA320BAEF120E1C3408000C02FA2
:101DB0003D158210208880C0420BAFF619DB8AE8FF
:101DC000C340000003E001B6A140F2086000C14139
:101DD000C6C7E078E2C2CE0CAFFF0845D208EFF6E6
:101DE000A140C2C6E6C2084512802846218110DA09
:101DF0000680F20A6FF710E041D8A141920FAFF6CA
:101E0000C14208472CE8128525806608EFF6E140BC
:101E1000328525815A08EFF610E132852581520876
:101E2000EFF630E1231582100041011992002215CE
:101E300080100119120021158010011912008A0A60
:101E40002000A1400041DA0A2000A140128541DAB9
:101E5000E141A14306802608EFF6C144C6C6E078FA
:101E6000E6C22845084641D8C141260FAFF6A14237
:101E700008472DE812862580E140F60FAFF610E105
:101E80003286EE0FAFF6258132862581E20FAFF65E
:101E900020E12A16821000410119920029168010B3
:101EA000011912002816801001191200720A200070
:101EB000C1400041120A2000C140128641DAE141CE
:101EC000C1430680B60FAFF6A144128621853A0BB6
:101ED0006FF20580C6C6E078E2C252803A108B00ED
:101EE0008C7085826282A3827570402405146042E2
:101EF000BD73260FAFF6CA224103C2C6E6C228460A
:101F0000084550D8A1418A0EAFF6C142084725E8DE
:101F10003A15811012850AE9238020DA420FAFF6C4
:101F2000E1403285228109F0228020DA320FAFF6BB
:101F3000E140328523812A0FAFF620DA32852581F0
:101F40002E0FAFF610E1128550DAE141A143058072
:101F50002A0FAFF6C144C6C6E2C308451280018805
:101F600023083101A5C121819E0A6FF281C03D1570
:101F7000801035D9834221B200B2E60AAFF280C0A8
:101F8000C2C73D15801080C1021C8535001C04307D
:101F90002A0F2000A140C2C7E4C228452389CE0EE3
:101FA00020000846C1400E082000A141C4C6E078C8
:101FB000E4C22845220EEFFF0846C140CA0BAFFF1E
:101FC000A141C4C6F41CC8B76181488B210AD00066
:101FD000250AB10336D93D108000498B834302B3F3
:101FE00081C023B37A0AAFF262C206F0CE0E20009F
:101FF000021985070C141F34E07EE078E4C208451E
:1020000012802846028811E80A0F2000A140EE093C
:10201000EFFF0AD800410AE808198303048E09A9D2
:102020006A0E2000A140C4C60C738BB801B6A14053
:102030008A0E2000C141C4C6E41CC8B732802EDB22
:10204000061CC230031903003F18C300081C0330EC
:102050003D1082000489041C8430091C0230020AED
:10206000AFF281C01C141F34E07EE078E41CC8B7D6
:102070009280608C12EB618C290B91003D108000E6
:1020800062C12ED9041C043081C0091C8230D209DF
:10209000AFF2061C423015F040108300E10B9F8028
:1020A0003D108100181CC3300A1C0330041C44304E
:1020B00081C1081C0530060E2000061C03311C14CB
:1020C0001F34E07EE8C208473D108000B608AFF933
:1020D0002845084621E83A1780100CE83A4E6A086D
:1020E0006FF21040E16D11E8148E266E4C760BF005
:1020F000484E56086FF21040E16D07E8138E4C769B
:10210000C14100AD05F04C760241001D4310D60FD1
:102110002FF7E140A66FA140C8C6E078E8C20847A3
:102120003D1080005E08AFF92845084621E83A17BF
:1021300080100CE8484E12086FF21040E16D11E873
:10214000138E4C76C1410BF03A4EFE0F2FF2104029
:10215000E16D07E8148E266E4C7600AD05F0001D8B
:1021600043104C7602417E0F2FF7E140A66FA1404D
:10217000C8C6E078E2C3A1C108453D1080002042F6
:102180007E0DAFF680C180C1320D2000A140C2C7D4
:10219000E8C3A1C10E70001A020400190204231042
:1021A0008300110BFE0008452A1580100F08DF0080
:1021B000221580100F0850000DF0221580100F0816
:1021C0005000291580100F0851006D71001943004F
:1021D00018F0110BBF008D712A15801021089E0088
:1021E00021158310190BD000281580101108F0005C
:1021F00074713C012D001472340106006D700E7173
:1022000023158010CB478000B0150F08DE002A157B
:1022100080102308DF0000870888CB08DF003285A4
:102220003D158010021C833400190300001C04308B
:102230003EF0C3408000CC2F0088AB0830008A20DD
:102240004400728500B3008A04AB0089147079F2EF
:10225000011B83003D158010001C0430520BAFF6AB
:10226000A14021E81285CE0E6FF2C380004120DA32
:10227000660E6EF1C1401285BA0E6FF2C38020E681
:10228000C84820DA520E6EF1C1401285A60E6FF2D8
:10229000C4805420010820DA3E0E6EF1C14011D8EE
:1022A00004F00C73031C0332021C023080C10E0CBC
:1022B0002000A140231581102A15801031083020FC
:1022C00024783A15831020875020820023D8747018
:1022D000401D8210CA20A10A48890865447819085F
:1022E0009E003D1580108A21CC0019F0208782B80D
:1022F000401D02100589241583101B0B04002B15AB
:102300008210130A040006890B08E40010720C7195
:10231000CDF73D1580108A21D800834221B200B24A
:1023200080C19A0B2000A1400C70C8C7490B9400D3
:10233000430B310114721C74F82422111CF0210B80
:102340001010011BC300281580104F0850005908B9
:102350001101211580104708510023F02815801025
:102360000E71147178F521158010147174F50E70CA
:1023700017F08D7080AA281580101108B1006D71BA
:102380002115801014723EF33A1580108778522080
:10239000000000AA36F1211580100D081101011B63
:1023A00003015AF123158010E4B856F32A15801062
:1023B000E4B852F3021B43004EF1E078E8C208464D
:1023C0003D108000504028472C716A096FF24C7113
:1023D000420B2000C140260EAFFF19D808450EE879
:1023E000194D10DA0241FE0C2FF7081D4313C140AE
:1023F0009A0A2000A141C8C60C738BB801B7C1402E
:10240000BA0A2000E141C8C6E8C208463D10800073
:10241000504028472C711E096FF24C71F60A2000BB
:10242000C140DA0DAFFF19D808450EE8194D10DA92
:102430000241B20C2FF7081DC310C1404E0A200004
:10244000A141C8C60C738BB801B7C1406E0A200009
:10245000E141C8C6E6C208453D10800028472C71FE
:10246000D2086FF24C71AE0A2000A1408E0DAFFF72
:1024700049D8084615E8081E0313128520DA238080
:10248000620C2FF7194E128520DA2380594E560C14
:102490002FF720E1A140F6092000C141C6C60C7308
:1024A0008BB801B7A140160A2000E141C6C6E0780A
:1024B000E8C208463D108000504028472C7176083D
:1024C0006FF24C714E0A2000C140320DAFFF19D897
:1024D00008450EE8194D10DA02410A0C2FF7081DC5
:1024E0000311C140A6092000A141C8C60C738BB8D6
:1024F00001B7C140C6092000E141C8C6EAC3A9C16D
:10250000CB458000C02F4C8D304008462BEA128608
:10251000008829E843168010A5E8FA0F2FF23D162F
:1025200080103D1682107820000004712FD91E1CE7
:102530000230C140021C42308B47020CAFFF40B753
:1025400032864C7046C24EB71F1C0230268181C0B5
:1025500045C2B60C2FF210E1060D6FF280C0431E8B
:10256000C3112B0830202E710F08712043168010E4
:102570000B08D1010BF00B081521130850020F08AE
:1025800090023C16801005E82E702240CAC76E0CDF
:10259000AFFF19D808477AE821083E20431680107B
:1025A0008CE81E0BAFFFC140081F83112C86194F0A
:1025B0002474560C0FF22DF02308B10108DA081F1D
:1025C000C3110C861C8809AF0C861D880AAF2C86A7
:1025D0001B4F060B6EF114E11BF00D085F201D0868
:1025E000100231F005E8150810025B08D101820BDA
:1025F0006FF2081F031237F0620B6FF2081F4312CD
:10260000460B6FF209AF0041360B2FF21A4F088FBD
:10261000E141431E021076082000C1403C168010A4
:10262000690831800C74F60C0FF7610830800041A6
:10263000021903033D16801000B13E0D2FF7008DE7
:10264000A4F10F089F201A0D2FF7E1409FF1FB081E
:10265000B5828A214A00F3090E80E20A6FF2081F50
:1026600083120041194FA7F1E4C208460AD88E0B25
:10267000AFFF2845004108E8C140A9A90E08200085
:1026800008194301C4C6E078E4C208453C10800044
:10269000284608E80D8504E8C60C0FF7CDA5C4C68A
:1026A000088E3C95C1433220820F32002852CA0E58
:1026B0002FF30C76C4C6E078E8C210403D108000CD
:1026C000520E2FF228451471C3408000B82F04F435
:1026D000608003F0618020833E108020828D01495C
:1026E000001180001908000303118002FCE8028336
:1026F0004020020350710041F4F5C8C601894183AE
:102700003E1802200289A141024A607A0240C8C6EE
:10271000C34100000FE123B015072FF71ED9E07861
:10272000E6C20845EC8501812846C84F8E096EF146
:1027300010DA1EE8421581103D1580102471620CDC
:102740006FF6421D4210031E0311C3408000B015F6
:1027500000804215821027880C733072CA206103F2
:1027600002AEA140560FEFFFC141C6C64027031479
:102770004027021CA140F20E6FFFE141C6C6E0787F
:10278000E2C2084521810C8010DA09E14A096EF1A4
:1027900020E03F1D0310C2C6E2C2084521810C8023
:1027A00010DA09E132096EF120E00C8510D93F1DE5
:1027B0000310720A6FF630E02C85A140BE0C6FFF4B
:1027C0004021020CC2C6E078E6C3A2C108450C80D5
:1027D000284687E82E092FF740D80CA525E83D1597
:1027E00080102C714E0D2FF24C71C186484D07DAC6
:1027F000E6086EF1984E0A8EEB8E8D8E6E8E3D152C
:1028000082107920000031D9051C023080C0021CE2
:10281000423061C7061C0233071CC230420A6FF205
:10282000001C8430C6C70C738BB801B6A1408E0E55
:10283000EFFFC141C6C7E078E4C208452510830018
:102840002C108000284641812C85047BB20AAFFF02
:10285000A14008E8A140C141620EEFFF021E8313B0
:10286000C4C6E078E8C208453F108000304003E865
:10287000C8C6261581102D1580100479820CEFFF33
:10288000A14078E8251581102C15801004791909CC
:102890003F003F1D031033095F0021099E003F1DCB
:1028A0008312C8C6C3408000CC2F008810E8128570
:1028B00000880EE813095F00A1400241FE0DEFFF02
:1028C00002188323C8C63F1D0312C8C63F1D8311CB
:1028D000C8C6E078E4C22B108300241082000845AB
:1028E0000C8021810922CE0020E0EE0F2EF1C142A2
:1028F0000C854E2602142C70D86092086EF120E0F0
:10290000A140120EEFFF441D4310F208AFFF19D88B
:1029100008460EE8081E03112C85194E10DABA0F6E
:102920002EF130E1A140660DEFFFC141C4C6E07851
:10293000E8C3A1C1C3428000B015408227188300BC
:1029400010402845048A28180220048929180220EA
:1029500005892A180220068A402482302B1802207A
:1029600006892C18022007894024C1302D18022026
:10297000001603708000C42F607B024029E84418D1
:10298000032023108220058D0CD94478E3B8CA2196
:10299000E10002407E0DEFFF3F1842205E08AFFFCE
:1029A0000FD808450BE84020C129184D2A0F2EF1F9
:1029B00007DA0240D60CEFFFA14100160370800039
:1029C000C82F0214823003148130607B0240C8C7D4
:1029D000E4C228463E0DEFFF08452208AFFF0AD8A3
:1029E000004109E80819C302048E09A99E0CEFFFF3
:1029F000A140C4C6E4C2284608451A0DEFFF3F189F
:102A000003002C853D15801000B1401582102C85E7
:102A10000C72E2BACA2061001FA9241580102B1580
:102A200081104C8509204000201A0200A1403A0E76
:102A3000EFFFC141C4C6E078E4C208453F10800002
:102A40001908710328461285218610DA058009E1EC
:102A5000920EEFF65420000CA140260BAFFFC141AF
:102A6000C4C6E078E6C3A1C108451280284621818A
:102A70000580960FEFF110E0F28510DA25873E0E03
:102A80002EF15421000C21E8421581103D158010D3
:102A9000031CC3322471001C043006096FF6421D6A
:102AA0004210001600708000B01542158110078892
:102AB0003921000004B80DE0021C023080C1FE0B79
:102AC000EFFFA140C6C72B15811024158010668723
:102AD000092040004E200204786010E0AE0E2EF176
:102AE0002C701285C141441D43104580A140D2087D
:102AF000EFFF10E2C6C7E078E4C20845128028461E
:102B0000218110DA0580DE0DEFF609E1A140F20B1C
:102B1000AFFFC141C4C6E078E4C208451280284630
:102B20003F1D43134580A1408A09EFFF10E2A140F9
:102B30002A0CAFFFC141C4C6D100EFFF4181E0784C
:102B4000E6C208451280284710D90580D60E2FF618
:102B500010E01285C3413200383E0580AA0EEFF125
:102B600020E01285C3413200383E05809A0EEFF115
:102B700030E0A140E141660BAFFF3F1D0311C6C627
:102B8000E4C3A3C1084512802846218110DA0580DC
:102B9000520DEFF609E1221580101708500012853A
:102BA000C3413200383E05805E0EEFF130E0128501
:102BB0002915811045801B097100402205084280BB
:102BC0008C70A1404043520A6FF6C141C4C7C34153
:102BD0003200383E320EEFF1A0403D15801080C12A
:102BE000081C0130001C0430A140D20AEFFF021C77
:102BF0000337C4C7E6C2084512802915821028464B
:102C00001F0A7100E58021865427001CAE0C2EF1AE
:102C100010DA07E82C74620DAFFFA140C6C6284F3A
:102C200010D9020E2FF63F1D43131285C141458076
:102C3000A1408208EFFF10E2C6C6E078E07F3F18AF
:102C40000301E078E8C2084512802846218110DAA5
:102C50000580920CEFF609E112850C101000E2805D
:102C6000B60C6FFFA14032850044A140E14214112F
:102C70000500C141A2096FF60243C8C6E8C2084573
:102C80001280304010D905809A0D2FF610E0128581
:102C90003F1D0311C380E2807E0C6FFFA14032858F
:102CA0000044A140E14345810241402205046A09F4
:102CB0006FF6C142C8C6E0785107AFFF4181E078A6
:102CC000E8C3A1C1D280304021810845E58610DAF1
:102CD000EA0B2EF15427001C06E82C749A0CAFFF67
:102CE000A140C8C7038E1BD904710F7A190A350594
:102CF00003AE40270214A1400241BA0FAFFF3F1DAF
:102D0000C3101AD93D158010021C423080C1001C2E
:102D10000430AA09EFFFA140C8C7E07812802181E2
:102D200010DA058009E1BD03EFF65420000CE078CD
:102D3000E4C22845EA0FEFFF0846C140420FEFFF0B
:102D4000A141C4C6E4C22845460820000846C14047
:102D50002E0FEFFFA141C4C6E4C22846660E6FFFE6
:102D600008453E15801006E8A140EE0EAFFFC141B8
:102D7000C4C6E078528021813F18C303458209E12F
:102D80005422000C5D03EFF610DAE078E6C25280C0
:102D90000846018A4508F10028450582CB473200E4
:102DA000383EE141620CEFF120E01286E1410580FE
:102DB000560CEFF130E0548D210A3501E46D128696
:102DC000E14105801E0BEFF62DE01286548DE141A6
:102DD0000580120BEFF63DE0C6C6E07852803F1842
:102DE0004303618A7473E07D4582C906AFFF10E238
:102DF000CB448000842D2C8C02E9E07E4A240072B2
:102E0000C3413200F051C3423200D051081C0010BF
:102E1000A820C00104120304090B04002474EFF17C
:102E20000081E07F01A4E07800420088C9E00C71D5
:102E3000E07D218ACEE1E07D228AC9E1E07D038A3E
:102E40007D200001E07F1B78E8C3A1C12845060A68
:102E50002000084600951D081002B3087100AD73EC
:102E6000C34080007C21C080AD0E1010407E54F025
:102E7000360CCFF6CB458000A432C88D420CEFF65D
:102E8000081D0310450E1F10690E5F10390EBE108D
:102E900057250E1C42250D184A270014009510E8EE
:102EA00000860EE8020CCFF600151011120CEFF69A
:102EB000001D051040862C70607A0240C5748D2775
:102EC0003F1CA572AD7328F04024C1306E0CEFF6A4
:102ED000A14008475AE803148030E141152500104D
:102EE000A0100280607A0C70760CEFF6E140EEF1F3
:102EF000020FEFF60C704CE82C8815254110A0113C
:102F000002802468607A0C70F4F1AD70081E801F96
:102F1000300090D03E090000A140C8C7E2C22F2770
:102F20007F006F233F00CB458000D016008D0471D9
:102F300000AD2F267F0008D8C3410000FFFF660CBC
:102F4000EFF408DAC342800044172082041801001D
:102F5000638100414040C3420000FFFF407B2F27B8
:102F60007F006F233F00008D04E8008D047700ADE3
:102F7000001E4170F000800A2F267F00C2C6E07854
:102F8000E8C2CB458000B0320D8DED7015E82C8D78
:102F90000FE9B1404A2600100410002405E84078EB
:102FA0002C8DC0BE057EE571F10F449002F0CD700E
:102FB00044264F10EDADE140C8C6E0780818800FF8
:102FC0003200482EE07F08D80C70B905EFF62C725D
:102FD000E4C22846A20DEFF608450D8D04E84E0820
:102FE0002000A140001600708000C432C2A50D1D53
:102FF00043100CE84A220000004102801B0E04101E
:1030000000812042FAE809F0D20C4FF4C34180005D
:10301000E0224C7000A1C3408000C4329E0CEFF649
:10302000A141860DCFF6C4C6E2C20845C340800068
:10303000C4326C700A2100002081604209E9FD0958
:1030400061832043CA0CEFF6A1410D1D0310C2C6D7
:10305000E4C38A0C6FF4A1C1CB458000E0226A0C66
:103060006FF420851D08D40245288E020A0D6FF4E6
:103070005A2680122085386000A5DA0DEFF6C1408F
:103080004A0DEFF64024C0300AE81C30800F0000E3
:103090001027C3413200C82FE60C4FF4C4C7FFFF0E
:1030A000001F091E03080D1D020507150C181C132F
:1030B000010A040E061619140B0F171A101B111211
:1030C000480073FE1CFF3C005DFFC6FF3600370062
:1030D000360036005C005D005C005C004800490082
:1030E000480048004800490048004800F300F0004C
:1030F000F300F300F300F000F300F300F300F0003E
:10310000F300F300F300F000F300F3008D008B00F8
:103110008D008D009800C000AA00AA003C001B0092
:10312000120049201300048AA6003100AE000100FD
:10313000A700400B1B00CA951C00CC2D18000000F6
:10314000190000001A0003003D00200E250089062A
:103150002700090F2A0089062B008C072C00090F75
:103160003B00507321006500230003C905050505D8
:10317000040404040403030303030303030303031A
:10318000030303020202020202020202020101011F
:103190000101010105040403030303030302020206
:1031A000020101010000000000000000000000001A
:1031B0000000000000000000000000001702B6023E
:1031C0003803BC0333049F042C02CB024D03D2030B
:1031D0004804B4041000160039009B016900BB15B7
:1031E000110020231000041039009B016900FB0C22
:1031F000110043061000170039009B216900BB1520
:10320000110020231000170039009B216900BB1515
:1032100011002023C70000DF0001DF0001DF0001F3
:10322000DF0001DF0001DF0001DF0001DF0001DF5F
:103230000001DF0001DF0001DF0001DF0001DF002E
:1032400001DF0001DF0001DF0001DF0001DF00011D
:10325000DF0001DF0001DF0001DF0001DF0001E826
:103260000003E80003E80003E80003E80003E800C7
:1032700003E80003E80003E80003F10008F1000898
:10328000F10008F10008F10008F10008F10008F170
:103290000008F10008F4000CF4000CF4000CF70036
:1032A00011F70011F70011FA0019FA0019FA0019C4
:1032B000FD0025FD0025FD002500012E00012E004A
:1032C000012E03042F03042F03042F0404390505E2
:1032D0003B06073D08083E08083E0A0D3F0A0D3F21
:1032E0000E0E090E03080410100B10030A07262601
:1032F00015260814092D2D1A2D08190B77777777C5
:1033000019760E8F8F8F8F198E10FFFF050505051B
:103310000501010101010101010101020202020294
:103320000000040404040607070707030605030753
:103330000707060609080808080808080808FFFF24
:1033400030004E414E006E616E00494E4600696E7F
:1033500066005441534B5F69646C653A20515F4588
:103360004E5452595F534947202D20496E69746964
:10337000616C697A656420493243205374617465D5
:103380003A204932435F53544154455F49444C45C8
:1033900020282564290D0A0020205265737461726B
:1033A00074696E67204164766572746973696E67CB
:1033B0002E2E2E0D0A0D0A006E616E005441534BE5
:1033C0005F69646C653A205349475F54494D4552E3
:1033D0005F5449434B202D205374617274696E67AA
:1033E0002041444320636F6E76657273696F6E2E61
:1033F0000D0A002A2A2A2A2A2A204174744D73674A
:10340000416C6C6F63204641494C454421204E6F0E
:1034100074696669636174696F6E20736B6970703B
:1034200065642E202A2A2A2A2A2A0D0A00666E6935
:103430002D005441534B5F69646C653A20534947F2
:103440005F493243202D204552524F523A20466167
:10345000696C656420746F207363686564756C655E
:103460002054696D65725F4F6E6573686F74446553
:103470006C617920666F72205354533430206D652F
:1034800061737572656D656E742E0D0A005441533B
:103490004B5F69646C653A205349475F493243206A
:1034A0002D20493243205374617465207265736521
:1034B0007420746F2049444C4520282564292064D9
:1034C000756520746F2054696D65725F4F6E65730A
:1034D000686F7444656C6179206661696C757265AA
:1034E0002E0D0A005441534B5F69646C653A2053BA
:1034F00049475F493243202D2053545334302052E2
:1035000065616420446174612041434B65642E20F1
:1035100050726F63657373696E672074656D706553
:103520007261747572652E0D0A00285B2530325861
:103530002C253032582C253032582C253032582C3E
:10354000253032585D290D0A005441534B5F6964A0
:103550006C653A205349475F493243202D2057413B
:10356000524E494E473A205349475F4932432072F1
:103570006563656976656420696E20756E6578702F
:103580006563746564204932432073746174653ADD
:103590002025642E20526573657474696E672074EB
:1035A0006F2049444C452E0D0A005441534B5F692E
:1035B000646C653A205349475F493243202D2049C6
:1035C000324320537461746520726573657420748E
:1035D0006F2049444C4520282564292064756520C6
:1035E000746F20756E65787065637465642073749C
:1035F0006174652E0D0A005441534B5F69646C651C
:103600003A205349475F4932435F4D454153555234
:10361000454D454E545F5245414459202D20437538
:103620007272656E74204932432053746174653A36
:103630002025640D0A005441534B5F69646C653A60
:10364000205349475F4932435F4D454153555245E9
:103650004D454E545F5245414459202D2053656ECF
:10366000736F72206D6561737572656D656E742020
:1036700064656C617920636F6D706C6574652E2074
:10368000417474656D7074696E6720746F20726523
:1036900061642053545334302064617461202833B2
:1036A000206279746573292E0D0A005441534B5FD3
:1036B00069646C653A205349475F4932435F4D4521
:1036C00041535552454D454E545F52454144592052
:1036D0002D204932435F5265616420666F7220532A
:1036E000545334302064617461205355434345532F
:1036F000532E204E65772049324320537461746500
:103700003A204932435F53544154455F4157414940
:1037100054494E475F524541445F444154415F41E3
:10372000434B20282564290D0A005441534B5F69FF
:10373000646C653A205349475F4932435F4D4541C8
:10374000535552454D454E545F5245414459202DE5
:10375000204552524F523A204661696C656420748C
:103760006F207175657565204932435F52656164EC
:1037700020666F7220535453343020646174612E7C
:103780000D0A005441534B5F69646C653A205349FC
:10379000475F4144435F495352202D204375727265
:1037A000656E74204932432053746174653A202554
:1037B000640D0A00666E692B005441534B5F6964C7
:1037C0006C653A205349475F4932435F4D45415349
:1037D0005552454D454E545F5245414459202D2088
:1037E0004932432053746174652072657365742097
:1037F000746F2049444C4520282564292064756550
:1038000020746F204932435F5265616420666169AC
:103810006C7572652E0D0A005441534B5F69646CE0
:10382000653A205349475F4932435F4D45415355FF
:1038300052454D454E545F5245414459202D205725
:1038400041524E494E473A205349475F4932435F00
:103850004D4541535552454D454E545F52454144A7
:103860005920726563656976656420696E20756E9E
:1038700065787065637465642049324320737461B0
:1038800074653A2025642E20526573657474696EE0
:103890006720746F2049444C452E0D0A0054415353
:1038A0004B5F69646C653A205349475F4932435F17
:1038B0004D4541535552454D454E545F5245414447
:1038C00059202D204932432053746174652072655C
:1038D00073657420746F2049444C45202825642961
:1038E0002064756520746F20756E657870656374EB
:1038F00065642073746174652E0D0A005441534B46
:103900005F69646C653A202D2D2D3E204576656EED
:10391000743A20556E68616E646C65642053696703
:103920006E616C20285369673A202523303458296A
:103930002E2050617373696E6720746F20737570E9
:10394000657273746174652E203C2D2D2D0D0A0057
:1039500073746174757320213D20300D0A00544149
:10396000534B5F69646C653A205349475F41444358
:103970005F495352202D2049324320697320494426
:103980004C452E20417474656D7074696E672074A7
:103990006F2073656E64205354533430206D65611D
:1039A0007375726520636F6D6D616E642028307869
:1039B0004644292E0D0A00666E69005441534B5F40
:1039C00069646C653A205349475F4144435F4953FA
:1039D00052202D204932435F577269746520666F0B
:1039E0007220535453343020636D64205355434345
:1039F0004553532E204E657720493243205374613E
:103A000074653A204932435F53544154455F4157EE
:103A1000414954494E475F57524954455F434D44CD
:103A20005F41434B20282564290D0A005441534B24
:103A30005F69646C653A205349475F4144435F497D
:103A40005352202D204552524F523A204661696C04
:103A5000656420746F207175657565204932435F18
:103A6000577269746520666F722053545334302046
:103A7000636D642E20493243205374617465207253
:103A8000656D61696E732049444C45202825642981
:103A90002E0D0A005441534B5F69646C653A205304
:103AA00049475F4144435F495352202D20493243E7
:103AB0002042757379202853746174653A20256417
:103AC000292E20536B697070696E672053545334EC
:103AD0003020636F6D6D616E6420696E6974696119
:103AE00074696F6E20666F72207468697320414438
:103AF00043206379636C652E0D0A005441534B5F7C
:103B000069646C653A205349475F493243202D2050
:103B100043757272656E7420493243205374617428
:103B200065206265666F72652070726F636573737E
:103B3000696E673A2025640D0A005441534B5F6952
:103B4000646C653A205349475F493243202D204930
:103B50003243206F7020636F6D706C6574652C202C
:103B600062757420737461746520697320616C726E
:103B7000656164792049444C452E204C696B656C25
:103B8000792064756520746F207072696F722049A6
:103B90003243206572726F72206465746563746568
:103BA0006420696E204932435F43616C6C626163DB
:103BB0006B2E0D0A005441534B5F69646C653A20CB
:103BC0005349475F493243202D204E6577204932C3
:103BD000432053746174653A204932435F53544122
:103BE00054455F57414954494E475F464F525F53D2
:103BF000454E534F525F4D4541535552454D454EED
:103C00005420282564290D0A00FFFFFF0100000051
:103C100000000000000000000000000000000000A4
:103C20000100000000000000000000000000000093
:103C30000000000001000000000000000000000083
:103C40000000000000000000010000000000000073
:103C50000000000000000000000000000300000061
:103C60000000000000000000000000000000000054
:103C7000000103FF020000003023800020B003D2C7
:103C8000F297BE2C5E2C83A7E9F9A5B9EFF4911148
:103C9000ACF4FDDBCC0301480E359DE66C888391C6
:103CA000AAF5A53860370BDB5A6083BE11010013FB
:103CB00001010203010104150506070000010102CC
:103CC00002000100010001020103010101040000E2
:103CD0000001000000020300010304060088130035
:103CE0000088130000000000000000000000000039
:103CF00007000000000003040506080AD0CF3000CA
:103D0000B4CD300024CA300068C93000E0C83000AB
:103D1000000000000100000002000000030000009D
:103D2000D0CF3000B4CD30005461736B00FFFFFF83
:103D30004D7941707000FFFF71665F61637400FF31
:103D400071665F64796E00FF716B00FF7165705F73
:103D500068736D0071665F6D656D00FF71665F6110
:103D6000637471005773664F7300FFFFFFFFFFFF1F
:103D7000000000000000F03F0000000000002440B0
:103D800000000000000059400000000000408F408B
:103D9000000000000088C34000000000006AF840F6
:103DA0000000000080842E4100000000D01263411A
:103DB0000000000084D797410000000065CDCD4190
:103DC00000FF012AA62AFFFF0F00000017001E04B3
:103DD00003280229002AFFFF8C2431008C243100A3
:103DE000882431007024310074243100882431008B
:103DF0008824310070243100292B2A2B0028052A21
:103E000001283A2BF8283100682E3100742E310039
:103E1000C027310074243100902C3100AC2C3100CB
:103E2000542C3100000305070503050505030305B0
:103E300002000001000FFFFF000000000000000072
:103E40000000000000000000FDFFFFFF0000000078
:103E5000963007772C610EEEBA51099919C46D0797
:103E60008FF46A7035A563E9A395649E3288DB0EF2
:103E7000A4B8DC791EE9D5E088D9D2972B4CB609D5
:103E8000BD7CB17E072DB8E7911DBF906410B71DB2
:103E9000F220B06A4871B9F3DE41BE847DD4DA1AEB
:103EA000EBE4DD6D51B5D4F4C785D38356986C131C
:103EB000C0A86B647AF962FDECC9658A4F5C011495
:103EC000D96C0663633D0FFAF50D088DC8206E3B73
:103ED0005E10694CE44160D5727167A2D1E4033C85
:103EE00047D4044BFD850DD26BB50AA5FAA8B535AC
:103EF0006C98B242D6C9BBDB40F9BCACE36CD8329B
:103F0000755CDF45CF0DD6DC593DD1ABAC30D92641
:103F10003A00DE518051D7C81661D0BFB5F4B42144
:103F200023C4B3569995BACF0FA5BDB89EB8022841
:103F30000888055FB2D90CC624E90BB1877C6F2FC6
:103F4000114C6858AB1D61C13D2D66B69041DC76C1
:103F50000671DB01BC20D2982A10D5EF8985B1719A
:103F60001FB5B606A5E4BF9F33D4B8E8A2C9077849
:103F700034F9000F8EA8099618980EE1BB0D6A7FE0
:103F80002D3D6D08976C6491015C63E6F4516B6B99
:103F900062616C1CD83065854E0062F2ED95066C4E
:103FA0007BA5011BC1F4088257C40FF5C6D9B065C3
:103FB00050E9B712EAB8BE8B7C88B9FCDF1DDD6220
:103FC000492DDA15F37CD38C654CD4FB5861B24D86
:103FD000CE51B53A7400BCA3E230BBD441A5DF4A50
:103FE000D795D83D6DC4D1A4FBF4D6D36AE9694313
:103FF000FCD96E34468867ADD0B860DA732D0444BE
:10400000E51D03335F4C0AAAC97C0DDD3C710550E8
:10401000AA41022710100BBE86200CC925B568578F
:10402000B3856F2009D466B99FE461CE0EF9DE5ED8
:1040300098C9D9292298D0B0B4A8D7C7173DB35989
:10404000810DB42E3B5CBDB7AD6CBAC02083B8ED1A
:10405000B6B3BF9A0CE2B6039AD2B1743947D5EA27
:10406000AF77D29D1526DB048316DC73120B63E356
:10407000843B64943E6A6D0DA85A6A7A0BCF0EE4B5
:104080009DFF099327AE000AB19E077D44930FF070
:10409000D2A3088768F2011EFEC206695D5762F767
:1040A000CB67658071366C19E7066B6E761BD4FEA4
:1040B000E02BD3895A7ADA10CC4ADD676FDFB9F981
:1040C000F9EFBE8E43BEB717D58EB060E8A3D6D643
:1040D0007E93D1A1C4C2D83852F2DF4FF167BBD171
:1040E0006757BCA6DD06B53F4B36B248DA2B0DD874
:1040F0004C1B0AAFF64A0336607A0441C3EF60DF17
:1041000055DF67A8EF8E6E3179BE69468CB361CBFF
:104110001A8366BCA0D26F2536E2685295770CCC24
:1041200003470BBBB91602222F260555BE3BBAC565
:10413000280BBDB2925AB42B046AB35CA7FFD7C256
:1041400031CFD0B58B9ED92C1DAEDE5BB0C2649B47
:1041500026F263EC9CA36A750A936D02A906099C7A
:104160003F360EEB8567077213570005824ABF95ED
:10417000147AB8E2AE2BB17B381BB60C9B8ED29270
:104180000DBED5E5B7EFDC7C21DFDB0BD4D2D386C7
:1041900042E2D4F1F8B3DD686E83DA1FCD16BE813A
:1041A0005B26B9F6E177B06F7747B718E65A08880B
:1041B000706A0FFFCA3B06665C0B0111FF9E658F9C
:1041C00069AE62F8D3FF6B6145CF6C1678E20AA046
:1041D000EED20DD75483044EC2B30339612667A7CC
:1041E000F71660D04D476949DB776E3E4A6AD1AE1B
:1041F000DC5AD6D9660BDF40F03BD83753AEBCA9AA
:10420000C59EBBDE7FCFB247E9FFB5301CF2BDBD16
:104210008AC2BACA3093B353A6A3B4240536D0BA1F
:104220009306D7CD2957DE54BF67D9232E7A66B3BC
:10423000B84A61C4021B685D942B6F2A37BE0BB469
:10424000A18E0CC31BDF055A8DEF022D0500050062
:104250000500050005000500050005000700050034
:10426000050007000600050005000600080005001F
:104270000500080005000500020002000500050019
:104280000500050022002200FC3D3200CE45320030
:104290007842320002000001D03D32007045320009
:1042A000544232000500000134453200CC13800036
:1042B0005A13800014000801D03D3200B04532008E
:1042C0006E42320005000001444532003C1480007B
:1042D0006C42320008000001D03D320080453200BF
:1042E000584232000500000138453200F4138000C6
:1042F0005E13800019000801D03D3200C045320035
:104300007442320005000001484532004C14800020
:104310006213800019000801D03D32005045320080
:104320004C423200050000012C4532006C13800025
:104330005213800015000801D03D32006045320064
:104340005042320005000001304532009C138000CD
:104350005613800015000801D03D3200D4453200CC
:104360007C423200050000014C453200841480007C
:104370006613800015000801D03D3200A0453200D0
:10438000664232000500000140453200AC1E80004C
:104390006442320006000001D03D320090453200F8
:1043A0005E423200050000013C4532002C148000C2
:1043B0005C42320007000001D03D32000846320066
:1043C000804232000500000128453200E4453200F9
:1043D0008442320022000001003E3200D04532000B
:1043E0007A42320002000001D03D320078453200AE
:1043F000564232000500000136453200E0138000CD
:104400005C13800014000801D03D3200B845320032
:10441000704232000500000146453200441480001D
:104420007242320008000001D03D3200884532005F
:104430005A423200050000013A4532001014800053
:104440006013800019000801D03D3200C8453200D9
:1044500076423200050000014A45320068148000AF
:104460006413800019000801D03D32005845320025
:104470004E423200050000012E45320084138000B8
:104480005413800015000801D03D32006845320009
:10449000524232000500000132453200B413800060
:1044A0005813800015000801D03D3200DC45320071
:1044B0007E423200050000014E4532009C1480000F
:1044C0006813800015000801D03D3200A845320075
:1044D000684232000500000142453200B41E8000EF
:1044E0006A42320006000001D03D32009845320099
:1044F00060423200050000013E4532003414800065
:104500006242320007000001D03D32001046320006
:1045100082423200050000012A453200184632006E
:104520008642320022000001FF2BFF2B262A262A7A
:10453000272A272A292A292A242A242A502A502AA3
:104540002A2A2A2A232A232A252A252A282A282AE7
:10455000023A00262AFFFFFF020A05262AFFFFFF74
:10456000023C00272AFFFFFF020C05272AFFFFFF5E
:10457000023200292AFFFFFF020205292AFFFFFF5E
:10458000023600242AFFFFFF020605242AFFFFFF50
:10459000024200502AFFFFFF021205502AFFFFFFD0
:1045A0000240002A2AFFFFFF0210052A2AFFFFFF10
:1045B000023400232AFFFFFF020405232AFFFFFF26
:1045C000023800252AFFFFFF020805252AFF0A18E6
:1045D0000A18FFFF023E00282AFFFFFF020E0528EF
:1045E0002AFFFFFF0944656661756C74204D6564A0
:1045F000000000000044656661756C7420417574AC
:10460000680000000000FFFF024400FF2BFFFFFFD7
:10461000021405FF2BFFFFFF095365636F6E6420D3
:10462000204D656400000000005365636F6E6420D8
:1046300020417574680000000000FFFF184C310035
:104640007C4C3100904C3100BC4C3100784C310036
:10465000144C31008C4C3100E44C3100A84E310038
:10466000BC4D3100984E3100F45531003C4F3100C3
:104670007050310024543100005331008C5331000C
:10468000505331001C53310014543100C8523100D2
:10469000EC52310008533100D85231006C523100D5
:1046A000B851310038523100180028000000D007FE
:1046B00000000000011000000220000003220000A2
:1046C00000000000010004110100000303020003C8
:1046D0000100010002000021020000230322002348
:1046E00002000200030004010300030003000004B1
:1046F0000305030004000400040000040401000496
:10470000040004007C5431008054310064543100B2
:1047100010201121F4553100F0553100E4543100DE
:10472000F45531005C55310090553100040004000F
:1047300004000C00040004001C0026000A000E0007
:104740000600040006000400060022001000080015
:104750000600240064001400060004000A000A0099
:104760000600060006000C000C0006000E000E00FD
:10477000080006000A0006000A0006000A000C00F5
:10478000040004002400060006001A001A000600B7
:104790001E001E00080008001400080004000600A7
:1047A0001400100014000E00B600080008000800F5
:1047B000080008000800080008000A0014000600AD
:1047C0000A0028000A000A000A000A0006003A004F
:1047D0002000100028000600240024000600060027
:1047E0001C0010000C000800080008000E00240047
:1047F000040008000400060006000800F45531001B
:10480000F0553100F05531000703030303030204A0
:104810000404040405050505050707070706060641
:104820000606060505040407070407040405050435
:1048300004090909020200000B0B0B070B0200021E
:10484000000A010B0C0C0D0D0D0D0D0D0D101010AF
:1048500004111114141414141412121313130B153D
:10486000161616161614060A0A0A0B0BBC56310049
:1048700020563100A45631004056310020573100F7
:1048800030573100445631002857310078573100F5
:104890003C573100F4553100F0553100B05731002C
:1048A0006C583100C05731005C583100145A310047
:1048B00090583100B8593100F4553100F0553100AD
:1048C00060593100020005000100050005000200EA
:1048D000FC3D320056493200CE4832000200000151
:1048E000D03D320050493200CC4832000500000172
:1048F000D43D3200601580005C15800014000A1160
:10490000D03D320040493200C64832000500000167
:10491000C23D320084218000C44832000200000100
:10492000D03D320048493200CA483200050000013B
:10493000C43D320086218000C848320001000001D9
:10494000020500012AFFFFFF020700A62AFFFFFF62
:10495000020300002AFF00180100050010000500F6
:10496000040005000200010005000200FC3D3200C9
:104970002E4A32006A49320002000001D03D320066
:10498000204A32006249320005000001FE3D32003B
:104990001C4A32006049320004000000D23D32005F
:1049A0009C2180006449320002002011D03D320079
:1049B0000C4A32005A49320005000001F83D32002D
:1049C0008A2180005849320001000611D03D320092
:1049D000144A32005E49320005000001FA3D3200FF
:1049E0008C2180005C49320010000401D03D32006F
:1049F000284A32006849320005000001023E3200B8
:104A00009E21800066493200010000010A1500293C
:104A10002BFFFFFF0217002A2BFFFFFF0100FFFF04
:104A2000201200052AFFFFFF0219003A2BFF011890
:104A3000020106020A00110728D41BE07AFAC0AD71
:104A4000E8114D45086FCF81000000000000A00074
:104A500000000000000000000003FFFF0000000055
:104A6000100020000000D007050000000F0000002B
:104A700017001E041000040020000B004000060078
:104A8000700003002F000C00100103004001010022
:104A90001300020000000302010000000200FFFFFB
:104AA00014020228D41BE07AFAC0ADE8114D4592F9
:104AB00071CF81FF1300FFFF28D41BE07AFAC0AD4D
:104AC000E8114D459271CF81FC3D3200244B3200FC
:104AD000344B320010000001D03D3200A04A3200B9
:104AE000B44A320013000001B84A32005820800056
:104AF0001C15800014000B10D23D3200562080009F
:104B00009C4A320002002011010000000000000059
:104B10001209454D20454D4220445453205365729F
:104B2000766572FF28D41BE07AFAC0ADE8114D45D6
:104B3000086FCF811000FFFFF40100000307100190
:104B40000000000000FA000000FA0000020000006F
:104B5000060004001C000400040026000A000E00E9
:104B600006000E0010000A000800100008000800EF
:104B70000E0006000E004600260018000A00240061
:104B8000060004000C0006000A0006001A000600D9
:104B90001400080014000400B80008001E002800DB
:104BA0000A002000060006001C0006000A000E0095
:104BB00008000C001C001000140008001400040081
:104BC0001400063635010304050A0B0F0E100D0CF8
:104BD0002328242526002B2C372D2F382E39303230
:104BE000313334003E3F3B45465152555354485CA7
:104BF0005B0056575F606300F85C3100F85C310081
:104C00000C5D3100145D3100085D310030BC3100B5
:104C100024BC310004BC310014BC310064BC310040
:104C20009CBC31000100010000000000C86B310095
:104C3000B0693100F069310000000000AC6B310058
:104C4000B0693100AC6B3100000000001C6A31001B
:104C500000000000D4693100D46931000000000078
:104C6000B869310000000000D4693100D469310016
:104C700000000000DC6931000001000100030102B6
:104C8000010003020202000303030300F4F33100F6
:104C9000C8B9310004F93100000000000000000034
:104CA0007CF23100C0B2310038F231000000000067
:104CB0000000000000000000E0B5310018F93100EC
:104CC00024B6310018F93100000000000CBA3100A0
:104CD00094F831000CBA310094F8310048F43100F6
:104CE00098B53100C8F73100A0B53100C8F73100E0
:104CF00070F4310050B93100D8F83100F499310026
:104D000000000000D8683100946731007C673100F2
:104D1000F499310000000000C4F8310048B73100B8
:104D200044F731009CB7310044F731000000000027
:104D30006CB3310094F23100F499310000000000AE
:104D400000000000F0B3310018F33100F499310095
:104D500000000000081014182030343840444C5C27
:104D600058607078F4ECE8E4DCCCC8C4BCB8B0A0FF
:104D7000A49C8C84447B3100407A3100C47E310095
:104D8000DC793100DC793100DC793100DC7931000B
:104D9000D87E3100EC7B3100F87B3100DC793100CA
:104DA000DC7931009C79310084793100A47C3100B8
:104DB000107B3100347B3100F87D3100DC7931002B
:104DC000DC793100107C3100107C3100147D310021
:104DD0003C7D31004C7D3100287C3100B07B3100BE
:104DE000D87B3100CC7C3100647C3100847C310084
:104DF000987A3100C07A3100707A3100E87A310057
:104E0000A47D3100CC7D3100787D3100707E310091
:104E10001C7E3100E07931000C7A3100F07C3100E9
:104E200068813100E0853100288131001C82310029
:104E300000000000000000008C813100C8813100BA
:104E4000C085310000000000A08231005081310097
:104E5000000000004881310048813100000000005E
:104E60003081310000000000000000004881310066
:104E70004881310000000000B081310000000000D6
:104E8000000100010000030102010001030202020F
:104E90000002030303030003749B3100F8993100FF
:104EA000AC9B31000000000000000000F4F631006F
:104EB00044B731000000000068F731008CB63100C3
:104EC00054F53100D4B6310040F631000000000046
:104ED00068A9310000000000000000000000000090
:104EE0008CAA3100D4A831000000000000000000AE
:104EF000CCA83100CCA83100B8A8310000000000D7
:104F0000CCA83100CCA83100000000000001000056
:104F100003010200030202000303030000643100E6
:104F20002C66310000000000000000001C6631000B
:104F30000000000000000000A4673100E8633100B9
:104F40008C673100D0643100906431008C6731008F
:104F5000E864310000000000A4673100E86331001C
:104F60004466310000000000000000001C663100B3
:104F7000C46631000000000000000000E86331005A
:104F80008C67310000000000000000008C673100D9
:104F900000000000F4643100000000000201000085
:104FA00003000000010102000101010102010202EF
:104FB00003000002030303030303000348663100F8
:104FC000148C3100148C3100148C3100000000006E
:104FD0000000000000000000148C3100148C31002F
:104FE000148C3100148C310000000000000000001F
:104FF000F8683100148C3100148C3100148C3100AD
:10500000148C3100646431001C6431000000000025
:10501000148C310034673100148C3100148C310051
:10502000000000000000000000000000148C3100AF
:10503000148C310060663100148C310000000000D7
:105040000000000000000000148C3100148C3100BE
:10505000148C3100148C31000000000000000000AE
:10506000E8683100148C3100148C3100148C31004C
:10507000A87F3100000000000000000000000000D8
:105080000100000000000001010101010102020213
:1050900002020300020304030303030304040504E0
:1050A00004040405050505050506060606000606B2
:1050B00006FFFFFFB4643100000000008466310089
:1050C0000000000000000000F0633100000000005C
:1050D0007467310000000000946631000000000099
:1050E00000000000F0633100306831007467310067
:1050F0009866310094663100F86631000C65310025
:10510000F06331000000000074673100000000000F
:1051100000000000F8663100000000000000000000
:10512000D4673100746731009866310000000000D8
:10513000F8663100000000000000000000000000E0
:105140007467310000000000000000000000000053
:105150004065310000000000000000000100030075
:105160000001000101030101010202050300000228
:1051700002030303030303040405040404040405F5
:10518000050505000505FFFF6C6F4000604F4000FE
:1051900074734000685340007C77400070574000B3
:1051A000847B4000785B4000947B4000885B40003B
:1051B000A47B4000985B4000B47B4000A85B4000AB
:1051C000F401FA00960064004B0032001E00140047
:1051D00080841E0040420F0020A1070000710200E1
:1051E00080380100409C000088130000000000008F
:1051F00040420F00A086010050C3000010270000AD
:1052000088130000C4090000E204000071020000DD
:10521000F4010000030710010000000000FA000084
:1052200000FA000002000000000707111102110B34
:1052300011081102411102FF62746C65C81232003C
:10524000A012320084133200A81332003C13320043
:105250000C143200EC1232000C133200D013320066
:105260001413320034133200A412320070123200D0
:1052700078123200CC123200DC12320054133200A9
:10528000D0293200C827320030293200802732006E
:105290009827320020273200D4283200F429320027
:1052A0006428320038283200C8123200D41D32007F
:1052B000B01F3200A8133200981F3200582D320060
:1052C0000C1432008C2D3200EC1232000C13320020
:1052D000D01332001413320034133200A4123200FF
:1052E0005413320078123200CC123200DC12320039
:1052F00070123200D0293200C82732003029320023
:1053000080273200402B3200382B3200F82A32003E
:10531000182B320038203200C41F3200FC1F32002C
:105320001C2D3200302D3200442D32007C2C3200F6
:10533000B82C3200442C3200C02C32003C2C3200FD
:10534000802B3200F42B3200742D3200DC2D320021
:10535000382A3200241D3200B41C3200441C3200B2
:10536000E41D3200601E3200642A320098273200A9
:1053700020273200D4283200F429320038283200A5
:105380006428320090533200A85232009C543200FC
:10539000D0543200305432004C5432003055320078
:1053A00090553200285532006C543200F0543200CF
:1053B000F8543200E8543200005532000C553200E7
:1053C0004C5532005C55320088553200645532002D
:1053D000745532006C5532007C5532003C55320019
:1053E00044553200B855320078543200905432009F
:1053F0008854320080543200AC543200B45432002D
:10540000E8563200005732005056320060563200E3
:10541000D45632007056320080563200AC553200FD
:10542000BC543200185532005454320098553200A2
:105430000A00010602140700020300010800010926
:1054400000010F01031F0001000000FF020315000F
:105450000000FFFF10000F0F2702062612050010A4
:105460000A000103000107260000000013071714BB
:105470000C1B15142500000019172B000000FFFF5E
:105480001C1A2E000000FFFF1C192D000000FFFF5A
:105490001C182C0D260D000000FFFFFF0A0002075C
:1054A00000020300040F2702000000FF1C1B2F0056
:1054B0000000FFFF1C2430000000FFFF0825340916
:1054C00000020324001D00040D260D000000FFFF54
:1054D0000501130A00010602140700000300010F72
:1054E0000000000000FFFFFF1C0A1A000000FFFF81
:1054F0001C0818000000FFFF060919000000FFFF4C
:10550000161529060B280D260D00000016162A0D6B
:10551000260D000000FFFFFF0625350C25360E0086
:105520000E032500000000FF040407000000FFFF39
:10553000110500121C00000000FFFFFF1C152700D2
:105540000000FFFF061326000000FFFF060C1C1ED4
:105550000D1E170C1D040E07000000FF040F200095
:105560000000FFFF1C1022000000FFFF1C1224009F
:105570000000FFFF061123000000FFFF1A0E001BB2
:1055800015290D260D000000060F1F000000FFFF6B
:10559000060605000000FFFF0A0001072700032799
:1055A000000F2700052711000000FFFF0B24330D1B
:1055B000260D000000FFFFFF06162A0D260D000035
:1055C00000FFFFFFD05532003C52320088563200B7
:1055D000A45632000C56320028563200DC563200F7
:1055E000F45632004856320058563200CC5632003B
:1055F00068563200785632002057320098563200F2
:10560000BC563200305632000C5732000A000106F8
:1056100002120700020300010800010900010F0146
:10562000031F0001000000FF020313000000FFFF42
:1056300010000D0F0E02060D0C05000E0A000103EE
:105640000001070D000000000B0607000000FFFF2F
:105650000B1F09000000FFFF0B0708000000FFFF01
:105660000B200A000000FFFF0B090A000000FFFFEB
:105670000B220C000000FFFF0B0A16000000FFFFCA
:105680000B2332000000FFFF0A00020700020300A4
:10569000040F0E02000000FF080C18090002030BA3
:1056A000000000000501110A0001060212070000B7
:1056B0000300010F0000000000FFFFFF0C0C1906A3
:1056C0000C1A0E0010030C00000000FF0608090071
:1056D0000000FFFF06210B000000FFFF0404050689
:1056E0000414000000FFFFFF041D06061D16000045
:1056F00000FFFFFF040506060515000000FFFFFF81
:10570000041E08061E31000000FFFFFF0A0001070B
:105710000E00030E000F0E00050E0F000000FFFF2D
:105720000B0B170D0D0B000000FFFFFF494E490248
:10573000B8128000540300000000000000000000C8
:105740000000000000000000010000000000000058
:105750000000000000000000000000000000000049
:105760000000000000000000000000000000000039
:105770000000000000000000FB349B5F8000008000
:10578000001000000000000000000000D0323100D6
:10579000A0303100A4313100783A31009C39310019
:1057A000BC34310054373100A03531002C3D31007C
:1057B0002C3D310064333100242F31000000000003
:1057C00000000000C03C31006C38310000000000D7
:1057D00006C7040004000B000B00120012000900B1
:1057E00009000500050004000400000076342E3096
:1057F00000000000000000000000000000000000A9
:105800000000000076342E30000000000000000090
:105810000000000000000000000000005439333098
:1058200035543030315147000000000000000000C6
:1058300000000000543933303554303031514700C6
:10584000000000000000000000000000454D204D59
:105850006963726F656C656374726F6E6963000073
:105860005365636F6E646172792E00000000000062
:1058700000000000454D39333035763032000000ED
:105880000000000000000000000000000000000018
:10589000454D3933303576303220536563206E758F
:1058A0006D0000000000000000000000015A00012F
:1058B00000200300015A000100200300010203043C
:1058C000055A0000060708090AE807003132333498
:1058D0003500000000000000000000000000000093
:1058E00000000000000000003536373839000000A5
:1058F00000000000000000000000000000000000A8
:105900000000000076342E3000000000000000008F
:1059100000000000000000000000000076342E307F
:105920000000000000000000000000000000000077
:1059300000000000FC473200FC473200FC47320008
:10594000FC473200FC473200FC473200FC47320083
:1059500020473200FC473200FC473200FC4732004F
:10596000FC473200FC473200FC473200FC47320063
:10597000FC473200FC473200FC473200FC47320053
:10598000FC473200FC473200FC473200FC47320043
:10599000FC473200D042300000000000140000003C
:1059A00000000000C84A32000000000000000000B3
:1059B00000020302447B30000000000010000000E1
:1059C00000000000000000000000000000000000D7
:1059D00001000000C40331000000000007000000C7
:1059E000454D393330354200000000000000000012
:1059F00000000000FC5C3100105D31000000000080
:105A0000FF06000000000000F84B3200F84B3200A7
:105A1000FFFFFFFF1F000000010000005849310098
:105A20000000000014188000C03D3200C83D320064
:105A30001052320000FB00FB048A0000000000004E
:105A400088423200000000000000000030004400E6
:105A500000000000D84332000000000000000000F9
:105A60000005140500000000D048320000000000CE
:105A70000000000001000700000000006C49320037
:105A8000000000000000000010001900B8FA8000BB
:105A90003C03000068FB800058FD800054FF80003C
:105AA00004FD800044FD80004CFB800000000000ED
:105AB00000000000000000000000000000000000E6
:105AC00000000000000000000000000000000000D6
:105AD00000000000000000000000000070433000E3
:105AE00000000000F0433000000000000000000053
:105AF00000000000000000000000000000000000A6
:105B00000000000000000000000000008479300068
:105B100000000000CC7A300000000000000000000F
:105B20000400000106070000848C3000188D30004E
:105B3000C88C30000C118000000000000A0000003A
:105B40000C3332001CB2300090B6300048B4300044
:105B5000C811800000000000E6FC0800FF03000000
:105B6000FA00000000000000300000007850000043
:105B700097FF1800000000002C010000B80B000087
:105B80000000000000000000000000000000000015
:105B90000000000000000000040406070B0F0404CE
:105BA0000A0E0A0E090D080C080D070C060B060B51
:105BB000060B060C050A050B050B050B0409040A68
:105BC0000B100A10090E090E080E070D070D070D20
:105BD000060C060D060D050B050C050C050C050C39
:105BE0000C120B110B110A1009100910080F080FE5
:105BF000070D070D060C060D060D060D060D050C0E
:105C00000D120D120D120D120D120D120C110C11A0
:105C10000B110A110A110A11090F080E080E070DBF
:105C2000090C090C080C080B070C070B060B060CDB
:105C3000060A050B050B050B050A040A040A040BEA
:105C4000070A070A070B060A060A0509050A050AD4
:105C5000050A040904090409040A040A040A040AD6
:105C6000080B080B080B070B070B060A060A050BA7
:105C7000050A050A050A0409040904090409040AB5
:105C8000111211120E100C0E0B0D0A0C090C080B40
:105C9000080B070A070A06090609060A060A050983
:105CA00004080408040804080408040A040A040B8D
:105CB000040B040E040E0411041104160416041639
:105CC00004090409040904090409040B040B040D64
:105CD000040D041104110416041604160416041607
:105CE00080C4300048C7300014C63000F81180006E
:105CF000000000000000D00738D73000000000008E
:105D00007CD7300048128000000000001C313200B7
:105D100028000000CC303200C030320010080000F3
:105D200088F2300010F3300094F2300000000000E0
:105D300000000000F8F7300080F83000FCF7300079
:105D40005012800000000000000000000000000071
:105D50000000000000000000000000000000000043
:105D60000000000000000000000000000000000033
:105D70000000000000000000000000000000000023
:105D80000000000000000000000000000000000013
:105D9000000000006800310020023100480131009D
:105DA00000000000000000001000000000366E013E
:105DB000000000000000000000000000A0128000B1
:105DC00000000000C3A200009001C8000000000015
:105DD000F4FD80002C000000000000000000000026
:105DE00054AC3000ECAC30008CCC300090CC3000A7
:105DF000E0CC3000E4CC30005CD1300060D1300029
:105E000028D330001016800044E3FFFF000000009C
:045E1000000000008E
:00000001FF
